ISO-10303-21;
HEADER;
/* Generated by software containing ST-Developer
 * from STEP Tools, Inc. (www.steptools.com) 
 */

FILE_DESCRIPTION(
/* description */ (''),
/* implementation_level */ '2;1');

FILE_NAME(
/* name */ 'Block_1.step',
/* time_stamp */ '2026-08-04T14:51:29+02:00',
/* author */ (''),
/* organization */ (''),
/* preprocessor_version */ 'ST-DEVELOPER v20.1',
/* originating_system */ 'Autodesk Translation Framework v15.8.0.0',
/* authorisation */ '');

FILE_SCHEMA (('AUTOMOTIVE_DESIGN { 1 0 10303 214 3 1 1 }'));
ENDSEC;

DATA;
#10=MECHANICAL_DESIGN_GEOMETRIC_PRESENTATION_REPRESENTATION('',(#13),#2039);
#11=SHAPE_REPRESENTATION_RELATIONSHIP('SRR','None',#2046,#12);
#12=ADVANCED_BREP_SHAPE_REPRESENTATION('',(#14),#2038);
#13=STYLED_ITEM('',(#2057),#14);
#14=MANIFOLD_SOLID_BREP('Body4',#997);
#15=B_SPLINE_SURFACE_WITH_KNOTS('',3,3,((#1629,#1630,#1631,#1632),(#1633,
#1634,#1635,#1636),(#1637,#1638,#1639,#1640),(#1641,#1642,#1643,#1644),
(#1645,#1646,#1647,#1648)),.UNSPECIFIED.,.F.,.F.,.F.,(4,1,4),(4,4),(0.,
0.5,1.),(0.,0.13404979064532),.UNSPECIFIED.);
#16=B_SPLINE_SURFACE_WITH_KNOTS('',3,3,((#1655,#1656,#1657,#1658),(#1659,
#1660,#1661,#1662),(#1663,#1664,#1665,#1666),(#1667,#1668,#1669,#1670),
(#1671,#1672,#1673,#1674)),.UNSPECIFIED.,.F.,.F.,.F.,(4,1,4),(4,4),(0.,
0.5,1.),(0.135772354302143,0.397853039698589),.UNSPECIFIED.);
#17=B_SPLINE_SURFACE_WITH_KNOTS('',3,3,((#1727,#1728,#1729,#1730),(#1731,
#1732,#1733,#1734),(#1735,#1736,#1737,#1738),(#1739,#1740,#1741,#1742),
(#1743,#1744,#1745,#1746),(#1747,#1748,#1749,#1750)),.UNSPECIFIED.,.F.,
 .F.,.F.,(4,1,1,4),(4,4),(0.,0.285714285714286,0.571428571428571,1.),(0.,
0.134054219910447),.UNSPECIFIED.);
#18=B_SPLINE_SURFACE_WITH_KNOTS('',3,3,((#1757,#1758,#1759,#1760),(#1761,
#1762,#1763,#1764),(#1765,#1766,#1767,#1768),(#1769,#1770,#1771,#1772),
(#1773,#1774,#1775,#1776),(#1777,#1778,#1779,#1780)),.UNSPECIFIED.,.F.,
 .F.,.F.,(4,1,1,4),(4,4),(0.,0.285714285714286,0.571428571428571,1.),(0.,
0.26231501160134),.UNSPECIFIED.);
#19=B_SPLINE_SURFACE_WITH_KNOTS('',3,3,((#1844,#1845,#1846,#1847),(#1848,
#1849,#1850,#1851),(#1852,#1853,#1854,#1855),(#1856,#1857,#1858,#1859),
(#1860,#1861,#1862,#1863)),.UNSPECIFIED.,.F.,.F.,.F.,(4,1,4),(4,4),(0.,
0.5,1.),(6.2964570740945E-32,0.134049790645328),.UNSPECIFIED.);
#20=B_SPLINE_SURFACE_WITH_KNOTS('',3,3,((#1870,#1871,#1872,#1873),(#1874,
#1875,#1876,#1877),(#1878,#1879,#1880,#1881),(#1882,#1883,#1884,#1885),
(#1886,#1887,#1888,#1889)),.UNSPECIFIED.,.F.,.F.,.F.,(4,1,4),(4,4),(0.,
0.5,1.),(0.135772354302109,0.397853039698574),.UNSPECIFIED.);
#21=B_SPLINE_SURFACE_WITH_KNOTS('',3,3,((#1942,#1943,#1944,#1945),(#1946,
#1947,#1948,#1949),(#1950,#1951,#1952,#1953),(#1954,#1955,#1956,#1957),
(#1958,#1959,#1960,#1961),(#1962,#1963,#1964,#1965)),.UNSPECIFIED.,.F.,
 .F.,.F.,(4,1,1,4),(4,4),(0.,0.285714285714286,0.571428571428571,1.),(0.,
0.134054219910433),.UNSPECIFIED.);
#22=B_SPLINE_SURFACE_WITH_KNOTS('',3,3,((#1972,#1973,#1974,#1975),(#1976,
#1977,#1978,#1979),(#1980,#1981,#1982,#1983),(#1984,#1985,#1986,#1987),
(#1988,#1989,#1990,#1991),(#1992,#1993,#1994,#1995)),.UNSPECIFIED.,.F.,
 .F.,.F.,(4,1,1,4),(4,4),(0.,0.285714285714286,0.571428571428571,1.),(0.,
0.26231501160133),.UNSPECIFIED.);
#23=ELLIPSE('',#1071,0.565685424949238,0.4);
#24=ELLIPSE('',#1095,0.565685424949238,0.4);
#25=TOROIDAL_SURFACE('',#1037,1.4,0.4);
#26=TOROIDAL_SURFACE('',#1042,1.4,0.4);
#27=TOROIDAL_SURFACE('',#1051,1.4,0.4);
#28=TOROIDAL_SURFACE('',#1056,1.4,0.4);
#29=TOROIDAL_SURFACE('',#1067,1.4,0.4);
#30=TOROIDAL_SURFACE('',#1075,1.4,0.4);
#31=TOROIDAL_SURFACE('',#1085,12.05,10.);
#32=TOROIDAL_SURFACE('',#1091,1.4,0.4);
#33=TOROIDAL_SURFACE('',#1099,1.4,0.4);
#34=TOROIDAL_SURFACE('',#1109,12.05,10.);
#35=FACE_BOUND('',#232,.T.);
#36=FACE_BOUND('',#233,.T.);
#37=FACE_BOUND('',#240,.T.);
#38=FACE_BOUND('',#241,.T.);
#39=B_SPLINE_CURVE_WITH_KNOTS('',3,(#1472,#1473,#1474,#1475),
 .UNSPECIFIED.,.F.,.F.,(4,4),(-0.397853039698589,-0.135772354302143),
 .UNSPECIFIED.);
#40=B_SPLINE_CURVE_WITH_KNOTS('',3,(#1477,#1478,#1479,#1480),
 .UNSPECIFIED.,.F.,.F.,(4,4),(0.,0.13404979064532),.UNSPECIFIED.);
#41=B_SPLINE_CURVE_WITH_KNOTS('',3,(#1501,#1502,#1503,#1504),
 .UNSPECIFIED.,.F.,.F.,(4,4),(-0.397853039698574,-0.135772354302109),
 .UNSPECIFIED.);
#42=B_SPLINE_CURVE_WITH_KNOTS('',3,(#1506,#1507,#1508,#1509),
 .UNSPECIFIED.,.F.,.F.,(4,4),(6.2964570740945E-32,0.134049790645328),
 .UNSPECIFIED.);
#43=B_SPLINE_CURVE_WITH_KNOTS('',3,(#1543,#1544,#1545,#1546),
 .UNSPECIFIED.,.F.,.F.,(4,4),(0.,0.134054219910447),.UNSPECIFIED.);
#44=B_SPLINE_CURVE_WITH_KNOTS('',3,(#1548,#1549,#1550,#1551),
 .UNSPECIFIED.,.F.,.F.,(4,4),(-0.26231501160134,0.),.UNSPECIFIED.);
#45=B_SPLINE_CURVE_WITH_KNOTS('',3,(#1573,#1574,#1575,#1576),
 .UNSPECIFIED.,.F.,.F.,(4,4),(0.,0.134054219910433),.UNSPECIFIED.);
#46=B_SPLINE_CURVE_WITH_KNOTS('',3,(#1578,#1579,#1580,#1581),
 .UNSPECIFIED.,.F.,.F.,(4,4),(-0.26231501160133,0.),.UNSPECIFIED.);
#47=B_SPLINE_CURVE_WITH_KNOTS('',3,(#1591,#1592,#1593,#1594,#1595,#1596,
#1597,#1598,#1599,#1600,#1601,#1602,#1603,#1604,#1605,#1606),
 .UNSPECIFIED.,.F.,.F.,(4,2,2,2,2,2,2,4),(-0.000414655254050077,0.,0.0176184163180746,
0.0345753413615151,0.0531615253899892,0.0673660160254892,0.0791795775859113,
0.0805621100308589),.UNSPECIFIED.);
#48=B_SPLINE_CURVE_WITH_KNOTS('',3,(#1612,#1613,#1614,#1615),
 .UNSPECIFIED.,.F.,.F.,(4,4),(-0.0631687226807129,-0.0626971511560198),
 .UNSPECIFIED.);
#49=B_SPLINE_CURVE_WITH_KNOTS('',3,(#1621,#1622,#1623,#1624),
 .UNSPECIFIED.,.F.,.F.,(4,4),(-0.0670622338692978,-0.0613796285642943),
 .UNSPECIFIED.);
#50=B_SPLINE_CURVE_WITH_KNOTS('',3,(#1651,#1652,#1653,#1654),
 .UNSPECIFIED.,.F.,.F.,(4,4),(-0.13404979064532,0.),.UNSPECIFIED.);
#51=B_SPLINE_CURVE_WITH_KNOTS('',3,(#1676,#1677,#1678,#1679),
 .UNSPECIFIED.,.F.,.F.,(4,4),(0.181793788052832,0.397853039698589),
 .UNSPECIFIED.);
#52=B_SPLINE_CURVE_WITH_KNOTS('',3,(#1681,#1682,#1683,#1684,#1685,#1686,
#1687,#1688,#1689,#1690,#1691,#1692),.UNSPECIFIED.,.F.,.F.,(4,2,2,2,2,4),
(-0.0693329653127805,-0.0689861632453008,-0.0440937160857112,-0.0248749220701034,
-0.0109075369581002,0.),.UNSPECIFIED.);
#53=B_SPLINE_CURVE_WITH_KNOTS('',3,(#1693,#1694,#1695,#1696),
 .UNSPECIFIED.,.F.,.F.,(4,4),(0.181492769847577,0.181793789603422),
 .UNSPECIFIED.);
#54=B_SPLINE_CURVE_WITH_KNOTS('',3,(#1702,#1703,#1704,#1705,#1706,#1707,
#1708,#1709,#1710,#1711,#1712,#1713,#1714,#1715,#1716,#1717),
 .UNSPECIFIED.,.F.,.F.,(4,2,2,2,2,2,2,4),(-0.000465074698322708,0.,0.0230261752078623,
0.0445518939641254,0.0633841146202913,0.0781087625550897,0.0902708523346768,
0.0913132365032296),.UNSPECIFIED.);
#55=B_SPLINE_CURVE_WITH_KNOTS('',3,(#1721,#1722,#1723,#1724,#1725,#1726),
 .UNSPECIFIED.,.F.,.F.,(4,2,4),(-0.0606290700533014,-0.0598381055614253,
-0.0557649727367834),.UNSPECIFIED.);
#56=B_SPLINE_CURVE_WITH_KNOTS('',3,(#1752,#1753,#1754,#1755),
 .UNSPECIFIED.,.F.,.F.,(4,4),(-0.134054219910447,0.),.UNSPECIFIED.);
#57=B_SPLINE_CURVE_WITH_KNOTS('',3,(#1782,#1783,#1784,#1785),
 .UNSPECIFIED.,.F.,.F.,(4,4),(0.,0.216218188921684),.UNSPECIFIED.);
#58=B_SPLINE_CURVE_WITH_KNOTS('',3,(#1786,#1787,#1788,#1789,#1790,#1791),
 .UNSPECIFIED.,.F.,.F.,(4,2,4),(-0.0788949611987309,-0.0709425977979865,
-0.0692790882277065),.UNSPECIFIED.);
#59=B_SPLINE_CURVE_WITH_KNOTS('',3,(#1806,#1807,#1808,#1809,#1810,#1811,
#1812,#1813,#1814,#1815,#1816,#1817,#1818,#1819,#1820,#1821),
 .UNSPECIFIED.,.F.,.F.,(4,2,2,2,2,2,2,4),(-0.000414655254298272,0.,0.01761841631485,
0.0345753413547788,0.0531615253851236,0.0673660160218525,0.079179577582768,
0.0805621100318595),.UNSPECIFIED.);
#60=B_SPLINE_CURVE_WITH_KNOTS('',3,(#1827,#1828,#1829,#1830),
 .UNSPECIFIED.,.F.,.F.,(4,4),(-0.0631687226806715,-0.0626971511559777),
 .UNSPECIFIED.);
#61=B_SPLINE_CURVE_WITH_KNOTS('',3,(#1836,#1837,#1838,#1839),
 .UNSPECIFIED.,.F.,.F.,(4,4),(-0.188889036266718,-0.183206430961716),
 .UNSPECIFIED.);
#62=B_SPLINE_CURVE_WITH_KNOTS('',3,(#1866,#1867,#1868,#1869),
 .UNSPECIFIED.,.F.,.F.,(4,4),(-0.134049790645328,-6.2964570740945E-32),
 .UNSPECIFIED.);
#63=B_SPLINE_CURVE_WITH_KNOTS('',3,(#1891,#1892,#1893,#1894),
 .UNSPECIFIED.,.F.,.F.,(4,4),(0.18179378805281,0.397853039698574),
 .UNSPECIFIED.);
#64=B_SPLINE_CURVE_WITH_KNOTS('',3,(#1896,#1897,#1898,#1899,#1900,#1901,
#1902,#1903,#1904,#1905,#1906,#1907),.UNSPECIFIED.,.F.,.F.,(4,2,2,2,2,4),
(-0.0693329653138007,-0.0689861632478775,-0.0440937160863039,-0.0248749220699987,
-0.0109075369580758,0.),.UNSPECIFIED.);
#65=B_SPLINE_CURVE_WITH_KNOTS('',3,(#1908,#1909,#1910,#1911),
 .UNSPECIFIED.,.F.,.F.,(4,4),(0.181492769847548,0.181793789603386),
 .UNSPECIFIED.);
#66=B_SPLINE_CURVE_WITH_KNOTS('',3,(#1917,#1918,#1919,#1920,#1921,#1922,
#1923,#1924,#1925,#1926,#1927,#1928,#1929,#1930,#1931,#1932),
 .UNSPECIFIED.,.F.,.F.,(4,2,2,2,2,2,2,4),(-0.000465074698642356,0.,0.0230261752103218,
0.0445518939685143,0.0633841146259591,0.0781087625616051,0.0902708523417501,
0.0913132365103419),.UNSPECIFIED.);
#67=B_SPLINE_CURVE_WITH_KNOTS('',3,(#1936,#1937,#1938,#1939,#1940,#1941),
 .UNSPECIFIED.,.F.,.F.,(4,2,4),(-0.0606290700533057,-0.0598381055614332,
-0.0557649727367814),.UNSPECIFIED.);
#68=B_SPLINE_CURVE_WITH_KNOTS('',3,(#1967,#1968,#1969,#1970),
 .UNSPECIFIED.,.F.,.F.,(4,4),(-0.134054219910433,0.),.UNSPECIFIED.);
#69=B_SPLINE_CURVE_WITH_KNOTS('',3,(#1997,#1998,#1999,#2000),
 .UNSPECIFIED.,.F.,.F.,(4,4),(0.,0.216218188921677),.UNSPECIFIED.);
#70=B_SPLINE_CURVE_WITH_KNOTS('',3,(#2001,#2002,#2003,#2004,#2005,#2006),
 .UNSPECIFIED.,.F.,.F.,(4,2,4),(-0.0788949611985891,-0.0709425977978752,
-0.0692790882275961),.UNSPECIFIED.);
#71=CYLINDRICAL_SURFACE('',#1023,0.4);
#72=CYLINDRICAL_SURFACE('',#1028,0.4);
#73=CYLINDRICAL_SURFACE('',#1034,0.4);
#74=CYLINDRICAL_SURFACE('',#1040,0.4);
#75=CYLINDRICAL_SURFACE('',#1047,1.8);
#76=CYLINDRICAL_SURFACE('',#1054,0.4);
#77=CYLINDRICAL_SURFACE('',#1060,1.8);
#78=CYLINDRICAL_SURFACE('',#1063,0.4);
#79=CYLINDRICAL_SURFACE('',#1065,0.4);
#80=CYLINDRICAL_SURFACE('',#1070,0.4);
#81=CYLINDRICAL_SURFACE('',#1072,0.4);
#82=CYLINDRICAL_SURFACE('',#1078,0.4);
#83=CYLINDRICAL_SURFACE('',#1087,2.05);
#84=CYLINDRICAL_SURFACE('',#1089,0.4);
#85=CYLINDRICAL_SURFACE('',#1094,0.4);
#86=CYLINDRICAL_SURFACE('',#1096,0.4);
#87=CYLINDRICAL_SURFACE('',#1102,0.4);
#88=CYLINDRICAL_SURFACE('',#1111,2.05);
#89=CYLINDRICAL_SURFACE('',#1115,2.15);
#90=CYLINDRICAL_SURFACE('',#1120,2.15);
#91=CIRCLE('',#1016,0.399999999999989);
#92=CIRCLE('',#1018,0.399999999999989);
#93=CIRCLE('',#1020,0.400000000000002);
#94=CIRCLE('',#1022,0.400000000000002);
#95=CIRCLE('',#1024,0.399999999999991);
#96=CIRCLE('',#1026,1.4);
#97=CIRCLE('',#1027,1.4);
#98=CIRCLE('',#1029,0.399999999999991);
#99=CIRCLE('',#1032,2.54999999999999);
#100=CIRCLE('',#1033,2.54999999999999);
#101=CIRCLE('',#1035,0.399999999999991);
#102=CIRCLE('',#1038,0.399999999999991);
#103=CIRCLE('',#1039,1.8);
#104=CIRCLE('',#1041,0.4);
#105=CIRCLE('',#1043,1.8);
#106=CIRCLE('',#1045,3.7);
#107=CIRCLE('',#1046,3.7);
#108=CIRCLE('',#1048,1.8);
#109=CIRCLE('',#1049,1.8);
#110=CIRCLE('',#1050,1.8);
#111=CIRCLE('',#1052,0.399999999999991);
#112=CIRCLE('',#1053,1.4);
#113=CIRCLE('',#1055,0.399999999999991);
#114=CIRCLE('',#1057,0.399999999999991);
#115=CIRCLE('',#1058,1.8);
#116=CIRCLE('',#1059,1.4);
#117=CIRCLE('',#1061,1.8);
#118=CIRCLE('',#1062,1.8);
#119=CIRCLE('',#1066,0.399999999999994);
#120=CIRCLE('',#1068,0.399999999999991);
#121=CIRCLE('',#1069,1.4);
#122=CIRCLE('',#1073,0.399999999999991);
#123=CIRCLE('',#1074,0.399999999999991);
#124=CIRCLE('',#1076,1.4);
#125=CIRCLE('',#1077,0.399999999999991);
#126=CIRCLE('',#1079,0.400000000000011);
#127=CIRCLE('',#1081,2.14731931258431);
#128=CIRCLE('',#1082,2.44796551450374);
#129=CIRCLE('',#1084,2.05);
#130=CIRCLE('',#1086,2.05);
#131=CIRCLE('',#1090,0.4);
#132=CIRCLE('',#1092,0.399999999999991);
#133=CIRCLE('',#1093,1.4);
#134=CIRCLE('',#1097,0.399999999999991);
#135=CIRCLE('',#1098,0.399999999999991);
#136=CIRCLE('',#1100,1.4);
#137=CIRCLE('',#1101,0.399999999999991);
#138=CIRCLE('',#1103,0.399999999999996);
#139=CIRCLE('',#1105,2.1473193125843);
#140=CIRCLE('',#1106,2.44796551450374);
#141=CIRCLE('',#1108,2.05);
#142=CIRCLE('',#1110,2.05);
#143=CIRCLE('',#1114,2.15);
#144=CIRCLE('',#1116,2.15);
#145=CIRCLE('',#1119,2.15);
#146=CIRCLE('',#1121,2.15);
#147=CONICAL_SURFACE('',#1015,0.399999999999989,0.785398163397434);
#148=CONICAL_SURFACE('',#1017,0.399999999999989,0.785398163397434);
#149=CONICAL_SURFACE('',#1019,0.400000000000002,0.78539816339745);
#150=CONICAL_SURFACE('',#1021,0.400000000000002,0.78539816339745);
#151=CONICAL_SURFACE('',#1080,2.44405361374828,0.139626340159546);
#152=CONICAL_SURFACE('',#1104,2.44405361374828,0.139626340159546);
#153=CONICAL_SURFACE('',#1113,2.35,0.785398163397437);
#154=CONICAL_SURFACE('',#1117,3.5,0.785398163397448);
#155=CONICAL_SURFACE('',#1118,2.35,0.785398163397437);
#156=CONICAL_SURFACE('',#1122,3.5,0.785398163397448);
#157=FACE_OUTER_BOUND('',#219,.T.);
#158=FACE_OUTER_BOUND('',#220,.T.);
#159=FACE_OUTER_BOUND('',#221,.T.);
#160=FACE_OUTER_BOUND('',#222,.T.);
#161=FACE_OUTER_BOUND('',#223,.T.);
#162=FACE_OUTER_BOUND('',#224,.T.);
#163=FACE_OUTER_BOUND('',#225,.T.);
#164=FACE_OUTER_BOUND('',#226,.T.);
#165=FACE_OUTER_BOUND('',#227,.T.);
#166=FACE_OUTER_BOUND('',#228,.T.);
#167=FACE_OUTER_BOUND('',#229,.T.);
#168=FACE_OUTER_BOUND('',#230,.T.);
#169=FACE_OUTER_BOUND('',#231,.T.);
#170=FACE_OUTER_BOUND('',#234,.T.);
#171=FACE_OUTER_BOUND('',#235,.T.);
#172=FACE_OUTER_BOUND('',#236,.T.);
#173=FACE_OUTER_BOUND('',#237,.T.);
#174=FACE_OUTER_BOUND('',#238,.T.);
#175=FACE_OUTER_BOUND('',#239,.T.);
#176=FACE_OUTER_BOUND('',#242,.T.);
#177=FACE_OUTER_BOUND('',#243,.T.);
#178=FACE_OUTER_BOUND('',#244,.T.);
#179=FACE_OUTER_BOUND('',#245,.T.);
#180=FACE_OUTER_BOUND('',#246,.T.);
#181=FACE_OUTER_BOUND('',#247,.T.);
#182=FACE_OUTER_BOUND('',#248,.T.);
#183=FACE_OUTER_BOUND('',#249,.T.);
#184=FACE_OUTER_BOUND('',#250,.T.);
#185=FACE_OUTER_BOUND('',#251,.T.);
#186=FACE_OUTER_BOUND('',#252,.T.);
#187=FACE_OUTER_BOUND('',#253,.T.);
#188=FACE_OUTER_BOUND('',#254,.T.);
#189=FACE_OUTER_BOUND('',#255,.T.);
#190=FACE_OUTER_BOUND('',#256,.T.);
#191=FACE_OUTER_BOUND('',#257,.T.);
#192=FACE_OUTER_BOUND('',#258,.T.);
#193=FACE_OUTER_BOUND('',#259,.T.);
#194=FACE_OUTER_BOUND('',#260,.T.);
#195=FACE_OUTER_BOUND('',#261,.T.);
#196=FACE_OUTER_BOUND('',#262,.T.);
#197=FACE_OUTER_BOUND('',#263,.T.);
#198=FACE_OUTER_BOUND('',#264,.T.);
#199=FACE_OUTER_BOUND('',#265,.T.);
#200=FACE_OUTER_BOUND('',#266,.T.);
#201=FACE_OUTER_BOUND('',#267,.T.);
#202=FACE_OUTER_BOUND('',#268,.T.);
#203=FACE_OUTER_BOUND('',#269,.T.);
#204=FACE_OUTER_BOUND('',#270,.T.);
#205=FACE_OUTER_BOUND('',#271,.T.);
#206=FACE_OUTER_BOUND('',#272,.T.);
#207=FACE_OUTER_BOUND('',#273,.T.);
#208=FACE_OUTER_BOUND('',#274,.T.);
#209=FACE_OUTER_BOUND('',#275,.T.);
#210=FACE_OUTER_BOUND('',#276,.T.);
#211=FACE_OUTER_BOUND('',#277,.T.);
#212=FACE_OUTER_BOUND('',#278,.T.);
#213=FACE_OUTER_BOUND('',#279,.T.);
#214=FACE_OUTER_BOUND('',#280,.T.);
#215=FACE_OUTER_BOUND('',#281,.T.);
#216=FACE_OUTER_BOUND('',#282,.T.);
#217=FACE_OUTER_BOUND('',#283,.T.);
#218=FACE_OUTER_BOUND('',#284,.T.);
#219=EDGE_LOOP('',(#629,#630,#631,#632));
#220=EDGE_LOOP('',(#633,#634,#635,#636));
#221=EDGE_LOOP('',(#637,#638,#639,#640));
#222=EDGE_LOOP('',(#641,#642,#643,#644));
#223=EDGE_LOOP('',(#645,#646,#647));
#224=EDGE_LOOP('',(#648,#649,#650));
#225=EDGE_LOOP('',(#651,#652,#653));
#226=EDGE_LOOP('',(#654,#655,#656));
#227=EDGE_LOOP('',(#657,#658,#659,#660));
#228=EDGE_LOOP('',(#661,#662,#663,#664,#665,#666));
#229=EDGE_LOOP('',(#667,#668,#669,#670));
#230=EDGE_LOOP('',(#671,#672,#673,#674,#675,#676,#677,#678,#679,#680));
#231=EDGE_LOOP('',(#681,#682,#683,#684));
#232=EDGE_LOOP('',(#685));
#233=EDGE_LOOP('',(#686));
#234=EDGE_LOOP('',(#687,#688,#689,#690));
#235=EDGE_LOOP('',(#691,#692,#693,#694,#695,#696,#697,#698,#699,#700));
#236=EDGE_LOOP('',(#701,#702,#703,#704));
#237=EDGE_LOOP('',(#705,#706,#707,#708));
#238=EDGE_LOOP('',(#709,#710,#711,#712));
#239=EDGE_LOOP('',(#713,#714,#715,#716));
#240=EDGE_LOOP('',(#717));
#241=EDGE_LOOP('',(#718));
#242=EDGE_LOOP('',(#719,#720,#721,#722,#723,#724,#725,#726,#727,#728));
#243=EDGE_LOOP('',(#729,#730,#731,#732));
#244=EDGE_LOOP('',(#733,#734,#735,#736));
#245=EDGE_LOOP('',(#737,#738,#739,#740));
#246=EDGE_LOOP('',(#741,#742,#743,#744,#745,#746,#747,#748,#749,#750));
#247=EDGE_LOOP('',(#751,#752,#753,#754));
#248=EDGE_LOOP('',(#755,#756,#757,#758,#759,#760));
#249=EDGE_LOOP('',(#761,#762,#763,#764));
#250=EDGE_LOOP('',(#765,#766,#767,#768,#769));
#251=EDGE_LOOP('',(#770,#771,#772,#773,#774));
#252=EDGE_LOOP('',(#775,#776,#777,#778));
#253=EDGE_LOOP('',(#779,#780,#781,#782));
#254=EDGE_LOOP('',(#783,#784,#785,#786,#787));
#255=EDGE_LOOP('',(#788,#789,#790,#791));
#256=EDGE_LOOP('',(#792,#793,#794,#795,#796));
#257=EDGE_LOOP('',(#797,#798,#799,#800));
#258=EDGE_LOOP('',(#801,#802,#803,#804,#805));
#259=EDGE_LOOP('',(#806,#807,#808,#809,#810,#811));
#260=EDGE_LOOP('',(#812,#813,#814));
#261=EDGE_LOOP('',(#815,#816,#817,#818));
#262=EDGE_LOOP('',(#819,#820,#821,#822,#823,#824));
#263=EDGE_LOOP('',(#825,#826,#827,#828));
#264=EDGE_LOOP('',(#829,#830,#831,#832));
#265=EDGE_LOOP('',(#833,#834,#835,#836,#837));
#266=EDGE_LOOP('',(#838,#839,#840,#841,#842));
#267=EDGE_LOOP('',(#843,#844,#845,#846));
#268=EDGE_LOOP('',(#847,#848,#849,#850));
#269=EDGE_LOOP('',(#851,#852,#853,#854,#855));
#270=EDGE_LOOP('',(#856,#857,#858,#859));
#271=EDGE_LOOP('',(#860,#861,#862,#863,#864));
#272=EDGE_LOOP('',(#865,#866,#867,#868));
#273=EDGE_LOOP('',(#869,#870,#871,#872,#873));
#274=EDGE_LOOP('',(#874,#875,#876,#877,#878,#879));
#275=EDGE_LOOP('',(#880,#881,#882));
#276=EDGE_LOOP('',(#883,#884,#885,#886));
#277=EDGE_LOOP('',(#887,#888,#889,#890,#891,#892));
#278=EDGE_LOOP('',(#893,#894,#895,#896));
#279=EDGE_LOOP('',(#897,#898,#899,#900));
#280=EDGE_LOOP('',(#901,#902,#903,#904));
#281=EDGE_LOOP('',(#905,#906,#907,#908));
#282=EDGE_LOOP('',(#909,#910,#911,#912));
#283=EDGE_LOOP('',(#913,#914,#915,#916));
#284=EDGE_LOOP('',(#917,#918,#919,#920));
#285=LINE('',#1409,#341);
#286=LINE('',#1411,#342);
#287=LINE('',#1413,#343);
#288=LINE('',#1414,#344);
#289=LINE('',#1417,#345);
#290=LINE('',#1419,#346);
#291=LINE('',#1421,#347);
#292=LINE('',#1422,#348);
#293=LINE('',#1425,#349);
#294=LINE('',#1427,#350);
#295=LINE('',#1429,#351);
#296=LINE('',#1430,#352);
#297=LINE('',#1433,#353);
#298=LINE('',#1434,#354);
#299=LINE('',#1436,#355);
#300=LINE('',#1437,#356);
#301=LINE('',#1448,#357);
#302=LINE('',#1451,#358);
#303=LINE('',#1454,#359);
#304=LINE('',#1458,#360);
#305=LINE('',#1462,#361);
#306=LINE('',#1466,#362);
#307=LINE('',#1468,#363);
#308=LINE('',#1470,#364);
#309=LINE('',#1482,#365);
#310=LINE('',#1484,#366);
#311=LINE('',#1485,#367);
#312=LINE('',#1493,#368);
#313=LINE('',#1497,#369);
#314=LINE('',#1499,#370);
#315=LINE('',#1511,#371);
#316=LINE('',#1513,#372);
#317=LINE('',#1515,#373);
#318=LINE('',#1516,#374);
#319=LINE('',#1524,#375);
#320=LINE('',#1529,#376);
#321=LINE('',#1531,#377);
#322=LINE('',#1532,#378);
#323=LINE('',#1541,#379);
#324=LINE('',#1561,#380);
#325=LINE('',#1571,#381);
#326=LINE('',#1584,#382);
#327=LINE('',#1589,#383);
#328=LINE('',#1618,#384);
#329=LINE('',#1628,#385);
#330=LINE('',#1720,#386);
#331=LINE('',#1804,#387);
#332=LINE('',#1833,#388);
#333=LINE('',#1843,#389);
#334=LINE('',#1935,#390);
#335=LINE('',#2019,#391);
#336=LINE('',#2022,#392);
#337=LINE('',#2025,#393);
#338=LINE('',#2029,#394);
#339=LINE('',#2032,#395);
#340=LINE('',#2035,#396);
#341=VECTOR('',#1127,10.);
#342=VECTOR('',#1128,10.);
#343=VECTOR('',#1129,10.);
#344=VECTOR('',#1130,10.);
#345=VECTOR('',#1133,10.);
#346=VECTOR('',#1134,10.);
#347=VECTOR('',#1135,10.);
#348=VECTOR('',#1136,10.);
#349=VECTOR('',#1139,10.);
#350=VECTOR('',#1140,10.);
#351=VECTOR('',#1141,10.);
#352=VECTOR('',#1142,10.);
#353=VECTOR('',#1145,10.);
#354=VECTOR('',#1146,10.);
#355=VECTOR('',#1147,10.);
#356=VECTOR('',#1148,10.);
#357=VECTOR('',#1167,10.);
#358=VECTOR('',#1170,10.);
#359=VECTOR('',#1173,10.);
#360=VECTOR('',#1176,10.);
#361=VECTOR('',#1181,10.);
#362=VECTOR('',#1186,10.);
#363=VECTOR('',#1187,10.);
#364=VECTOR('',#1188,10.);
#365=VECTOR('',#1189,10.);
#366=VECTOR('',#1190,10.);
#367=VECTOR('',#1191,10.);
#368=VECTOR('',#1200,10.);
#369=VECTOR('',#1205,10.);
#370=VECTOR('',#1206,10.);
#371=VECTOR('',#1207,10.);
#372=VECTOR('',#1208,10.);
#373=VECTOR('',#1209,10.);
#374=VECTOR('',#1210,10.);
#375=VECTOR('',#1221,10.);
#376=VECTOR('',#1228,10.);
#377=VECTOR('',#1229,10.);
#378=VECTOR('',#1230,10.);
#379=VECTOR('',#1239,10.);
#380=VECTOR('',#1254,10.);
#381=VECTOR('',#1267,10.);
#382=VECTOR('',#1272,10.);
#383=VECTOR('',#1277,10.);
#384=VECTOR('',#1288,10.);
#385=VECTOR('',#1295,10.);
#386=VECTOR('',#1306,10.);
#387=VECTOR('',#1329,10.);
#388=VECTOR('',#1340,10.);
#389=VECTOR('',#1347,10.);
#390=VECTOR('',#1358,10.);
#391=VECTOR('',#1383,2.35);
#392=VECTOR('',#1386,3.3);
#393=VECTOR('',#1391,3.5);
#394=VECTOR('',#1396,2.35);
#395=VECTOR('',#1399,3.3);
#396=VECTOR('',#1404,3.5);
#397=VERTEX_POINT('',#1407);
#398=VERTEX_POINT('',#1408);
#399=VERTEX_POINT('',#1410);
#400=VERTEX_POINT('',#1412);
#401=VERTEX_POINT('',#1416);
#402=VERTEX_POINT('',#1418);
#403=VERTEX_POINT('',#1420);
#404=VERTEX_POINT('',#1424);
#405=VERTEX_POINT('',#1426);
#406=VERTEX_POINT('',#1428);
#407=VERTEX_POINT('',#1432);
#408=VERTEX_POINT('',#1435);
#409=VERTEX_POINT('',#1447);
#410=VERTEX_POINT('',#1449);
#411=VERTEX_POINT('',#1453);
#412=VERTEX_POINT('',#1455);
#413=VERTEX_POINT('',#1457);
#414=VERTEX_POINT('',#1461);
#415=VERTEX_POINT('',#1465);
#416=VERTEX_POINT('',#1467);
#417=VERTEX_POINT('',#1469);
#418=VERTEX_POINT('',#1471);
#419=VERTEX_POINT('',#1476);
#420=VERTEX_POINT('',#1481);
#421=VERTEX_POINT('',#1483);
#422=VERTEX_POINT('',#1487);
#423=VERTEX_POINT('',#1489);
#424=VERTEX_POINT('',#1492);
#425=VERTEX_POINT('',#1496);
#426=VERTEX_POINT('',#1498);
#427=VERTEX_POINT('',#1500);
#428=VERTEX_POINT('',#1505);
#429=VERTEX_POINT('',#1510);
#430=VERTEX_POINT('',#1512);
#431=VERTEX_POINT('',#1514);
#432=VERTEX_POINT('',#1518);
#433=VERTEX_POINT('',#1522);
#434=VERTEX_POINT('',#1528);
#435=VERTEX_POINT('',#1530);
#436=VERTEX_POINT('',#1533);
#437=VERTEX_POINT('',#1535);
#438=VERTEX_POINT('',#1538);
#439=VERTEX_POINT('',#1540);
#440=VERTEX_POINT('',#1542);
#441=VERTEX_POINT('',#1547);
#442=VERTEX_POINT('',#1555);
#443=VERTEX_POINT('',#1559);
#444=VERTEX_POINT('',#1563);
#445=VERTEX_POINT('',#1568);
#446=VERTEX_POINT('',#1570);
#447=VERTEX_POINT('',#1572);
#448=VERTEX_POINT('',#1577);
#449=VERTEX_POINT('',#1587);
#450=VERTEX_POINT('',#1588);
#451=VERTEX_POINT('',#1608);
#452=VERTEX_POINT('',#1610);
#453=VERTEX_POINT('',#1617);
#454=VERTEX_POINT('',#1619);
#455=VERTEX_POINT('',#1626);
#456=VERTEX_POINT('',#1649);
#457=VERTEX_POINT('',#1675);
#458=VERTEX_POINT('',#1680);
#459=VERTEX_POINT('',#1698);
#460=VERTEX_POINT('',#1699);
#461=VERTEX_POINT('',#1719);
#462=VERTEX_POINT('',#1751);
#463=VERTEX_POINT('',#1781);
#464=VERTEX_POINT('',#1802);
#465=VERTEX_POINT('',#1803);
#466=VERTEX_POINT('',#1823);
#467=VERTEX_POINT('',#1825);
#468=VERTEX_POINT('',#1832);
#469=VERTEX_POINT('',#1834);
#470=VERTEX_POINT('',#1841);
#471=VERTEX_POINT('',#1864);
#472=VERTEX_POINT('',#1890);
#473=VERTEX_POINT('',#1895);
#474=VERTEX_POINT('',#1913);
#475=VERTEX_POINT('',#1914);
#476=VERTEX_POINT('',#1934);
#477=VERTEX_POINT('',#1966);
#478=VERTEX_POINT('',#1996);
#479=VERTEX_POINT('',#2017);
#480=VERTEX_POINT('',#2021);
#481=VERTEX_POINT('',#2027);
#482=VERTEX_POINT('',#2031);
#483=EDGE_CURVE('',#397,#398,#285,.T.);
#484=EDGE_CURVE('',#398,#399,#286,.T.);
#485=EDGE_CURVE('',#399,#400,#287,.T.);
#486=EDGE_CURVE('',#400,#397,#288,.T.);
#487=EDGE_CURVE('',#401,#399,#289,.T.);
#488=EDGE_CURVE('',#399,#402,#290,.T.);
#489=EDGE_CURVE('',#402,#403,#291,.T.);
#490=EDGE_CURVE('',#403,#401,#292,.T.);
#491=EDGE_CURVE('',#404,#402,#293,.T.);
#492=EDGE_CURVE('',#402,#405,#294,.T.);
#493=EDGE_CURVE('',#405,#406,#295,.T.);
#494=EDGE_CURVE('',#406,#404,#296,.T.);
#495=EDGE_CURVE('',#407,#405,#297,.T.);
#496=EDGE_CURVE('',#405,#398,#298,.T.);
#497=EDGE_CURVE('',#398,#408,#299,.T.);
#498=EDGE_CURVE('',#408,#407,#300,.T.);
#499=EDGE_CURVE('',#407,#406,#91,.T.);
#500=EDGE_CURVE('',#404,#403,#92,.T.);
#501=EDGE_CURVE('',#401,#400,#93,.T.);
#502=EDGE_CURVE('',#397,#408,#94,.T.);
#503=EDGE_CURVE('',#404,#409,#301,.T.);
#504=EDGE_CURVE('',#410,#409,#95,.T.);
#505=EDGE_CURVE('',#410,#403,#302,.T.);
#506=EDGE_CURVE('',#411,#406,#303,.T.);
#507=EDGE_CURVE('',#412,#411,#96,.T.);
#508=EDGE_CURVE('',#413,#412,#304,.T.);
#509=EDGE_CURVE('',#409,#413,#97,.T.);
#510=EDGE_CURVE('',#407,#414,#305,.T.);
#511=EDGE_CURVE('',#414,#411,#98,.T.);
#512=EDGE_CURVE('',#415,#408,#306,.T.);
#513=EDGE_CURVE('',#416,#415,#307,.T.);
#514=EDGE_CURVE('',#417,#416,#308,.T.);
#515=EDGE_CURVE('',#418,#417,#39,.T.);
#516=EDGE_CURVE('',#419,#418,#40,.T.);
#517=EDGE_CURVE('',#420,#419,#309,.T.);
#518=EDGE_CURVE('',#421,#420,#310,.T.);
#519=EDGE_CURVE('',#414,#421,#311,.T.);
#520=EDGE_CURVE('',#422,#422,#99,.T.);
#521=EDGE_CURVE('',#423,#423,#100,.T.);
#522=EDGE_CURVE('',#397,#424,#312,.T.);
#523=EDGE_CURVE('',#424,#415,#101,.T.);
#524=EDGE_CURVE('',#425,#410,#313,.T.);
#525=EDGE_CURVE('',#426,#425,#314,.T.);
#526=EDGE_CURVE('',#427,#426,#41,.T.);
#527=EDGE_CURVE('',#428,#427,#42,.T.);
#528=EDGE_CURVE('',#429,#428,#315,.T.);
#529=EDGE_CURVE('',#430,#429,#316,.T.);
#530=EDGE_CURVE('',#431,#430,#317,.T.);
#531=EDGE_CURVE('',#401,#431,#318,.T.);
#532=EDGE_CURVE('',#432,#412,#102,.T.);
#533=EDGE_CURVE('',#414,#432,#103,.T.);
#534=EDGE_CURVE('',#433,#413,#104,.T.);
#535=EDGE_CURVE('',#432,#433,#319,.T.);
#536=EDGE_CURVE('',#433,#410,#105,.T.);
#537=EDGE_CURVE('',#434,#432,#320,.T.);
#538=EDGE_CURVE('',#435,#434,#321,.T.);
#539=EDGE_CURVE('',#433,#435,#322,.T.);
#540=EDGE_CURVE('',#436,#436,#106,.T.);
#541=EDGE_CURVE('',#437,#437,#107,.T.);
#542=EDGE_CURVE('',#438,#421,#108,.T.);
#543=EDGE_CURVE('',#439,#438,#323,.T.);
#544=EDGE_CURVE('',#440,#439,#43,.T.);
#545=EDGE_CURVE('',#441,#440,#44,.T.);
#546=EDGE_CURVE('',#416,#441,#109,.T.);
#547=EDGE_CURVE('',#434,#415,#110,.T.);
#548=EDGE_CURVE('',#442,#434,#111,.T.);
#549=EDGE_CURVE('',#424,#442,#112,.T.);
#550=EDGE_CURVE('',#443,#435,#113,.T.);
#551=EDGE_CURVE('',#442,#443,#324,.T.);
#552=EDGE_CURVE('',#444,#431,#114,.T.);
#553=EDGE_CURVE('',#431,#435,#115,.T.);
#554=EDGE_CURVE('',#443,#444,#116,.T.);
#555=EDGE_CURVE('',#445,#430,#117,.T.);
#556=EDGE_CURVE('',#446,#445,#325,.T.);
#557=EDGE_CURVE('',#447,#446,#45,.T.);
#558=EDGE_CURVE('',#448,#447,#46,.T.);
#559=EDGE_CURVE('',#425,#448,#118,.T.);
#560=EDGE_CURVE('',#444,#400,#326,.T.);
#561=EDGE_CURVE('',#449,#450,#327,.T.);
#562=EDGE_CURVE('',#450,#439,#119,.T.);
#563=EDGE_CURVE('',#438,#449,#47,.T.);
#564=EDGE_CURVE('',#421,#451,#120,.T.);
#565=EDGE_CURVE('',#451,#452,#121,.T.);
#566=EDGE_CURVE('',#452,#449,#48,.T.);
#567=EDGE_CURVE('',#453,#451,#328,.T.);
#568=EDGE_CURVE('',#420,#454,#23,.T.);
#569=EDGE_CURVE('',#454,#453,#49,.T.);
#570=EDGE_CURVE('',#419,#455,#122,.T.);
#571=EDGE_CURVE('',#455,#454,#329,.T.);
#572=EDGE_CURVE('',#418,#456,#123,.T.);
#573=EDGE_CURVE('',#456,#455,#50,.T.);
#574=EDGE_CURVE('',#457,#456,#51,.T.);
#575=EDGE_CURVE('',#417,#458,#52,.T.);
#576=EDGE_CURVE('',#458,#457,#53,.T.);
#577=EDGE_CURVE('',#459,#460,#124,.T.);
#578=EDGE_CURVE('',#460,#416,#125,.T.);
#579=EDGE_CURVE('',#441,#459,#54,.T.);
#580=EDGE_CURVE('',#460,#461,#330,.T.);
#581=EDGE_CURVE('',#461,#458,#55,.T.);
#582=EDGE_CURVE('',#450,#462,#56,.T.);
#583=EDGE_CURVE('',#462,#440,#126,.T.);
#584=EDGE_CURVE('',#462,#463,#57,.T.);
#585=EDGE_CURVE('',#463,#459,#58,.T.);
#586=EDGE_CURVE('',#456,#462,#127,.T.);
#587=EDGE_CURVE('',#463,#461,#128,.T.);
#588=EDGE_CURVE('',#452,#453,#129,.T.);
#589=EDGE_CURVE('',#450,#455,#130,.T.);
#590=EDGE_CURVE('',#464,#465,#331,.T.);
#591=EDGE_CURVE('',#465,#446,#131,.T.);
#592=EDGE_CURVE('',#445,#464,#59,.T.);
#593=EDGE_CURVE('',#430,#466,#132,.T.);
#594=EDGE_CURVE('',#466,#467,#133,.T.);
#595=EDGE_CURVE('',#467,#464,#60,.T.);
#596=EDGE_CURVE('',#468,#466,#332,.T.);
#597=EDGE_CURVE('',#429,#469,#24,.T.);
#598=EDGE_CURVE('',#469,#468,#61,.T.);
#599=EDGE_CURVE('',#428,#470,#134,.T.);
#600=EDGE_CURVE('',#470,#469,#333,.T.);
#601=EDGE_CURVE('',#427,#471,#135,.T.);
#602=EDGE_CURVE('',#471,#470,#62,.T.);
#603=EDGE_CURVE('',#472,#471,#63,.T.);
#604=EDGE_CURVE('',#426,#473,#64,.T.);
#605=EDGE_CURVE('',#473,#472,#65,.T.);
#606=EDGE_CURVE('',#474,#475,#136,.T.);
#607=EDGE_CURVE('',#475,#425,#137,.T.);
#608=EDGE_CURVE('',#448,#474,#66,.T.);
#609=EDGE_CURVE('',#475,#476,#334,.T.);
#610=EDGE_CURVE('',#476,#473,#67,.T.);
#611=EDGE_CURVE('',#465,#477,#68,.T.);
#612=EDGE_CURVE('',#477,#447,#138,.T.);
#613=EDGE_CURVE('',#477,#478,#69,.T.);
#614=EDGE_CURVE('',#478,#474,#70,.T.);
#615=EDGE_CURVE('',#471,#477,#139,.T.);
#616=EDGE_CURVE('',#478,#476,#140,.T.);
#617=EDGE_CURVE('',#467,#468,#141,.T.);
#618=EDGE_CURVE('',#465,#470,#142,.T.);
#619=EDGE_CURVE('',#479,#479,#143,.T.);
#620=EDGE_CURVE('',#479,#423,#335,.T.);
#621=EDGE_CURVE('',#479,#480,#336,.T.);
#622=EDGE_CURVE('',#480,#480,#144,.T.);
#623=EDGE_CURVE('',#436,#480,#337,.T.);
#624=EDGE_CURVE('',#481,#481,#145,.T.);
#625=EDGE_CURVE('',#481,#422,#338,.T.);
#626=EDGE_CURVE('',#481,#482,#339,.T.);
#627=EDGE_CURVE('',#482,#482,#146,.T.);
#628=EDGE_CURVE('',#437,#482,#340,.T.);
#629=ORIENTED_EDGE('',*,*,#483,.T.);
#630=ORIENTED_EDGE('',*,*,#484,.T.);
#631=ORIENTED_EDGE('',*,*,#485,.T.);
#632=ORIENTED_EDGE('',*,*,#486,.T.);
#633=ORIENTED_EDGE('',*,*,#487,.T.);
#634=ORIENTED_EDGE('',*,*,#488,.T.);
#635=ORIENTED_EDGE('',*,*,#489,.T.);
#636=ORIENTED_EDGE('',*,*,#490,.T.);
#637=ORIENTED_EDGE('',*,*,#491,.T.);
#638=ORIENTED_EDGE('',*,*,#492,.T.);
#639=ORIENTED_EDGE('',*,*,#493,.T.);
#640=ORIENTED_EDGE('',*,*,#494,.T.);
#641=ORIENTED_EDGE('',*,*,#495,.T.);
#642=ORIENTED_EDGE('',*,*,#496,.T.);
#643=ORIENTED_EDGE('',*,*,#497,.T.);
#644=ORIENTED_EDGE('',*,*,#498,.T.);
#645=ORIENTED_EDGE('',*,*,#495,.F.);
#646=ORIENTED_EDGE('',*,*,#499,.T.);
#647=ORIENTED_EDGE('',*,*,#493,.F.);
#648=ORIENTED_EDGE('',*,*,#491,.F.);
#649=ORIENTED_EDGE('',*,*,#500,.T.);
#650=ORIENTED_EDGE('',*,*,#489,.F.);
#651=ORIENTED_EDGE('',*,*,#487,.F.);
#652=ORIENTED_EDGE('',*,*,#501,.T.);
#653=ORIENTED_EDGE('',*,*,#485,.F.);
#654=ORIENTED_EDGE('',*,*,#483,.F.);
#655=ORIENTED_EDGE('',*,*,#502,.T.);
#656=ORIENTED_EDGE('',*,*,#497,.F.);
#657=ORIENTED_EDGE('',*,*,#500,.F.);
#658=ORIENTED_EDGE('',*,*,#503,.T.);
#659=ORIENTED_EDGE('',*,*,#504,.F.);
#660=ORIENTED_EDGE('',*,*,#505,.T.);
#661=ORIENTED_EDGE('',*,*,#494,.F.);
#662=ORIENTED_EDGE('',*,*,#506,.F.);
#663=ORIENTED_EDGE('',*,*,#507,.F.);
#664=ORIENTED_EDGE('',*,*,#508,.F.);
#665=ORIENTED_EDGE('',*,*,#509,.F.);
#666=ORIENTED_EDGE('',*,*,#503,.F.);
#667=ORIENTED_EDGE('',*,*,#499,.F.);
#668=ORIENTED_EDGE('',*,*,#510,.T.);
#669=ORIENTED_EDGE('',*,*,#511,.T.);
#670=ORIENTED_EDGE('',*,*,#506,.T.);
#671=ORIENTED_EDGE('',*,*,#498,.F.);
#672=ORIENTED_EDGE('',*,*,#512,.F.);
#673=ORIENTED_EDGE('',*,*,#513,.F.);
#674=ORIENTED_EDGE('',*,*,#514,.F.);
#675=ORIENTED_EDGE('',*,*,#515,.F.);
#676=ORIENTED_EDGE('',*,*,#516,.F.);
#677=ORIENTED_EDGE('',*,*,#517,.F.);
#678=ORIENTED_EDGE('',*,*,#518,.F.);
#679=ORIENTED_EDGE('',*,*,#519,.F.);
#680=ORIENTED_EDGE('',*,*,#510,.F.);
#681=ORIENTED_EDGE('',*,*,#484,.F.);
#682=ORIENTED_EDGE('',*,*,#496,.F.);
#683=ORIENTED_EDGE('',*,*,#492,.F.);
#684=ORIENTED_EDGE('',*,*,#488,.F.);
#685=ORIENTED_EDGE('',*,*,#520,.F.);
#686=ORIENTED_EDGE('',*,*,#521,.F.);
#687=ORIENTED_EDGE('',*,*,#502,.F.);
#688=ORIENTED_EDGE('',*,*,#522,.T.);
#689=ORIENTED_EDGE('',*,*,#523,.T.);
#690=ORIENTED_EDGE('',*,*,#512,.T.);
#691=ORIENTED_EDGE('',*,*,#490,.F.);
#692=ORIENTED_EDGE('',*,*,#505,.F.);
#693=ORIENTED_EDGE('',*,*,#524,.F.);
#694=ORIENTED_EDGE('',*,*,#525,.F.);
#695=ORIENTED_EDGE('',*,*,#526,.F.);
#696=ORIENTED_EDGE('',*,*,#527,.F.);
#697=ORIENTED_EDGE('',*,*,#528,.F.);
#698=ORIENTED_EDGE('',*,*,#529,.F.);
#699=ORIENTED_EDGE('',*,*,#530,.F.);
#700=ORIENTED_EDGE('',*,*,#531,.F.);
#701=ORIENTED_EDGE('',*,*,#532,.T.);
#702=ORIENTED_EDGE('',*,*,#507,.T.);
#703=ORIENTED_EDGE('',*,*,#511,.F.);
#704=ORIENTED_EDGE('',*,*,#533,.T.);
#705=ORIENTED_EDGE('',*,*,#534,.T.);
#706=ORIENTED_EDGE('',*,*,#508,.T.);
#707=ORIENTED_EDGE('',*,*,#532,.F.);
#708=ORIENTED_EDGE('',*,*,#535,.T.);
#709=ORIENTED_EDGE('',*,*,#504,.T.);
#710=ORIENTED_EDGE('',*,*,#509,.T.);
#711=ORIENTED_EDGE('',*,*,#534,.F.);
#712=ORIENTED_EDGE('',*,*,#536,.T.);
#713=ORIENTED_EDGE('',*,*,#535,.F.);
#714=ORIENTED_EDGE('',*,*,#537,.F.);
#715=ORIENTED_EDGE('',*,*,#538,.F.);
#716=ORIENTED_EDGE('',*,*,#539,.F.);
#717=ORIENTED_EDGE('',*,*,#540,.F.);
#718=ORIENTED_EDGE('',*,*,#541,.F.);
#719=ORIENTED_EDGE('',*,*,#533,.F.);
#720=ORIENTED_EDGE('',*,*,#519,.T.);
#721=ORIENTED_EDGE('',*,*,#542,.F.);
#722=ORIENTED_EDGE('',*,*,#543,.F.);
#723=ORIENTED_EDGE('',*,*,#544,.F.);
#724=ORIENTED_EDGE('',*,*,#545,.F.);
#725=ORIENTED_EDGE('',*,*,#546,.F.);
#726=ORIENTED_EDGE('',*,*,#513,.T.);
#727=ORIENTED_EDGE('',*,*,#547,.F.);
#728=ORIENTED_EDGE('',*,*,#537,.T.);
#729=ORIENTED_EDGE('',*,*,#548,.T.);
#730=ORIENTED_EDGE('',*,*,#547,.T.);
#731=ORIENTED_EDGE('',*,*,#523,.F.);
#732=ORIENTED_EDGE('',*,*,#549,.T.);
#733=ORIENTED_EDGE('',*,*,#550,.T.);
#734=ORIENTED_EDGE('',*,*,#538,.T.);
#735=ORIENTED_EDGE('',*,*,#548,.F.);
#736=ORIENTED_EDGE('',*,*,#551,.T.);
#737=ORIENTED_EDGE('',*,*,#552,.T.);
#738=ORIENTED_EDGE('',*,*,#553,.T.);
#739=ORIENTED_EDGE('',*,*,#550,.F.);
#740=ORIENTED_EDGE('',*,*,#554,.T.);
#741=ORIENTED_EDGE('',*,*,#536,.F.);
#742=ORIENTED_EDGE('',*,*,#539,.T.);
#743=ORIENTED_EDGE('',*,*,#553,.F.);
#744=ORIENTED_EDGE('',*,*,#530,.T.);
#745=ORIENTED_EDGE('',*,*,#555,.F.);
#746=ORIENTED_EDGE('',*,*,#556,.F.);
#747=ORIENTED_EDGE('',*,*,#557,.F.);
#748=ORIENTED_EDGE('',*,*,#558,.F.);
#749=ORIENTED_EDGE('',*,*,#559,.F.);
#750=ORIENTED_EDGE('',*,*,#524,.T.);
#751=ORIENTED_EDGE('',*,*,#501,.F.);
#752=ORIENTED_EDGE('',*,*,#531,.T.);
#753=ORIENTED_EDGE('',*,*,#552,.F.);
#754=ORIENTED_EDGE('',*,*,#560,.T.);
#755=ORIENTED_EDGE('',*,*,#486,.F.);
#756=ORIENTED_EDGE('',*,*,#560,.F.);
#757=ORIENTED_EDGE('',*,*,#554,.F.);
#758=ORIENTED_EDGE('',*,*,#551,.F.);
#759=ORIENTED_EDGE('',*,*,#549,.F.);
#760=ORIENTED_EDGE('',*,*,#522,.F.);
#761=ORIENTED_EDGE('',*,*,#561,.T.);
#762=ORIENTED_EDGE('',*,*,#562,.T.);
#763=ORIENTED_EDGE('',*,*,#543,.T.);
#764=ORIENTED_EDGE('',*,*,#563,.T.);
#765=ORIENTED_EDGE('',*,*,#542,.T.);
#766=ORIENTED_EDGE('',*,*,#564,.T.);
#767=ORIENTED_EDGE('',*,*,#565,.T.);
#768=ORIENTED_EDGE('',*,*,#566,.T.);
#769=ORIENTED_EDGE('',*,*,#563,.F.);
#770=ORIENTED_EDGE('',*,*,#567,.T.);
#771=ORIENTED_EDGE('',*,*,#564,.F.);
#772=ORIENTED_EDGE('',*,*,#518,.T.);
#773=ORIENTED_EDGE('',*,*,#568,.T.);
#774=ORIENTED_EDGE('',*,*,#569,.T.);
#775=ORIENTED_EDGE('',*,*,#517,.T.);
#776=ORIENTED_EDGE('',*,*,#570,.T.);
#777=ORIENTED_EDGE('',*,*,#571,.T.);
#778=ORIENTED_EDGE('',*,*,#568,.F.);
#779=ORIENTED_EDGE('',*,*,#572,.T.);
#780=ORIENTED_EDGE('',*,*,#573,.T.);
#781=ORIENTED_EDGE('',*,*,#570,.F.);
#782=ORIENTED_EDGE('',*,*,#516,.T.);
#783=ORIENTED_EDGE('',*,*,#574,.T.);
#784=ORIENTED_EDGE('',*,*,#572,.F.);
#785=ORIENTED_EDGE('',*,*,#515,.T.);
#786=ORIENTED_EDGE('',*,*,#575,.T.);
#787=ORIENTED_EDGE('',*,*,#576,.T.);
#788=ORIENTED_EDGE('',*,*,#577,.T.);
#789=ORIENTED_EDGE('',*,*,#578,.T.);
#790=ORIENTED_EDGE('',*,*,#546,.T.);
#791=ORIENTED_EDGE('',*,*,#579,.T.);
#792=ORIENTED_EDGE('',*,*,#514,.T.);
#793=ORIENTED_EDGE('',*,*,#578,.F.);
#794=ORIENTED_EDGE('',*,*,#580,.T.);
#795=ORIENTED_EDGE('',*,*,#581,.T.);
#796=ORIENTED_EDGE('',*,*,#575,.F.);
#797=ORIENTED_EDGE('',*,*,#562,.F.);
#798=ORIENTED_EDGE('',*,*,#582,.T.);
#799=ORIENTED_EDGE('',*,*,#583,.T.);
#800=ORIENTED_EDGE('',*,*,#544,.T.);
#801=ORIENTED_EDGE('',*,*,#545,.T.);
#802=ORIENTED_EDGE('',*,*,#583,.F.);
#803=ORIENTED_EDGE('',*,*,#584,.T.);
#804=ORIENTED_EDGE('',*,*,#585,.T.);
#805=ORIENTED_EDGE('',*,*,#579,.F.);
#806=ORIENTED_EDGE('',*,*,#584,.F.);
#807=ORIENTED_EDGE('',*,*,#586,.F.);
#808=ORIENTED_EDGE('',*,*,#574,.F.);
#809=ORIENTED_EDGE('',*,*,#576,.F.);
#810=ORIENTED_EDGE('',*,*,#581,.F.);
#811=ORIENTED_EDGE('',*,*,#587,.F.);
#812=ORIENTED_EDGE('',*,*,#565,.F.);
#813=ORIENTED_EDGE('',*,*,#567,.F.);
#814=ORIENTED_EDGE('',*,*,#588,.F.);
#815=ORIENTED_EDGE('',*,*,#582,.F.);
#816=ORIENTED_EDGE('',*,*,#589,.T.);
#817=ORIENTED_EDGE('',*,*,#573,.F.);
#818=ORIENTED_EDGE('',*,*,#586,.T.);
#819=ORIENTED_EDGE('',*,*,#561,.F.);
#820=ORIENTED_EDGE('',*,*,#566,.F.);
#821=ORIENTED_EDGE('',*,*,#588,.T.);
#822=ORIENTED_EDGE('',*,*,#569,.F.);
#823=ORIENTED_EDGE('',*,*,#571,.F.);
#824=ORIENTED_EDGE('',*,*,#589,.F.);
#825=ORIENTED_EDGE('',*,*,#577,.F.);
#826=ORIENTED_EDGE('',*,*,#585,.F.);
#827=ORIENTED_EDGE('',*,*,#587,.T.);
#828=ORIENTED_EDGE('',*,*,#580,.F.);
#829=ORIENTED_EDGE('',*,*,#590,.T.);
#830=ORIENTED_EDGE('',*,*,#591,.T.);
#831=ORIENTED_EDGE('',*,*,#556,.T.);
#832=ORIENTED_EDGE('',*,*,#592,.T.);
#833=ORIENTED_EDGE('',*,*,#555,.T.);
#834=ORIENTED_EDGE('',*,*,#593,.T.);
#835=ORIENTED_EDGE('',*,*,#594,.T.);
#836=ORIENTED_EDGE('',*,*,#595,.T.);
#837=ORIENTED_EDGE('',*,*,#592,.F.);
#838=ORIENTED_EDGE('',*,*,#596,.T.);
#839=ORIENTED_EDGE('',*,*,#593,.F.);
#840=ORIENTED_EDGE('',*,*,#529,.T.);
#841=ORIENTED_EDGE('',*,*,#597,.T.);
#842=ORIENTED_EDGE('',*,*,#598,.T.);
#843=ORIENTED_EDGE('',*,*,#528,.T.);
#844=ORIENTED_EDGE('',*,*,#599,.T.);
#845=ORIENTED_EDGE('',*,*,#600,.T.);
#846=ORIENTED_EDGE('',*,*,#597,.F.);
#847=ORIENTED_EDGE('',*,*,#601,.T.);
#848=ORIENTED_EDGE('',*,*,#602,.T.);
#849=ORIENTED_EDGE('',*,*,#599,.F.);
#850=ORIENTED_EDGE('',*,*,#527,.T.);
#851=ORIENTED_EDGE('',*,*,#603,.T.);
#852=ORIENTED_EDGE('',*,*,#601,.F.);
#853=ORIENTED_EDGE('',*,*,#526,.T.);
#854=ORIENTED_EDGE('',*,*,#604,.T.);
#855=ORIENTED_EDGE('',*,*,#605,.T.);
#856=ORIENTED_EDGE('',*,*,#606,.T.);
#857=ORIENTED_EDGE('',*,*,#607,.T.);
#858=ORIENTED_EDGE('',*,*,#559,.T.);
#859=ORIENTED_EDGE('',*,*,#608,.T.);
#860=ORIENTED_EDGE('',*,*,#525,.T.);
#861=ORIENTED_EDGE('',*,*,#607,.F.);
#862=ORIENTED_EDGE('',*,*,#609,.T.);
#863=ORIENTED_EDGE('',*,*,#610,.T.);
#864=ORIENTED_EDGE('',*,*,#604,.F.);
#865=ORIENTED_EDGE('',*,*,#591,.F.);
#866=ORIENTED_EDGE('',*,*,#611,.T.);
#867=ORIENTED_EDGE('',*,*,#612,.T.);
#868=ORIENTED_EDGE('',*,*,#557,.T.);
#869=ORIENTED_EDGE('',*,*,#558,.T.);
#870=ORIENTED_EDGE('',*,*,#612,.F.);
#871=ORIENTED_EDGE('',*,*,#613,.T.);
#872=ORIENTED_EDGE('',*,*,#614,.T.);
#873=ORIENTED_EDGE('',*,*,#608,.F.);
#874=ORIENTED_EDGE('',*,*,#613,.F.);
#875=ORIENTED_EDGE('',*,*,#615,.F.);
#876=ORIENTED_EDGE('',*,*,#603,.F.);
#877=ORIENTED_EDGE('',*,*,#605,.F.);
#878=ORIENTED_EDGE('',*,*,#610,.F.);
#879=ORIENTED_EDGE('',*,*,#616,.F.);
#880=ORIENTED_EDGE('',*,*,#594,.F.);
#881=ORIENTED_EDGE('',*,*,#596,.F.);
#882=ORIENTED_EDGE('',*,*,#617,.F.);
#883=ORIENTED_EDGE('',*,*,#611,.F.);
#884=ORIENTED_EDGE('',*,*,#618,.T.);
#885=ORIENTED_EDGE('',*,*,#602,.F.);
#886=ORIENTED_EDGE('',*,*,#615,.T.);
#887=ORIENTED_EDGE('',*,*,#590,.F.);
#888=ORIENTED_EDGE('',*,*,#595,.F.);
#889=ORIENTED_EDGE('',*,*,#617,.T.);
#890=ORIENTED_EDGE('',*,*,#598,.F.);
#891=ORIENTED_EDGE('',*,*,#600,.F.);
#892=ORIENTED_EDGE('',*,*,#618,.F.);
#893=ORIENTED_EDGE('',*,*,#606,.F.);
#894=ORIENTED_EDGE('',*,*,#614,.F.);
#895=ORIENTED_EDGE('',*,*,#616,.T.);
#896=ORIENTED_EDGE('',*,*,#609,.F.);
#897=ORIENTED_EDGE('',*,*,#619,.T.);
#898=ORIENTED_EDGE('',*,*,#620,.T.);
#899=ORIENTED_EDGE('',*,*,#521,.T.);
#900=ORIENTED_EDGE('',*,*,#620,.F.);
#901=ORIENTED_EDGE('',*,*,#619,.F.);
#902=ORIENTED_EDGE('',*,*,#621,.T.);
#903=ORIENTED_EDGE('',*,*,#622,.F.);
#904=ORIENTED_EDGE('',*,*,#621,.F.);
#905=ORIENTED_EDGE('',*,*,#540,.T.);
#906=ORIENTED_EDGE('',*,*,#623,.T.);
#907=ORIENTED_EDGE('',*,*,#622,.T.);
#908=ORIENTED_EDGE('',*,*,#623,.F.);
#909=ORIENTED_EDGE('',*,*,#624,.T.);
#910=ORIENTED_EDGE('',*,*,#625,.T.);
#911=ORIENTED_EDGE('',*,*,#520,.T.);
#912=ORIENTED_EDGE('',*,*,#625,.F.);
#913=ORIENTED_EDGE('',*,*,#624,.F.);
#914=ORIENTED_EDGE('',*,*,#626,.T.);
#915=ORIENTED_EDGE('',*,*,#627,.F.);
#916=ORIENTED_EDGE('',*,*,#626,.F.);
#917=ORIENTED_EDGE('',*,*,#541,.T.);
#918=ORIENTED_EDGE('',*,*,#628,.T.);
#919=ORIENTED_EDGE('',*,*,#627,.T.);
#920=ORIENTED_EDGE('',*,*,#628,.F.);
#921=PLANE('',#1011);
#922=PLANE('',#1012);
#923=PLANE('',#1013);
#924=PLANE('',#1014);
#925=PLANE('',#1025);
#926=PLANE('',#1030);
#927=PLANE('',#1031);
#928=PLANE('',#1036);
#929=PLANE('',#1044);
#930=PLANE('',#1064);
#931=PLANE('',#1083);
#932=PLANE('',#1088);
#933=PLANE('',#1107);
#934=PLANE('',#1112);
#935=ADVANCED_FACE('',(#157),#921,.T.);
#936=ADVANCED_FACE('',(#158),#922,.T.);
#937=ADVANCED_FACE('',(#159),#923,.T.);
#938=ADVANCED_FACE('',(#160),#924,.T.);
#939=ADVANCED_FACE('',(#161),#147,.T.);
#940=ADVANCED_FACE('',(#162),#148,.T.);
#941=ADVANCED_FACE('',(#163),#149,.T.);
#942=ADVANCED_FACE('',(#164),#150,.T.);
#943=ADVANCED_FACE('',(#165),#71,.T.);
#944=ADVANCED_FACE('',(#166),#925,.F.);
#945=ADVANCED_FACE('',(#167),#72,.T.);
#946=ADVANCED_FACE('',(#168),#926,.T.);
#947=ADVANCED_FACE('',(#169,#35,#36),#927,.T.);
#948=ADVANCED_FACE('',(#170),#73,.T.);
#949=ADVANCED_FACE('',(#171),#928,.T.);
#950=ADVANCED_FACE('',(#172),#25,.T.);
#951=ADVANCED_FACE('',(#173),#74,.T.);
#952=ADVANCED_FACE('',(#174),#26,.T.);
#953=ADVANCED_FACE('',(#175,#37,#38),#929,.T.);
#954=ADVANCED_FACE('',(#176),#75,.T.);
#955=ADVANCED_FACE('',(#177),#27,.T.);
#956=ADVANCED_FACE('',(#178),#76,.T.);
#957=ADVANCED_FACE('',(#179),#28,.T.);
#958=ADVANCED_FACE('',(#180),#77,.T.);
#959=ADVANCED_FACE('',(#181),#78,.T.);
#960=ADVANCED_FACE('',(#182),#930,.F.);
#961=ADVANCED_FACE('',(#183),#79,.T.);
#962=ADVANCED_FACE('',(#184),#29,.T.);
#963=ADVANCED_FACE('',(#185),#80,.T.);
#964=ADVANCED_FACE('',(#186),#81,.T.);
#965=ADVANCED_FACE('',(#187),#15,.F.);
#966=ADVANCED_FACE('',(#188),#16,.F.);
#967=ADVANCED_FACE('',(#189),#30,.T.);
#968=ADVANCED_FACE('',(#190),#82,.T.);
#969=ADVANCED_FACE('',(#191),#17,.F.);
#970=ADVANCED_FACE('',(#192),#18,.F.);
#971=ADVANCED_FACE('',(#193),#151,.F.);
#972=ADVANCED_FACE('',(#194),#931,.F.);
#973=ADVANCED_FACE('',(#195),#31,.T.);
#974=ADVANCED_FACE('',(#196),#83,.F.);
#975=ADVANCED_FACE('',(#197),#932,.F.);
#976=ADVANCED_FACE('',(#198),#84,.T.);
#977=ADVANCED_FACE('',(#199),#32,.T.);
#978=ADVANCED_FACE('',(#200),#85,.T.);
#979=ADVANCED_FACE('',(#201),#86,.T.);
#980=ADVANCED_FACE('',(#202),#19,.F.);
#981=ADVANCED_FACE('',(#203),#20,.F.);
#982=ADVANCED_FACE('',(#204),#33,.T.);
#983=ADVANCED_FACE('',(#205),#87,.T.);
#984=ADVANCED_FACE('',(#206),#21,.F.);
#985=ADVANCED_FACE('',(#207),#22,.F.);
#986=ADVANCED_FACE('',(#208),#152,.F.);
#987=ADVANCED_FACE('',(#209),#933,.F.);
#988=ADVANCED_FACE('',(#210),#34,.T.);
#989=ADVANCED_FACE('',(#211),#88,.F.);
#990=ADVANCED_FACE('',(#212),#934,.F.);
#991=ADVANCED_FACE('',(#213),#153,.F.);
#992=ADVANCED_FACE('',(#214),#89,.F.);
#993=ADVANCED_FACE('',(#215),#154,.F.);
#994=ADVANCED_FACE('',(#216),#155,.F.);
#995=ADVANCED_FACE('',(#217),#90,.F.);
#996=ADVANCED_FACE('',(#218),#156,.F.);
#997=CLOSED_SHELL('',(#935,#936,#937,#938,#939,#940,#941,#942,#943,#944,
#945,#946,#947,#948,#949,#950,#951,#952,#953,#954,#955,#956,#957,#958,#959,
#960,#961,#962,#963,#964,#965,#966,#967,#968,#969,#970,#971,#972,#973,#974,
#975,#976,#977,#978,#979,#980,#981,#982,#983,#984,#985,#986,#987,#988,#989,
#990,#991,#992,#993,#994,#995,#996));
#998=DERIVED_UNIT_ELEMENT(#1000,1.);
#999=DERIVED_UNIT_ELEMENT(#2041,-3.);
#1000=(
MASS_UNIT()
NAMED_UNIT(*)
SI_UNIT(.KILO.,.GRAM.)
);
#1001=DERIVED_UNIT((#998,#999));
#1002=MEASURE_REPRESENTATION_ITEM('density measure',
POSITIVE_RATIO_MEASURE(7850.),#1001);
#1003=PROPERTY_DEFINITION_REPRESENTATION(#1008,#1005);
#1004=PROPERTY_DEFINITION_REPRESENTATION(#1009,#1006);
#1005=REPRESENTATION('material name',(#1007),#2038);
#1006=REPRESENTATION('density',(#1002),#2038);
#1007=DESCRIPTIVE_REPRESENTATION_ITEM('Steel','Steel');
#1008=PROPERTY_DEFINITION('material property','material name',#2048);
#1009=PROPERTY_DEFINITION('material property','density of part',#2048);
#1010=AXIS2_PLACEMENT_3D('',#1405,#1123,#1124);
#1011=AXIS2_PLACEMENT_3D('',#1406,#1125,#1126);
#1012=AXIS2_PLACEMENT_3D('',#1415,#1131,#1132);
#1013=AXIS2_PLACEMENT_3D('',#1423,#1137,#1138);
#1014=AXIS2_PLACEMENT_3D('',#1431,#1143,#1144);
#1015=AXIS2_PLACEMENT_3D('',#1438,#1149,#1150);
#1016=AXIS2_PLACEMENT_3D('',#1439,#1151,#1152);
#1017=AXIS2_PLACEMENT_3D('',#1440,#1153,#1154);
#1018=AXIS2_PLACEMENT_3D('',#1441,#1155,#1156);
#1019=AXIS2_PLACEMENT_3D('',#1442,#1157,#1158);
#1020=AXIS2_PLACEMENT_3D('',#1443,#1159,#1160);
#1021=AXIS2_PLACEMENT_3D('',#1444,#1161,#1162);
#1022=AXIS2_PLACEMENT_3D('',#1445,#1163,#1164);
#1023=AXIS2_PLACEMENT_3D('',#1446,#1165,#1166);
#1024=AXIS2_PLACEMENT_3D('',#1450,#1168,#1169);
#1025=AXIS2_PLACEMENT_3D('',#1452,#1171,#1172);
#1026=AXIS2_PLACEMENT_3D('',#1456,#1174,#1175);
#1027=AXIS2_PLACEMENT_3D('',#1459,#1177,#1178);
#1028=AXIS2_PLACEMENT_3D('',#1460,#1179,#1180);
#1029=AXIS2_PLACEMENT_3D('',#1463,#1182,#1183);
#1030=AXIS2_PLACEMENT_3D('',#1464,#1184,#1185);
#1031=AXIS2_PLACEMENT_3D('',#1486,#1192,#1193);
#1032=AXIS2_PLACEMENT_3D('',#1488,#1194,#1195);
#1033=AXIS2_PLACEMENT_3D('',#1490,#1196,#1197);
#1034=AXIS2_PLACEMENT_3D('',#1491,#1198,#1199);
#1035=AXIS2_PLACEMENT_3D('',#1494,#1201,#1202);
#1036=AXIS2_PLACEMENT_3D('',#1495,#1203,#1204);
#1037=AXIS2_PLACEMENT_3D('',#1517,#1211,#1212);
#1038=AXIS2_PLACEMENT_3D('',#1519,#1213,#1214);
#1039=AXIS2_PLACEMENT_3D('',#1520,#1215,#1216);
#1040=AXIS2_PLACEMENT_3D('',#1521,#1217,#1218);
#1041=AXIS2_PLACEMENT_3D('',#1523,#1219,#1220);
#1042=AXIS2_PLACEMENT_3D('',#1525,#1222,#1223);
#1043=AXIS2_PLACEMENT_3D('',#1526,#1224,#1225);
#1044=AXIS2_PLACEMENT_3D('',#1527,#1226,#1227);
#1045=AXIS2_PLACEMENT_3D('',#1534,#1231,#1232);
#1046=AXIS2_PLACEMENT_3D('',#1536,#1233,#1234);
#1047=AXIS2_PLACEMENT_3D('',#1537,#1235,#1236);
#1048=AXIS2_PLACEMENT_3D('',#1539,#1237,#1238);
#1049=AXIS2_PLACEMENT_3D('',#1552,#1240,#1241);
#1050=AXIS2_PLACEMENT_3D('',#1553,#1242,#1243);
#1051=AXIS2_PLACEMENT_3D('',#1554,#1244,#1245);
#1052=AXIS2_PLACEMENT_3D('',#1556,#1246,#1247);
#1053=AXIS2_PLACEMENT_3D('',#1557,#1248,#1249);
#1054=AXIS2_PLACEMENT_3D('',#1558,#1250,#1251);
#1055=AXIS2_PLACEMENT_3D('',#1560,#1252,#1253);
#1056=AXIS2_PLACEMENT_3D('',#1562,#1255,#1256);
#1057=AXIS2_PLACEMENT_3D('',#1564,#1257,#1258);
#1058=AXIS2_PLACEMENT_3D('',#1565,#1259,#1260);
#1059=AXIS2_PLACEMENT_3D('',#1566,#1261,#1262);
#1060=AXIS2_PLACEMENT_3D('',#1567,#1263,#1264);
#1061=AXIS2_PLACEMENT_3D('',#1569,#1265,#1266);
#1062=AXIS2_PLACEMENT_3D('',#1582,#1268,#1269);
#1063=AXIS2_PLACEMENT_3D('',#1583,#1270,#1271);
#1064=AXIS2_PLACEMENT_3D('',#1585,#1273,#1274);
#1065=AXIS2_PLACEMENT_3D('',#1586,#1275,#1276);
#1066=AXIS2_PLACEMENT_3D('',#1590,#1278,#1279);
#1067=AXIS2_PLACEMENT_3D('',#1607,#1280,#1281);
#1068=AXIS2_PLACEMENT_3D('',#1609,#1282,#1283);
#1069=AXIS2_PLACEMENT_3D('',#1611,#1284,#1285);
#1070=AXIS2_PLACEMENT_3D('',#1616,#1286,#1287);
#1071=AXIS2_PLACEMENT_3D('',#1620,#1289,#1290);
#1072=AXIS2_PLACEMENT_3D('',#1625,#1291,#1292);
#1073=AXIS2_PLACEMENT_3D('',#1627,#1293,#1294);
#1074=AXIS2_PLACEMENT_3D('',#1650,#1296,#1297);
#1075=AXIS2_PLACEMENT_3D('',#1697,#1298,#1299);
#1076=AXIS2_PLACEMENT_3D('',#1700,#1300,#1301);
#1077=AXIS2_PLACEMENT_3D('',#1701,#1302,#1303);
#1078=AXIS2_PLACEMENT_3D('',#1718,#1304,#1305);
#1079=AXIS2_PLACEMENT_3D('',#1756,#1307,#1308);
#1080=AXIS2_PLACEMENT_3D('',#1792,#1309,#1310);
#1081=AXIS2_PLACEMENT_3D('',#1793,#1311,#1312);
#1082=AXIS2_PLACEMENT_3D('',#1794,#1313,#1314);
#1083=AXIS2_PLACEMENT_3D('',#1795,#1315,#1316);
#1084=AXIS2_PLACEMENT_3D('',#1796,#1317,#1318);
#1085=AXIS2_PLACEMENT_3D('',#1797,#1319,#1320);
#1086=AXIS2_PLACEMENT_3D('',#1798,#1321,#1322);
#1087=AXIS2_PLACEMENT_3D('',#1799,#1323,#1324);
#1088=AXIS2_PLACEMENT_3D('',#1800,#1325,#1326);
#1089=AXIS2_PLACEMENT_3D('',#1801,#1327,#1328);
#1090=AXIS2_PLACEMENT_3D('',#1805,#1330,#1331);
#1091=AXIS2_PLACEMENT_3D('',#1822,#1332,#1333);
#1092=AXIS2_PLACEMENT_3D('',#1824,#1334,#1335);
#1093=AXIS2_PLACEMENT_3D('',#1826,#1336,#1337);
#1094=AXIS2_PLACEMENT_3D('',#1831,#1338,#1339);
#1095=AXIS2_PLACEMENT_3D('',#1835,#1341,#1342);
#1096=AXIS2_PLACEMENT_3D('',#1840,#1343,#1344);
#1097=AXIS2_PLACEMENT_3D('',#1842,#1345,#1346);
#1098=AXIS2_PLACEMENT_3D('',#1865,#1348,#1349);
#1099=AXIS2_PLACEMENT_3D('',#1912,#1350,#1351);
#1100=AXIS2_PLACEMENT_3D('',#1915,#1352,#1353);
#1101=AXIS2_PLACEMENT_3D('',#1916,#1354,#1355);
#1102=AXIS2_PLACEMENT_3D('',#1933,#1356,#1357);
#1103=AXIS2_PLACEMENT_3D('',#1971,#1359,#1360);
#1104=AXIS2_PLACEMENT_3D('',#2007,#1361,#1362);
#1105=AXIS2_PLACEMENT_3D('',#2008,#1363,#1364);
#1106=AXIS2_PLACEMENT_3D('',#2009,#1365,#1366);
#1107=AXIS2_PLACEMENT_3D('',#2010,#1367,#1368);
#1108=AXIS2_PLACEMENT_3D('',#2011,#1369,#1370);
#1109=AXIS2_PLACEMENT_3D('',#2012,#1371,#1372);
#1110=AXIS2_PLACEMENT_3D('',#2013,#1373,#1374);
#1111=AXIS2_PLACEMENT_3D('',#2014,#1375,#1376);
#1112=AXIS2_PLACEMENT_3D('',#2015,#1377,#1378);
#1113=AXIS2_PLACEMENT_3D('',#2016,#1379,#1380);
#1114=AXIS2_PLACEMENT_3D('',#2018,#1381,#1382);
#1115=AXIS2_PLACEMENT_3D('',#2020,#1384,#1385);
#1116=AXIS2_PLACEMENT_3D('',#2023,#1387,#1388);
#1117=AXIS2_PLACEMENT_3D('',#2024,#1389,#1390);
#1118=AXIS2_PLACEMENT_3D('',#2026,#1392,#1393);
#1119=AXIS2_PLACEMENT_3D('',#2028,#1394,#1395);
#1120=AXIS2_PLACEMENT_3D('',#2030,#1397,#1398);
#1121=AXIS2_PLACEMENT_3D('',#2033,#1400,#1401);
#1122=AXIS2_PLACEMENT_3D('',#2034,#1402,#1403);
#1123=DIRECTION('axis',(0.,0.,1.));
#1124=DIRECTION('refdir',(1.,0.,0.));
#1125=DIRECTION('center_axis',(-1.21286682160462E-30,-0.707106781186548,
0.707106781186548));
#1126=DIRECTION('ref_axis',(1.,0.,1.7152527084656E-30));
#1127=DIRECTION('',(0.,0.707106781186548,0.707106781186548));
#1128=DIRECTION('',(-1.,-2.27835562421577E-30,-3.99360833268137E-30));
#1129=DIRECTION('',(0.,-0.707106781186548,-0.707106781186548));
#1130=DIRECTION('',(1.,2.27835562421577E-30,3.99360833268137E-30));
#1131=DIRECTION('center_axis',(-0.707106781186563,-9.55601326316069E-30,
0.707106781186532));
#1132=DIRECTION('ref_axis',(0.707106781186532,0.,0.707106781186563));
#1133=DIRECTION('',(0.707106781186532,0.,0.707106781186563));
#1134=DIRECTION('',(-2.47019088588505E-30,1.,1.10440526730942E-29));
#1135=DIRECTION('',(-0.707106781186532,0.,-0.707106781186563));
#1136=DIRECTION('',(2.47019088588505E-30,-1.,-1.10440526730942E-29));
#1137=DIRECTION('center_axis',(-4.59574074236058E-30,0.707106781186548,
0.707106781186548));
#1138=DIRECTION('ref_axis',(1.,0.,6.49935888699693E-30));
#1139=DIRECTION('',(0.,-0.707106781186548,0.707106781186548));
#1140=DIRECTION('',(1.,2.50575055431556E-30,3.99360833268137E-30));
#1141=DIRECTION('',(0.,0.707106781186548,-0.707106781186548));
#1142=DIRECTION('',(-1.,-2.50575055431556E-30,-3.99360833268137E-30));
#1143=DIRECTION('center_axis',(0.707106781186563,-5.66228941296428E-30,
0.707106781186532));
#1144=DIRECTION('ref_axis',(0.707106781186532,0.,-0.707106781186563));
#1145=DIRECTION('',(-0.707106781186532,0.,0.707106781186563));
#1146=DIRECTION('',(3.03636619119818E-30,-1.,-1.10440526730942E-29));
#1147=DIRECTION('',(0.707106781186532,0.,-0.707106781186563));
#1148=DIRECTION('',(-3.03636619119818E-30,1.,1.10440526730942E-29));
#1149=DIRECTION('center_axis',(3.00753220115511E-30,1.10440526730942E-29,
-1.));
#1150=DIRECTION('ref_axis',(0.707106781186636,0.707106781186459,0.));
#1151=DIRECTION('center_axis',(-3.00753220115511E-30,-1.10440526730942E-29,
1.));
#1152=DIRECTION('ref_axis',(0.707106781186636,0.707106781186459,0.));
#1153=DIRECTION('center_axis',(5.55111512312563E-17,1.10440526730942E-29,
-1.));
#1154=DIRECTION('ref_axis',(-0.707106781186636,0.707106781186459,0.));
#1155=DIRECTION('center_axis',(-5.55111512312563E-17,-1.10440526730942E-29,
1.));
#1156=DIRECTION('ref_axis',(-0.707106781186636,0.707106781186459,0.));
#1157=DIRECTION('center_axis',(5.55111512312563E-17,1.08468374467889E-29,
-1.));
#1158=DIRECTION('ref_axis',(-0.707106781186481,-0.707106781186614,0.));
#1159=DIRECTION('center_axis',(-5.55111512312563E-17,-1.08468374467889E-29,
1.));
#1160=DIRECTION('ref_axis',(-0.707106781186481,-0.707106781186614,0.));
#1161=DIRECTION('center_axis',(3.00753220115511E-30,1.08468374467889E-29,
-1.));
#1162=DIRECTION('ref_axis',(0.707106781186481,-0.707106781186614,0.));
#1163=DIRECTION('center_axis',(-3.00753220115511E-30,-1.08468374467889E-29,
1.));
#1164=DIRECTION('ref_axis',(0.707106781186481,-0.707106781186614,0.));
#1165=DIRECTION('center_axis',(5.55111512312563E-17,1.10440526730942E-29,
-1.));
#1166=DIRECTION('ref_axis',(-0.70710678118661,0.707106781186485,0.));
#1167=DIRECTION('',(5.55111512312563E-17,1.10440526730942E-29,-1.));
#1168=DIRECTION('center_axis',(0.,0.,-1.));
#1169=DIRECTION('ref_axis',(-1.,0.,0.));
#1170=DIRECTION('',(-5.55111512312563E-17,-1.10440526730942E-29,1.));
#1171=DIRECTION('center_axis',(2.50575055431556E-30,-1.,-1.10440526730942E-29));
#1172=DIRECTION('ref_axis',(-1.,-2.50575055431556E-30,-3.99360833268137E-30));
#1173=DIRECTION('',(-3.00753220115511E-30,-1.10440526730942E-29,1.));
#1174=DIRECTION('center_axis',(2.50575055431556E-30,-1.,-1.10440526730942E-29));
#1175=DIRECTION('ref_axis',(0.707106781186548,9.58115774584478E-30,-0.707106781186548));
#1176=DIRECTION('',(1.,2.50575055431556E-30,3.99360833268137E-30));
#1177=DIRECTION('center_axis',(2.50575055431556E-30,-1.,-1.10440526730942E-29));
#1178=DIRECTION('ref_axis',(-0.430964406271145,8.88592066113404E-30,-0.902368927062185));
#1179=DIRECTION('center_axis',(-3.00753220115511E-30,-1.10440526730942E-29,
1.));
#1180=DIRECTION('ref_axis',(0.70710678118661,0.707106781186485,0.));
#1181=DIRECTION('',(3.00753220115511E-30,1.10440526730942E-29,-1.));
#1182=DIRECTION('center_axis',(0.,0.,1.));
#1183=DIRECTION('ref_axis',(1.,0.,0.));
#1184=DIRECTION('center_axis',(1.,3.03636619119818E-30,3.00753220115511E-30));
#1185=DIRECTION('ref_axis',(-3.00753220115511E-30,-1.21287364177731E-29,
1.));
#1186=DIRECTION('',(-3.00753220115511E-30,-1.08468374467889E-29,1.));
#1187=DIRECTION('',(3.03636619119818E-30,-1.,-1.10440526730942E-29));
#1188=DIRECTION('',(3.00753220115511E-30,1.14384831257047E-29,-1.));
#1189=DIRECTION('',(3.03636619119818E-30,-1.,-1.16356983520099E-29));
#1190=DIRECTION('',(-3.00753220115511E-30,-1.27203820966888E-29,1.));
#1191=DIRECTION('',(3.03636619119818E-30,-1.,-1.10440526730942E-29));
#1192=DIRECTION('center_axis',(-3.99360833268137E-30,-1.10440526730942E-29,
1.));
#1193=DIRECTION('ref_axis',(-1.,-2.50575055431556E-30,-3.99360833268137E-30));
#1194=DIRECTION('center_axis',(-3.99360833268137E-30,-1.10440526730942E-29,
1.));
#1195=DIRECTION('ref_axis',(1.,2.50575055431556E-30,3.99360833268137E-30));
#1196=DIRECTION('center_axis',(-3.79639310637612E-30,-1.08468374467889E-29,
1.));
#1197=DIRECTION('ref_axis',(-1.,-2.27835562421577E-30,-3.79639310637612E-30));
#1198=DIRECTION('center_axis',(3.00753220115511E-30,1.08468374467889E-29,
-1.));
#1199=DIRECTION('ref_axis',(0.707106781186485,-0.70710678118661,0.));
#1200=DIRECTION('',(3.00753220115511E-30,1.08468374467889E-29,-1.));
#1201=DIRECTION('center_axis',(0.,0.,1.));
#1202=DIRECTION('ref_axis',(0.,-1.,0.));
#1203=DIRECTION('center_axis',(-1.,-2.47019088588505E-30,-5.55111512312563E-17));
#1204=DIRECTION('ref_axis',(5.55111512312563E-17,1.16356983520099E-29,-1.));
#1205=DIRECTION('',(-2.47019088588505E-30,1.,1.10440526730942E-29));
#1206=DIRECTION('',(5.55111512312563E-17,1.12412678993994E-29,-1.));
#1207=DIRECTION('',(-2.47019088588505E-30,1.,1.12412678993994E-29));
#1208=DIRECTION('',(-5.55111512312563E-17,-1.14384831257047E-29,1.));
#1209=DIRECTION('',(-2.47019088588505E-30,1.,1.10440526730942E-29));
#1210=DIRECTION('',(5.55111512312563E-17,1.08468374467889E-29,-1.));
#1211=DIRECTION('center_axis',(2.50575055431556E-30,-1.,-1.10440526730942E-29));
#1212=DIRECTION('ref_axis',(0.,0.,-1.));
#1213=DIRECTION('center_axis',(1.,0.,0.));
#1214=DIRECTION('ref_axis',(0.,0.,-1.));
#1215=DIRECTION('center_axis',(-2.50575055431556E-30,1.,1.10440526730942E-29));
#1216=DIRECTION('ref_axis',(0.707106781186547,0.,-0.707106781186547));
#1217=DIRECTION('center_axis',(-1.,-2.50575055431556E-30,-3.99360833268137E-30));
#1218=DIRECTION('ref_axis',(0.,0.707106781186469,-0.707106781186626));
#1219=DIRECTION('center_axis',(1.,0.,0.));
#1220=DIRECTION('ref_axis',(0.,0.,-1.));
#1221=DIRECTION('',(-1.,-2.50575055431556E-30,-3.99360833268137E-30));
#1222=DIRECTION('center_axis',(-2.50575055431556E-30,1.,1.10440526730942E-29));
#1223=DIRECTION('ref_axis',(0.,0.,1.));
#1224=DIRECTION('center_axis',(-2.50575055431556E-30,1.,1.10440526730942E-29));
#1225=DIRECTION('ref_axis',(-0.430964406271145,0.,-0.902368927062185));
#1226=DIRECTION('center_axis',(3.99360833268137E-30,1.10440526730942E-29,
-1.));
#1227=DIRECTION('ref_axis',(1.,2.50575055431556E-30,3.99360833268137E-30));
#1228=DIRECTION('',(-3.03636619119818E-30,1.,1.10440526730942E-29));
#1229=DIRECTION('',(1.,2.27835562421577E-30,3.99360833268137E-30));
#1230=DIRECTION('',(2.47019088588505E-30,-1.,-1.10440526730942E-29));
#1231=DIRECTION('center_axis',(3.79639310637612E-30,1.08468374467889E-29,
-1.));
#1232=DIRECTION('ref_axis',(-1.,-2.27835562421577E-30,-3.79639310637612E-30));
#1233=DIRECTION('center_axis',(3.99360833268137E-30,1.10440526730942E-29,
-1.));
#1234=DIRECTION('ref_axis',(1.,2.50575055431556E-30,3.99360833268137E-30));
#1235=DIRECTION('center_axis',(-3.03636619119818E-30,1.,1.10440526730942E-29));
#1236=DIRECTION('ref_axis',(0.707106781186547,0.,-0.707106781186547));
#1237=DIRECTION('center_axis',(3.02321546675244E-30,-1.,-1.27203820966888E-29));
#1238=DIRECTION('ref_axis',(0.999905803018239,0.,-0.0137253448208006));
#1239=DIRECTION('',(-3.03636619119818E-30,1.,1.10440526730942E-29));
#1240=DIRECTION('center_axis',(-2.10661077151315E-30,1.,1.14384831257047E-29));
#1241=DIRECTION('ref_axis',(0.992103384120731,0.,-0.125422785873195));
#1242=DIRECTION('center_axis',(2.27835562421577E-30,-1.,-1.08468374467889E-29));
#1243=DIRECTION('ref_axis',(0.707106781186547,0.,-0.707106781186547));
#1244=DIRECTION('center_axis',(-2.27835562421577E-30,1.,1.08468374467889E-29));
#1245=DIRECTION('ref_axis',(0.,0.,1.));
#1246=DIRECTION('center_axis',(1.,0.,0.));
#1247=DIRECTION('ref_axis',(0.,-1.,0.));
#1248=DIRECTION('center_axis',(-2.27835562421577E-30,1.,1.08468374467889E-29));
#1249=DIRECTION('ref_axis',(0.707106781186548,9.2809130248901E-30,-0.707106781186548));
#1250=DIRECTION('center_axis',(1.,2.27835562421577E-30,3.99360833268137E-30));
#1251=DIRECTION('ref_axis',(0.,-0.707106781186595,-0.7071067811865));
#1252=DIRECTION('center_axis',(1.,0.,0.));
#1253=DIRECTION('ref_axis',(0.,-1.,0.));
#1254=DIRECTION('',(-1.,-2.27835562421577E-30,-3.99360833268137E-30));
#1255=DIRECTION('center_axis',(2.27835562421577E-30,-1.,-1.08468374467889E-29));
#1256=DIRECTION('ref_axis',(0.,0.,-1.));
#1257=DIRECTION('center_axis',(0.,0.,-1.));
#1258=DIRECTION('ref_axis',(0.,-1.,0.));
#1259=DIRECTION('center_axis',(2.27835562421577E-30,-1.,-1.08468374467889E-29));
#1260=DIRECTION('ref_axis',(-0.430964406271145,0.,-0.902368927062185));
#1261=DIRECTION('center_axis',(-2.27835562421577E-30,1.,1.08468374467889E-29));
#1262=DIRECTION('ref_axis',(-0.430964406271145,8.80595889001217E-30,-0.902368927062185));
#1263=DIRECTION('center_axis',(2.47019088588505E-30,-1.,-1.10440526730942E-29));
#1264=DIRECTION('ref_axis',(-0.707106781186547,0.,-0.707106781186547));
#1265=DIRECTION('center_axis',(-2.40139008404215E-30,1.,1.14384831257047E-29));
#1266=DIRECTION('ref_axis',(-0.999905803018239,0.,-0.0137253448208006));
#1267=DIRECTION('',(2.47019088588505E-30,-1.,-1.10440526730942E-29));
#1268=DIRECTION('center_axis',(2.72843615422344E-30,-1.,-1.12412678993994E-29));
#1269=DIRECTION('ref_axis',(-0.992103384120731,0.,-0.125422785873194));
#1270=DIRECTION('center_axis',(-5.55111512312563E-17,-1.08468374467889E-29,
1.));
#1271=DIRECTION('ref_axis',(-0.707106781186485,-0.70710678118661,0.));
#1272=DIRECTION('',(-5.55111512312563E-17,-1.08468374467889E-29,1.));
#1273=DIRECTION('center_axis',(-2.27835562421577E-30,1.,1.08468374467889E-29));
#1274=DIRECTION('ref_axis',(1.,2.27835562421577E-30,3.79639310637612E-30));
#1275=DIRECTION('center_axis',(3.03636619119818E-30,-1.,-1.10440526730942E-29));
#1276=DIRECTION('ref_axis',(0.852384209211165,0.,0.522916016093844));
#1277=DIRECTION('',(2.33400570161293E-30,-1.,-1.16356983520099E-29));
#1278=DIRECTION('center_axis',(0.,1.,0.));
#1279=DIRECTION('ref_axis',(0.168534247673782,0.,0.985695798591549));
#1280=DIRECTION('center_axis',(-3.02321546675244E-30,1.,1.27203820966888E-29));
#1281=DIRECTION('ref_axis',(0.,0.,1.));
#1282=DIRECTION('center_axis',(0.,0.,-1.));
#1283=DIRECTION('ref_axis',(1.,0.,0.));
#1284=DIRECTION('center_axis',(-3.02321546675244E-30,1.,1.27203820966888E-29));
#1285=DIRECTION('ref_axis',(0.999905803018239,3.19752231950966E-30,-0.0137253448208006));
#1286=DIRECTION('center_axis',(-3.00753220115511E-30,-1.27203820966888E-29,
1.));
#1287=DIRECTION('ref_axis',(0.707106781186485,-0.70710678118661,0.));
#1288=DIRECTION('',(3.00753220115511E-30,1.27203820966888E-29,-1.));
#1289=DIRECTION('center_axis',(0.,0.707106781186548,-0.707106781186548));
#1290=DIRECTION('ref_axis',(4.25329282814736E-30,-0.707106781186547,-0.707106781186547));
#1291=DIRECTION('center_axis',(2.33400570161293E-30,-1.,-1.16356983520099E-29));
#1292=DIRECTION('ref_axis',(0.755928946018432,0.,-0.654653670708004));
#1293=DIRECTION('center_axis',(0.,1.,0.));
#1294=DIRECTION('ref_axis',(1.,0.,0.));
#1295=DIRECTION('',(-2.33400570161293E-30,1.,1.16356983520099E-29));
#1296=DIRECTION('center_axis',(0.,0.990083008907704,-0.14048357723331));
#1297=DIRECTION('ref_axis',(1.,0.,0.));
#1298=DIRECTION('center_axis',(2.10661077151315E-30,-1.,-1.14384831257047E-29));
#1299=DIRECTION('ref_axis',(0.,0.,-1.));
#1300=DIRECTION('center_axis',(2.10661077151315E-30,-1.,-1.14384831257047E-29));
#1301=DIRECTION('ref_axis',(0.992103384120731,3.52462209523279E-30,-0.125422785873195));
#1302=DIRECTION('center_axis',(0.,0.,-1.));
#1303=DIRECTION('ref_axis',(0.,1.,0.));
#1304=DIRECTION('center_axis',(-3.00753220115511E-30,-1.14384831257047E-29,
1.));
#1305=DIRECTION('ref_axis',(0.707106781186485,0.70710678118661,0.));
#1306=DIRECTION('',(-3.00753220115511E-30,-1.14384831257047E-29,1.));
#1307=DIRECTION('center_axis',(0.0510696313545422,0.98990166391956,0.132236865217678));
#1308=DIRECTION('ref_axis',(0.172872651571238,-0.139173100960118,0.97506199510999));
#1309=DIRECTION('center_axis',(-1.71744852702627E-31,-1.,-5.91645678915759E-31));
#1310=DIRECTION('ref_axis',(-1.,1.71744852702626E-31,1.19785218290864E-15));
#1311=DIRECTION('center_axis',(-9.92637936664332E-14,-1.,3.31061813099979E-14));
#1312=DIRECTION('ref_axis',(-0.999999986311518,9.92692700516381E-14,0.00016545985549602));
#1313=DIRECTION('center_axis',(-2.10661077151315E-30,1.,1.14384831257047E-29));
#1314=DIRECTION('ref_axis',(-1.,1.71744852702626E-31,1.19785218290864E-15));
#1315=DIRECTION('center_axis',(-3.02321546675244E-30,1.,1.27203820966888E-29));
#1316=DIRECTION('ref_axis',(-1.,-3.02321546675244E-30,-2.6131017485446E-30));
#1317=DIRECTION('center_axis',(-3.02321546675244E-30,1.,1.27203820966888E-29));
#1318=DIRECTION('ref_axis',(-1.,-2.86462133849555E-30,-3.20474742746036E-30));
#1319=DIRECTION('center_axis',(2.33400570161293E-30,-1.,-1.16356983520099E-29));
#1320=DIRECTION('ref_axis',(0.,0.,-1.));
#1321=DIRECTION('center_axis',(-2.33400570161293E-30,1.,1.16356983520099E-29));
#1322=DIRECTION('ref_axis',(-0.999999986311518,0.,0.000165459855499147));
#1323=DIRECTION('center_axis',(2.33400570161293E-30,-1.,-1.16356983520099E-29));
#1324=DIRECTION('ref_axis',(-1.,-2.33400570161293E-30,-4.19082355898663E-30));
#1325=DIRECTION('center_axis',(2.10661077151315E-30,-1.,-1.14384831257047E-29));
#1326=DIRECTION('ref_axis',(1.,2.10661077151315E-30,3.99360833268137E-30));
#1327=DIRECTION('center_axis',(-2.54132353368989E-30,1.,1.12732604114675E-29));
#1328=DIRECTION('ref_axis',(-0.852384209211131,0.,0.522916016093898));
#1329=DIRECTION('',(-2.72843615422344E-30,1.,1.12412678993994E-29));
#1330=DIRECTION('center_axis',(0.,-1.,0.));
#1331=DIRECTION('ref_axis',(-0.168534247673735,0.,0.985695798591557));
#1332=DIRECTION('center_axis',(2.40139008404215E-30,-1.,-1.14384831257047E-29));
#1333=DIRECTION('ref_axis',(0.,0.,-1.));
#1334=DIRECTION('center_axis',(0.,0.,-1.));
#1335=DIRECTION('ref_axis',(-1.,0.,0.));
#1336=DIRECTION('center_axis',(2.40139008404215E-30,-1.,-1.14384831257047E-29));
#1337=DIRECTION('ref_axis',(-0.999905803018239,-2.244166755217E-30,-0.0137253448208006));
#1338=DIRECTION('center_axis',(-5.55111512312563E-17,-1.14384831257047E-29,
1.));
#1339=DIRECTION('ref_axis',(-0.70710678118661,0.707106781186485,0.));
#1340=DIRECTION('',(5.55111512312563E-17,1.14384831257047E-29,-1.));
#1341=DIRECTION('center_axis',(0.,-0.707106781186548,-0.707106781186548));
#1342=DIRECTION('ref_axis',(7.85046229341866E-17,0.707106781186547,-0.707106781186547));
#1343=DIRECTION('center_axis',(-2.72843615422344E-30,1.,1.12412678993994E-29));
#1344=DIRECTION('ref_axis',(-0.755928946018432,0.,-0.654653670708004));
#1345=DIRECTION('center_axis',(0.,-1.,0.));
#1346=DIRECTION('ref_axis',(-1.,0.,0.));
#1347=DIRECTION('',(2.72843615422344E-30,-1.,-1.12412678993994E-29));
#1348=DIRECTION('center_axis',(0.,-0.990083008907729,-0.140483577233131));
#1349=DIRECTION('ref_axis',(-1.,0.,0.));
#1350=DIRECTION('center_axis',(-2.72843615422344E-30,1.,1.12412678993994E-29));
#1351=DIRECTION('ref_axis',(0.,0.,1.));
#1352=DIRECTION('center_axis',(-2.72843615422344E-30,1.,1.12412678993994E-29));
#1353=DIRECTION('ref_axis',(-0.992103384120731,-1.29697960527284E-30,-0.125422785873194));
#1354=DIRECTION('center_axis',(0.,0.,-1.));
#1355=DIRECTION('ref_axis',(0.,-1.,0.));
#1356=DIRECTION('center_axis',(-5.55111512312563E-17,-1.12412678993994E-29,
1.));
#1357=DIRECTION('ref_axis',(-0.70710678118661,-0.707106781186485,0.));
#1358=DIRECTION('',(-5.55111512312563E-17,-1.12412678993994E-29,1.));
#1359=DIRECTION('center_axis',(-0.0510696313538798,-0.989901663919625,0.132236865217444));
#1360=DIRECTION('ref_axis',(-0.1728726515712,0.139173100959768,0.975061995110047));
#1361=DIRECTION('center_axis',(-4.50080530007665E-31,1.,2.20881053461883E-29));
#1362=DIRECTION('ref_axis',(1.,4.50080530007637E-31,1.2533633341399E-15));
#1363=DIRECTION('center_axis',(1.32359024923724E-13,1.,2.1900105420282E-17));
#1364=DIRECTION('ref_axis',(0.999999986311518,-1.32359026735519E-13,0.000165459855496022));
#1365=DIRECTION('center_axis',(2.72843615422344E-30,-1.,-1.12412678993994E-29));
#1366=DIRECTION('ref_axis',(1.,4.50080530007637E-31,1.2533633341399E-15));
#1367=DIRECTION('center_axis',(2.40139008404215E-30,-1.,-1.14384831257047E-29));
#1368=DIRECTION('ref_axis',(1.,2.40139008404215E-30,5.55111512312567E-17));
#1369=DIRECTION('center_axis',(2.40139008404215E-30,-1.,-1.14384831257047E-29));
#1370=DIRECTION('ref_axis',(-1.,-2.47019088588505E-30,-5.55111512312563E-17));
#1371=DIRECTION('center_axis',(-2.72843615422344E-30,1.,1.12412678993994E-29));
#1372=DIRECTION('ref_axis',(0.,0.,1.));
#1373=DIRECTION('center_axis',(2.72843615422344E-30,-1.,-1.12412678993994E-29));
#1374=DIRECTION('ref_axis',(0.999999986311518,0.,0.000165459855499147));
#1375=DIRECTION('center_axis',(2.72843615422344E-30,-1.,-1.12412678993994E-29));
#1376=DIRECTION('ref_axis',(0.999915534416524,2.58210206130282E-30,0.012997077845345));
#1377=DIRECTION('center_axis',(-2.72843615422344E-30,1.,1.12412678993994E-29));
#1378=DIRECTION('ref_axis',(-1.,-2.72843615422344E-30,-5.55111512312573E-17));
#1379=DIRECTION('center_axis',(-3.79639310637612E-30,-1.08468374467889E-29,
1.));
#1380=DIRECTION('ref_axis',(-1.,-2.27835562421577E-30,-3.79639310637612E-30));
#1381=DIRECTION('center_axis',(3.79639310637612E-30,1.08468374467889E-29,
-1.));
#1382=DIRECTION('ref_axis',(-1.,-2.27835562421577E-30,-3.79639310637612E-30));
#1383=DIRECTION('',(0.707106781186539,-8.65956056235544E-17,0.707106781186556));
#1384=DIRECTION('center_axis',(3.79639310637612E-30,1.08468374467889E-29,
-1.));
#1385=DIRECTION('ref_axis',(-1.,-2.27835562421577E-30,-3.79639310637612E-30));
#1386=DIRECTION('',(3.79639310637612E-30,1.08468374467889E-29,-1.));
#1387=DIRECTION('center_axis',(-3.79639310637612E-30,-1.08468374467889E-29,
1.));
#1388=DIRECTION('ref_axis',(-1.,-2.27835562421577E-30,-3.79639310637612E-30));
#1389=DIRECTION('center_axis',(3.79639310637612E-30,1.08468374467889E-29,
-1.));
#1390=DIRECTION('ref_axis',(-1.,-2.27835562421577E-30,-3.79639310637612E-30));
#1391=DIRECTION('',(-0.707106781186548,8.65956056235401E-17,0.707106781186548));
#1392=DIRECTION('center_axis',(-3.99360833268137E-30,-1.10440526730942E-29,
1.));
#1393=DIRECTION('ref_axis',(1.,2.50575055431556E-30,3.99360833268137E-30));
#1394=DIRECTION('center_axis',(3.99360833268137E-30,1.10440526730942E-29,
-1.));
#1395=DIRECTION('ref_axis',(1.,2.50575055431556E-30,3.99360833268137E-30));
#1396=DIRECTION('',(-0.707106781186539,8.65956056235387E-17,0.707106781186556));
#1397=DIRECTION('center_axis',(3.99360833268137E-30,1.10440526730942E-29,
-1.));
#1398=DIRECTION('ref_axis',(1.,2.50575055431556E-30,3.99360833268137E-30));
#1399=DIRECTION('',(3.99360833268137E-30,1.10440526730942E-29,-1.));
#1400=DIRECTION('center_axis',(-3.99360833268137E-30,-1.10440526730942E-29,
1.));
#1401=DIRECTION('ref_axis',(1.,2.50575055431556E-30,3.99360833268137E-30));
#1402=DIRECTION('center_axis',(3.99360833268137E-30,1.10440526730942E-29,
-1.));
#1403=DIRECTION('ref_axis',(1.,2.50575055431556E-30,3.99360833268137E-30));
#1404=DIRECTION('',(0.707106781186548,-8.65956056235554E-17,0.707106781186548));
#1405=CARTESIAN_POINT('',(0.,0.,0.));
#1406=CARTESIAN_POINT('Origin',(-148.700000000001,320.2,65.5));
#1407=CARTESIAN_POINT('',(-145.800000000001,320.,65.3));
#1408=CARTESIAN_POINT('',(-145.800000000001,320.4,65.7));
#1409=CARTESIAN_POINT('',(-145.800000000001,320.,65.3));
#1410=CARTESIAN_POINT('',(-158.600000000001,320.4,65.7));
#1411=CARTESIAN_POINT('',(-148.700000000001,320.4,65.7));
#1412=CARTESIAN_POINT('',(-158.600000000001,320.,65.3));
#1413=CARTESIAN_POINT('',(-158.600000000001,320.4,65.7));
#1414=CARTESIAN_POINT('',(-148.700000000001,320.,65.3));
#1415=CARTESIAN_POINT('Origin',(-158.800000000001,359.3,65.5));
#1416=CARTESIAN_POINT('',(-159.000000000001,320.4,65.3));
#1417=CARTESIAN_POINT('',(-159.000000000001,320.4,65.3));
#1418=CARTESIAN_POINT('',(-158.600000000001,359.6,65.7));
#1419=CARTESIAN_POINT('',(-158.600000000001,359.3,65.7));
#1420=CARTESIAN_POINT('',(-159.000000000001,359.6,65.3));
#1421=CARTESIAN_POINT('',(-158.600000000001,359.6,65.7));
#1422=CARTESIAN_POINT('',(-159.000000000001,359.3,65.3));
#1423=CARTESIAN_POINT('Origin',(-148.700000000001,359.8,65.5));
#1424=CARTESIAN_POINT('',(-158.600000000001,360.,65.3));
#1425=CARTESIAN_POINT('',(-158.600000000001,360.,65.3));
#1426=CARTESIAN_POINT('',(-145.800000000001,359.6,65.7));
#1427=CARTESIAN_POINT('',(-148.700000000001,359.6,65.7));
#1428=CARTESIAN_POINT('',(-145.800000000001,360.,65.3));
#1429=CARTESIAN_POINT('',(-145.800000000001,359.6,65.7));
#1430=CARTESIAN_POINT('',(-148.700000000001,360.,65.3));
#1431=CARTESIAN_POINT('Origin',(-145.600000000001,363.5,65.5));
#1432=CARTESIAN_POINT('',(-145.400000000001,359.6,65.3));
#1433=CARTESIAN_POINT('',(-145.400000000001,359.6,65.3));
#1434=CARTESIAN_POINT('',(-145.800000000001,363.5,65.7));
#1435=CARTESIAN_POINT('',(-145.400000000001,320.4,65.3));
#1436=CARTESIAN_POINT('',(-145.800000000001,320.4,65.7));
#1437=CARTESIAN_POINT('',(-145.400000000001,363.5,65.3));
#1438=CARTESIAN_POINT('Origin',(-145.800000000001,359.6,65.3));
#1439=CARTESIAN_POINT('Origin',(-145.800000000001,359.6,65.3));
#1440=CARTESIAN_POINT('Origin',(-158.600000000001,359.6,65.3));
#1441=CARTESIAN_POINT('Origin',(-158.600000000001,359.6,65.3));
#1442=CARTESIAN_POINT('Origin',(-158.600000000001,320.4,65.3));
#1443=CARTESIAN_POINT('Origin',(-158.600000000001,320.4,65.3));
#1444=CARTESIAN_POINT('Origin',(-145.800000000001,320.4,65.3));
#1445=CARTESIAN_POINT('Origin',(-145.800000000001,320.4,65.3));
#1446=CARTESIAN_POINT('Origin',(-158.600000000001,359.6,59.6826505025312));
#1447=CARTESIAN_POINT('',(-158.600000000001,360.,58.7));
#1448=CARTESIAN_POINT('',(-158.600000000001,360.,59.6826505025312));
#1449=CARTESIAN_POINT('',(-159.000000000001,359.6,58.7));
#1450=CARTESIAN_POINT('Origin',(-158.600000000001,359.6,58.7));
#1451=CARTESIAN_POINT('',(-159.000000000001,359.6,59.6826505025312));
#1452=CARTESIAN_POINT('Origin',(-152.200000000001,360.,60.7));
#1453=CARTESIAN_POINT('',(-145.800000000001,360.,58.7));
#1454=CARTESIAN_POINT('',(-145.800000000001,360.,58.7));
#1455=CARTESIAN_POINT('',(-147.200000000001,360.,57.3));
#1456=CARTESIAN_POINT('Origin',(-147.200000000001,360.,58.7));
#1457=CARTESIAN_POINT('',(-157.200000000001,360.,57.3));
#1458=CARTESIAN_POINT('',(-155.700000000001,360.,57.3));
#1459=CARTESIAN_POINT('Origin',(-157.200000000001,360.,58.7));
#1460=CARTESIAN_POINT('Origin',(-145.800000000001,359.6,58.7));
#1461=CARTESIAN_POINT('',(-145.400000000001,359.6,58.7));
#1462=CARTESIAN_POINT('',(-145.400000000001,359.6,58.7));
#1463=CARTESIAN_POINT('Origin',(-145.800000000001,359.6,58.7));
#1464=CARTESIAN_POINT('Origin',(-145.400000000001,364.,56.7));
#1465=CARTESIAN_POINT('',(-145.400000000001,320.4,58.7));
#1466=CARTESIAN_POINT('',(-145.400000000001,320.4,58.7));
#1467=CARTESIAN_POINT('',(-145.400000000001,321.,58.7));
#1468=CARTESIAN_POINT('',(-145.400000000001,362.,58.7));
#1469=CARTESIAN_POINT('',(-145.400000000001,321.,63.5869742824725));
#1470=CARTESIAN_POINT('',(-145.400000000001,321.,58.7));
#1471=CARTESIAN_POINT('',(-145.400000000001,323.594878122672,63.2192297562525));
#1472=CARTESIAN_POINT('Ctrl Pts',(-145.400000000001,323.594878122672,63.2192297562532));
#1473=CARTESIAN_POINT('Ctrl Pts',(-145.400000000001,322.729939344092,63.3419565302806));
#1474=CARTESIAN_POINT('Ctrl Pts',(-145.400000000001,321.864977333672,63.4645195426057));
#1475=CARTESIAN_POINT('Ctrl Pts',(-145.400000000001,321.,63.5869742824725));
#1476=CARTESIAN_POINT('',(-145.400000000001,324.930939891888,63.1248711305964));
#1477=CARTESIAN_POINT('Ctrl Pts',(-145.400000000001,324.930939891888,63.1248711305964));
#1478=CARTESIAN_POINT('Ctrl Pts',(-145.400000000001,324.484107256404,63.1248711305964));
#1479=CARTESIAN_POINT('Ctrl Pts',(-145.400000000001,324.03727952289,63.1564571091951));
#1480=CARTESIAN_POINT('Ctrl Pts',(-145.400000000001,323.594878122672,63.2192297562525));
#1481=CARTESIAN_POINT('',(-145.400000000001,353.8,63.1248711305964));
#1482=CARTESIAN_POINT('',(-145.400000000001,360.4,63.1248711305964));
#1483=CARTESIAN_POINT('',(-145.400000000001,353.8,58.7));
#1484=CARTESIAN_POINT('',(-145.400000000001,353.8,58.7));
#1485=CARTESIAN_POINT('',(-145.400000000001,362.,58.7));
#1486=CARTESIAN_POINT('Origin',(-145.200000000001,363.,65.7));
#1487=CARTESIAN_POINT('',(-154.749997913838,352.5,65.7));
#1488=CARTESIAN_POINT('Origin',(-152.199997913838,352.5,65.7));
#1489=CARTESIAN_POINT('',(-149.650002086163,327.5,65.7));
#1490=CARTESIAN_POINT('Origin',(-152.200002086163,327.5,65.7));
#1491=CARTESIAN_POINT('Origin',(-145.800000000001,320.4,58.7));
#1492=CARTESIAN_POINT('',(-145.800000000001,320.,58.7));
#1493=CARTESIAN_POINT('',(-145.800000000001,320.,58.7));
#1494=CARTESIAN_POINT('Origin',(-145.800000000001,320.4,58.7));
#1495=CARTESIAN_POINT('Origin',(-159.000000000001,355.6,58.6653010050624));
#1496=CARTESIAN_POINT('',(-159.000000000001,359.,58.7));
#1497=CARTESIAN_POINT('',(-159.000000000001,357.8,58.7));
#1498=CARTESIAN_POINT('',(-159.000000000001,359.,63.5869742824726));
#1499=CARTESIAN_POINT('',(-159.000000000001,359.,59.6826505025312));
#1500=CARTESIAN_POINT('',(-159.000000000001,356.405121877329,63.2192297562525));
#1501=CARTESIAN_POINT('Ctrl Pts',(-159.000000000001,356.405121877329,63.2192297562532));
#1502=CARTESIAN_POINT('Ctrl Pts',(-159.000000000001,357.270060655908,63.3419565302806));
#1503=CARTESIAN_POINT('Ctrl Pts',(-159.000000000001,358.135022666328,63.4645195426057));
#1504=CARTESIAN_POINT('Ctrl Pts',(-159.000000000001,359.,63.5869742824726));
#1505=CARTESIAN_POINT('',(-159.000000000001,355.069060108112,63.1248711305964));
#1506=CARTESIAN_POINT('Ctrl Pts',(-159.000000000001,355.069060108112,63.1248711305965));
#1507=CARTESIAN_POINT('Ctrl Pts',(-159.000000000001,355.515892743597,63.1248711305965));
#1508=CARTESIAN_POINT('Ctrl Pts',(-159.000000000001,355.96272047711,63.1564571091951));
#1509=CARTESIAN_POINT('Ctrl Pts',(-159.000000000001,356.405121877329,63.2192297562525));
#1510=CARTESIAN_POINT('',(-159.000000000001,326.2,63.1248711305964));
#1511=CARTESIAN_POINT('',(-159.000000000001,359.6,63.1248711305964));
#1512=CARTESIAN_POINT('',(-159.000000000001,326.2,58.7));
#1513=CARTESIAN_POINT('',(-159.000000000001,326.2,59.6826505025312));
#1514=CARTESIAN_POINT('',(-159.000000000001,320.4,58.7));
#1515=CARTESIAN_POINT('',(-159.000000000001,357.8,58.7));
#1516=CARTESIAN_POINT('',(-159.000000000001,320.4,59.6826505025312));
#1517=CARTESIAN_POINT('Origin',(-147.200000000001,359.6,58.7));
#1518=CARTESIAN_POINT('',(-147.200000000001,359.6,56.9));
#1519=CARTESIAN_POINT('Origin',(-147.200000000001,359.6,57.3));
#1520=CARTESIAN_POINT('Origin',(-147.200000000001,359.6,58.7));
#1521=CARTESIAN_POINT('Origin',(-155.700000000001,359.6,57.3));
#1522=CARTESIAN_POINT('',(-157.200000000001,359.6,56.9));
#1523=CARTESIAN_POINT('Origin',(-157.200000000001,359.6,57.3));
#1524=CARTESIAN_POINT('',(-155.700000000001,359.6,56.9));
#1525=CARTESIAN_POINT('Origin',(-157.200000000001,359.6,58.7));
#1526=CARTESIAN_POINT('Origin',(-157.200000000001,359.6,58.7));
#1527=CARTESIAN_POINT('Origin',(-159.200000000001,360.,56.9));
#1528=CARTESIAN_POINT('',(-147.200000000001,320.4,56.9));
#1529=CARTESIAN_POINT('',(-147.200000000001,362.,56.9));
#1530=CARTESIAN_POINT('',(-157.200000000001,320.4,56.9));
#1531=CARTESIAN_POINT('',(-155.700000000001,320.4,56.9));
#1532=CARTESIAN_POINT('',(-157.200000000001,357.8,56.9));
#1533=CARTESIAN_POINT('',(-148.500002086163,327.5,56.9));
#1534=CARTESIAN_POINT('Origin',(-152.200002086163,327.5,56.9));
#1535=CARTESIAN_POINT('',(-155.899997913838,352.5,56.9));
#1536=CARTESIAN_POINT('Origin',(-152.199997913838,352.5,56.9));
#1537=CARTESIAN_POINT('Origin',(-147.200000000001,362.,58.7));
#1538=CARTESIAN_POINT('',(-145.480882880173,353.8,58.1664868058652));
#1539=CARTESIAN_POINT('Origin',(-147.200000000001,353.8,58.7));
#1540=CARTESIAN_POINT('',(-145.480882880173,324.930939891888,58.1664868058652));
#1541=CARTESIAN_POINT('',(-145.480882880173,362.,58.1664868058652));
#1542=CARTESIAN_POINT('',(-145.520869954375,323.594878122672,58.0515230999669));
#1543=CARTESIAN_POINT('Ctrl Pts',(-145.520869954375,323.594878122672,58.0515230999669));
#1544=CARTESIAN_POINT('Ctrl Pts',(-145.491529527551,324.037213107154,58.1274955705818));
#1545=CARTESIAN_POINT('Ctrl Pts',(-145.480882880173,324.484092492187,58.1664868058652));
#1546=CARTESIAN_POINT('Ctrl Pts',(-145.480882880173,324.930939891888,58.1664868058652));
#1547=CARTESIAN_POINT('',(-145.759217358161,321.000000000005,57.6210443109315));
#1548=CARTESIAN_POINT('Ctrl Pts',(-145.759217358161,321.000000000005,57.6210443109315));
#1549=CARTESIAN_POINT('Ctrl Pts',(-145.656495325735,321.864164133293,57.7582140971918));
#1550=CARTESIAN_POINT('Ctrl Pts',(-145.578282801266,322.72932456782,57.9028614649655));
#1551=CARTESIAN_POINT('Ctrl Pts',(-145.520869954375,323.594878122671,58.051523099967));
#1552=CARTESIAN_POINT('Origin',(-147.200000000001,321.,58.7));
#1553=CARTESIAN_POINT('Origin',(-147.200000000001,320.4,58.7));
#1554=CARTESIAN_POINT('Origin',(-147.200000000001,320.4,58.7));
#1555=CARTESIAN_POINT('',(-147.200000000001,320.,57.3));
#1556=CARTESIAN_POINT('Origin',(-147.200000000001,320.4,57.3));
#1557=CARTESIAN_POINT('Origin',(-147.200000000001,320.,58.7));
#1558=CARTESIAN_POINT('Origin',(-155.700000000001,320.4,57.3));
#1559=CARTESIAN_POINT('',(-157.200000000001,320.,57.3));
#1560=CARTESIAN_POINT('Origin',(-157.200000000001,320.4,57.3));
#1561=CARTESIAN_POINT('',(-155.700000000001,320.,57.3));
#1562=CARTESIAN_POINT('Origin',(-157.200000000001,320.4,58.7));
#1563=CARTESIAN_POINT('',(-158.600000000001,320.,58.7));
#1564=CARTESIAN_POINT('Origin',(-158.600000000001,320.4,58.7));
#1565=CARTESIAN_POINT('Origin',(-157.200000000001,320.4,58.7));
#1566=CARTESIAN_POINT('Origin',(-157.200000000001,320.,58.7));
#1567=CARTESIAN_POINT('Origin',(-157.200000000001,357.8,58.7));
#1568=CARTESIAN_POINT('',(-158.919117119828,326.2,58.1664868058652));
#1569=CARTESIAN_POINT('Origin',(-157.200000000001,326.2,58.7));
#1570=CARTESIAN_POINT('',(-158.919117119828,355.069060108112,58.1664868058652));
#1571=CARTESIAN_POINT('',(-158.919117119828,357.8,58.1664868058652));
#1572=CARTESIAN_POINT('',(-158.879130045627,356.405121877329,58.0515230999669));
#1573=CARTESIAN_POINT('Ctrl Pts',(-158.879130045627,356.405121877329,58.0515230999669));
#1574=CARTESIAN_POINT('Ctrl Pts',(-158.908470472451,355.962786892846,58.1274955705819));
#1575=CARTESIAN_POINT('Ctrl Pts',(-158.919117119828,355.515907507814,58.1664868058652));
#1576=CARTESIAN_POINT('Ctrl Pts',(-158.919117119828,355.069060108112,58.1664868058652));
#1577=CARTESIAN_POINT('',(-158.64078264184,358.999999999995,57.6210443109315));
#1578=CARTESIAN_POINT('Ctrl Pts',(-158.64078264184,358.999999999995,57.6210443109315));
#1579=CARTESIAN_POINT('Ctrl Pts',(-158.743504674266,358.135835866708,57.7582140971918));
#1580=CARTESIAN_POINT('Ctrl Pts',(-158.821717198736,357.27067543218,57.9028614649655));
#1581=CARTESIAN_POINT('Ctrl Pts',(-158.879130045627,356.405121877329,58.0515230999671));
#1582=CARTESIAN_POINT('Origin',(-157.200000000001,359.,58.7));
#1583=CARTESIAN_POINT('Origin',(-158.600000000001,320.4,59.6826505025312));
#1584=CARTESIAN_POINT('',(-158.600000000001,320.,59.6826505025312));
#1585=CARTESIAN_POINT('Origin',(-152.200000000001,320.,60.7));
#1586=CARTESIAN_POINT('Origin',(-145.862908906802,362.,58.2850452934507));
#1587=CARTESIAN_POINT('',(-145.795495207732,353.400027110219,58.6793236128873));
#1588=CARTESIAN_POINT('',(-145.795495207732,324.930939891888,58.6793236128873));
#1589=CARTESIAN_POINT('',(-145.795495207732,362.,58.6793236128873));
#1590=CARTESIAN_POINT('Origin',(-145.862908906802,324.930939891888,58.2850452934507));
#1591=CARTESIAN_POINT('Ctrl Pts',(-145.480882880173,353.8,58.1664868058652));
#1592=CARTESIAN_POINT('Ctrl Pts',(-145.48057562455,353.799085771099,58.1674768627347));
#1593=CARTESIAN_POINT('Ctrl Pts',(-145.480272217398,353.798171541397,58.168468114892));
#1594=CARTESIAN_POINT('Ctrl Pts',(-145.467244920343,353.75841283145,58.2116279955241));
#1595=CARTESIAN_POINT('Ctrl Pts',(-145.461457748414,353.719528126945,58.2559785983332));
#1596=CARTESIAN_POINT('Ctrl Pts',(-145.46491111797,353.645130104898,58.3438476785073));
#1597=CARTESIAN_POINT('Ctrl Pts',(-145.473607147679,353.609413490812,58.3874862329163));
#1598=CARTESIAN_POINT('Ctrl Pts',(-145.507927763628,353.538921870265,58.475967416721));
#1599=CARTESIAN_POINT('Ctrl Pts',(-145.535215159042,353.50435875129,58.5207495998125));
#1600=CARTESIAN_POINT('Ctrl Pts',(-145.600995107512,353.452963090675,58.5901980144242));
#1601=CARTESIAN_POINT('Ctrl Pts',(-145.635296351265,353.433934399614,58.6170251817028));
#1602=CARTESIAN_POINT('Ctrl Pts',(-145.707931560257,353.409260990428,58.6556905861326));
#1603=CARTESIAN_POINT('Ctrl Pts',(-145.743979411812,353.402140899206,58.6689340157959));
#1604=CARTESIAN_POINT('Ctrl Pts',(-145.786557847352,353.40020676281,58.67771724542));
#1605=CARTESIAN_POINT('Ctrl Pts',(-145.791024577278,353.400079288177,58.6785592245829));
#1606=CARTESIAN_POINT('Ctrl Pts',(-145.795495207732,353.400027110219,58.6793236128873));
#1607=CARTESIAN_POINT('Origin',(-147.200000000001,353.8,58.7));
#1608=CARTESIAN_POINT('',(-145.800000000001,353.4,58.7));
#1609=CARTESIAN_POINT('Origin',(-145.800000000001,353.8,58.7));
#1610=CARTESIAN_POINT('',(-145.800141105876,353.4,58.6801234676404));
#1611=CARTESIAN_POINT('Origin',(-147.200000000001,353.4,58.7));
#1612=CARTESIAN_POINT('Ctrl Pts',(-145.800141105876,353.4,58.6801234676404));
#1613=CARTESIAN_POINT('Ctrl Pts',(-145.798593201864,353.4,58.6798551419216));
#1614=CARTESIAN_POINT('Ctrl Pts',(-145.797044546139,353.400009027464,58.6795885187367));
#1615=CARTESIAN_POINT('Ctrl Pts',(-145.795495207732,353.400027110219,58.6793236128873));
#1616=CARTESIAN_POINT('Origin',(-145.800000000001,353.8,58.7));
#1617=CARTESIAN_POINT('',(-145.800000000001,353.4,62.7199009876724));
#1618=CARTESIAN_POINT('',(-145.800000000001,353.4,58.7));
#1619=CARTESIAN_POINT('',(-145.742857142858,353.404102672556,62.7289738031521));
#1620=CARTESIAN_POINT('Origin',(-145.800000000001,353.8,63.1248711305964));
#1621=CARTESIAN_POINT('Ctrl Pts',(-145.742857142858,353.404102672556,62.7289738031521));
#1622=CARTESIAN_POINT('Ctrl Pts',(-145.762147898292,353.401318291845,62.7261894224413));
#1623=CARTESIAN_POINT('Ctrl Pts',(-145.781336097451,353.4,62.7231349906915));
#1624=CARTESIAN_POINT('Ctrl Pts',(-145.800000000001,353.4,62.7199009876724));
#1625=CARTESIAN_POINT('Origin',(-145.800000000001,360.4,63.1248711305964));
#1626=CARTESIAN_POINT('',(-145.742857142858,324.930939891888,62.7289738031521));
#1627=CARTESIAN_POINT('Origin',(-145.800000000001,324.930939891888,63.1248711305964));
#1628=CARTESIAN_POINT('',(-145.742857142858,360.4,62.7289738031521));
#1629=CARTESIAN_POINT('Ctrl Pts',(-145.400000000001,324.930939891888,63.1248711305964));
#1630=CARTESIAN_POINT('Ctrl Pts',(-145.400000000001,324.484107256404,63.1248711305964));
#1631=CARTESIAN_POINT('Ctrl Pts',(-145.400000000001,324.03727952289,63.1564571091951));
#1632=CARTESIAN_POINT('Ctrl Pts',(-145.400000000001,323.594878122672,63.2192297562525));
#1633=CARTESIAN_POINT('Ctrl Pts',(-145.400000000001,324.930939891888,63.0297078800704));
#1634=CARTESIAN_POINT('Ctrl Pts',(-145.400000000001,324.479627187231,63.0297078800704));
#1635=CARTESIAN_POINT('Ctrl Pts',(-145.400006992892,324.028332853408,63.0614509093103));
#1636=CARTESIAN_POINT('Ctrl Pts',(-145.400000000001,323.581446950641,63.1245711813571));
#1637=CARTESIAN_POINT('Ctrl Pts',(-145.471190901957,324.930939891888,62.8401140986954));
#1638=CARTESIAN_POINT('Ctrl Pts',(-145.471190901957,324.470717352647,62.8401140986954));
#1639=CARTESIAN_POINT('Ctrl Pts',(-145.471439278435,324.010491676333,62.8721719387754));
#1640=CARTESIAN_POINT('Ctrl Pts',(-145.471886636256,323.554690018537,62.9359969410918));
#1641=CARTESIAN_POINT('Ctrl Pts',(-145.648669951473,324.930939891888,62.7425685532273));
#1642=CARTESIAN_POINT('Ctrl Pts',(-145.648669951473,324.46610294535,62.7425685532273));
#1643=CARTESIAN_POINT('Ctrl Pts',(-145.649425260537,324.001347121276,62.7750874518037));
#1644=CARTESIAN_POINT('Ctrl Pts',(-145.650776973214,323.541039153853,62.8397900431273));
#1645=CARTESIAN_POINT('Ctrl Pts',(-145.742857142858,324.930939891888,62.7289738031521));
#1646=CARTESIAN_POINT('Ctrl Pts',(-145.742857142858,324.465489229925,62.7289738031521));
#1647=CARTESIAN_POINT('Ctrl Pts',(-145.743802848796,324.000043674182,62.761737356822));
#1648=CARTESIAN_POINT('Ctrl Pts',(-145.745491828666,323.539208882287,62.8268908785806));
#1649=CARTESIAN_POINT('',(-145.745491828666,323.539208882287,62.8268908785806));
#1650=CARTESIAN_POINT('Origin',(-145.800000000001,323.594878122672,63.2192297562525));
#1651=CARTESIAN_POINT('Ctrl Pts',(-145.745491828666,323.539208882287,62.8268908785806));
#1652=CARTESIAN_POINT('Ctrl Pts',(-145.743802848796,324.000043674182,62.761737356822));
#1653=CARTESIAN_POINT('Ctrl Pts',(-145.742857142858,324.465489229925,62.7289738031521));
#1654=CARTESIAN_POINT('Ctrl Pts',(-145.742857142858,324.930939891888,62.7289738031521));
#1655=CARTESIAN_POINT('Ctrl Pts',(-145.752327321715,320.944330759616,63.1937462933618));
#1656=CARTESIAN_POINT('Ctrl Pts',(-145.750334513303,321.809308093288,63.0715331500164));
#1657=CARTESIAN_POINT('Ctrl Pts',(-145.748096964129,322.674270103707,62.9492557176126));
#1658=CARTESIAN_POINT('Ctrl Pts',(-145.745491828666,323.539208882288,62.8268908785813));
#1659=CARTESIAN_POINT('Ctrl Pts',(-145.656261571867,320.945947150943,63.2051639147767));
#1660=CARTESIAN_POINT('Ctrl Pts',(-145.65465912078,321.810988680406,63.0833975725509));
#1661=CARTESIAN_POINT('Ctrl Pts',(-145.652861615931,322.67601807483,62.9615862433295));
#1662=CARTESIAN_POINT('Ctrl Pts',(-145.650776973214,323.541039153853,62.8397900431279));
#1663=CARTESIAN_POINT('Ctrl Pts',(-145.473545562117,320.959404557261,63.3002223130723));
#1664=CARTESIAN_POINT('Ctrl Pts',(-145.47301131158,321.824496048439,63.1787500060281));
#1665=CARTESIAN_POINT('Ctrl Pts',(-145.472422041139,322.689586502961,63.0573014566674));
#1666=CARTESIAN_POINT('Ctrl Pts',(-145.471731850211,323.554671059975,62.9358633272493));
#1667=CARTESIAN_POINT('Ctrl Pts',(-145.400000000001,320.986437587438,63.4911741569039));
#1668=CARTESIAN_POINT('Ctrl Pts',(-145.400008560157,321.851453957156,63.3690540900839));
#1669=CARTESIAN_POINT('Ctrl Pts',(-145.3999891877,322.716458356596,63.246859440127));
#1670=CARTESIAN_POINT('Ctrl Pts',(-145.400000000001,323.581446950641,63.1245711813578));
#1671=CARTESIAN_POINT('Ctrl Pts',(-145.400000000001,321.,63.5869742824725));
#1672=CARTESIAN_POINT('Ctrl Pts',(-145.400000000001,321.864977333672,63.4645195426057));
#1673=CARTESIAN_POINT('Ctrl Pts',(-145.400000000001,322.729939344092,63.3419565302806));
#1674=CARTESIAN_POINT('Ctrl Pts',(-145.400000000001,323.594878122672,63.2192297562532));
#1675=CARTESIAN_POINT('',(-145.751253873514,321.399999999715,63.1293582000783));
#1676=CARTESIAN_POINT('Ctrl Pts',(-145.751254203506,321.400000006168,63.1293582456419));
#1677=CARTESIAN_POINT('Ctrl Pts',(-145.749537350229,322.113082466638,63.0285865595117));
#1678=CARTESIAN_POINT('Ctrl Pts',(-145.747639501692,322.826153569048,62.9277684213459));
#1679=CARTESIAN_POINT('Ctrl Pts',(-145.745491828666,323.539208882288,62.8268908785813));
#1680=CARTESIAN_POINT('',(-145.751261051945,321.397019540926,63.1297793938018));
#1681=CARTESIAN_POINT('Ctrl Pts',(-145.400000000001,321.,63.5869742824725));
#1682=CARTESIAN_POINT('Ctrl Pts',(-145.400000000001,321.000885765075,63.5859542875077));
#1683=CARTESIAN_POINT('Ctrl Pts',(-145.400002942175,321.001771533198,63.5849342888815));
#1684=CARTESIAN_POINT('Ctrl Pts',(-145.400431192411,321.066234325233,63.5107027065006));
#1685=CARTESIAN_POINT('Ctrl Pts',(-145.416020140603,321.131005151683,63.4361155640722));
#1686=CARTESIAN_POINT('Ctrl Pts',(-145.47332200196,321.236696537253,63.3144049037919));
#1687=CARTESIAN_POINT('Ctrl Pts',(-145.506862344603,321.277084570416,63.2678949648184));
#1688=CARTESIAN_POINT('Ctrl Pts',(-145.576461968552,321.333855881562,63.2025181002252));
#1689=CARTESIAN_POINT('Ctrl Pts',(-145.611043902191,321.355148445102,63.177997827334));
#1690=CARTESIAN_POINT('Ctrl Pts',(-145.681823289369,321.383605570124,63.1452268509791));
#1691=CARTESIAN_POINT('Ctrl Pts',(-145.715523616413,321.392632337497,63.1348316737194));
#1692=CARTESIAN_POINT('Ctrl Pts',(-145.751261051808,321.397019539732,63.1297793941344));
#1693=CARTESIAN_POINT('Ctrl Pts',(-145.751261062169,321.397019552783,63.1297794775325));
#1694=CARTESIAN_POINT('Ctrl Pts',(-145.751258670905,321.398013039082,63.1296390798075));
#1695=CARTESIAN_POINT('Ctrl Pts',(-145.75125627929,321.399006525358,63.1294986819924));
#1696=CARTESIAN_POINT('Ctrl Pts',(-145.751253887324,321.400000011612,63.1293582840871));
#1697=CARTESIAN_POINT('Origin',(-147.200000000001,321.,58.7));
#1698=CARTESIAN_POINT('',(-145.866355161556,321.4,58.2740992546494));
#1699=CARTESIAN_POINT('',(-145.800000000001,321.4,58.7));
#1700=CARTESIAN_POINT('Origin',(-147.200000000001,321.4,58.7));
#1701=CARTESIAN_POINT('Origin',(-145.800000000001,321.,58.7));
#1702=CARTESIAN_POINT('Ctrl Pts',(-145.759217358161,321.000000000005,57.6210443109315));
#1703=CARTESIAN_POINT('Ctrl Pts',(-145.758470768351,321.000923011437,57.6220412690541));
#1704=CARTESIAN_POINT('Ctrl Pts',(-145.757727772465,321.001846030814,57.6230409145757));
#1705=CARTESIAN_POINT('Ctrl Pts',(-145.7203809531,321.048468214742,57.6736682739525));
#1706=CARTESIAN_POINT('Ctrl Pts',(-145.692498806689,321.094319064346,57.7299970309483));
#1707=CARTESIAN_POINT('Ctrl Pts',(-145.660111571269,321.180365853349,57.8463624166922));
#1708=CARTESIAN_POINT('Ctrl Pts',(-145.654081842492,321.221112600552,57.9064206382753));
#1709=CARTESIAN_POINT('Ctrl Pts',(-145.666204393299,321.291448884258,58.0196070447324));
#1710=CARTESIAN_POINT('Ctrl Pts',(-145.681064077338,321.319639888851,58.0691469795032));
#1711=CARTESIAN_POINT('Ctrl Pts',(-145.721617840032,321.359880697986,58.1478943964852));
#1712=CARTESIAN_POINT('Ctrl Pts',(-145.745096600211,321.374926895468,58.1807818482147));
#1713=CARTESIAN_POINT('Ctrl Pts',(-145.799053699195,321.393912965331,58.2334195170394));
#1714=CARTESIAN_POINT('Ctrl Pts',(-145.827092454345,321.399129596441,58.2539429802016));
#1715=CARTESIAN_POINT('Ctrl Pts',(-145.860969768208,321.399966963883,58.2714487129835));
#1716=CARTESIAN_POINT('Ctrl Pts',(-145.863656554224,321.4,58.2727928032089));
#1717=CARTESIAN_POINT('Ctrl Pts',(-145.866355161556,321.4,58.2740992546495));
#1718=CARTESIAN_POINT('Origin',(-145.800000000001,321.,58.7));
#1719=CARTESIAN_POINT('',(-145.800000000001,321.4,63.1228155439907));
#1720=CARTESIAN_POINT('',(-145.800000000001,321.4,58.7));
#1721=CARTESIAN_POINT('Ctrl Pts',(-145.800000000001,321.4,63.1228155439907));
#1722=CARTESIAN_POINT('Ctrl Pts',(-145.797372437846,321.4,63.1231951216917));
#1723=CARTESIAN_POINT('Ctrl Pts',(-145.794753531174,321.399974105293,63.123572761287));
#1724=CARTESIAN_POINT('Ctrl Pts',(-145.778708302461,321.399658931121,63.125882306159));
#1725=CARTESIAN_POINT('Ctrl Pts',(-145.765028365122,321.398709643867,63.1278330788703));
#1726=CARTESIAN_POINT('Ctrl Pts',(-145.751261052129,321.397019539772,63.129779394089));
#1727=CARTESIAN_POINT('Ctrl Pts',(-145.520869954375,323.594878122672,58.0515230999669));
#1728=CARTESIAN_POINT('Ctrl Pts',(-145.491529527551,324.037213107154,58.1274955705818));
#1729=CARTESIAN_POINT('Ctrl Pts',(-145.480882880173,324.484092492187,58.1664868058652));
#1730=CARTESIAN_POINT('Ctrl Pts',(-145.480882880173,324.930939891888,58.1664868058652));
#1731=CARTESIAN_POINT('Ctrl Pts',(-145.496932137675,323.58536307003,58.113506352177));
#1732=CARTESIAN_POINT('Ctrl Pts',(-145.470764374077,324.031131591973,58.1896319374927));
#1733=CARTESIAN_POINT('Ctrl Pts',(-145.461660925197,324.4810458208,58.2284249026914));
#1734=CARTESIAN_POINT('Ctrl Pts',(-145.461660925197,324.930939891888,58.2284249026914));
#1735=CARTESIAN_POINT('Ctrl Pts',(-145.48145468281,323.566388448776,58.2495696292939));
#1736=CARTESIAN_POINT('Ctrl Pts',(-145.460716584423,324.01900732622,58.323984095831));
#1737=CARTESIAN_POINT('Ctrl Pts',(-145.454112956453,324.474963734469,58.3615364593084));
#1738=CARTESIAN_POINT('Ctrl Pts',(-145.454112956453,324.930939891888,58.3615364593084));
#1739=CARTESIAN_POINT('Ctrl Pts',(-145.573282819704,323.541288980929,58.4729236390491));
#1740=CARTESIAN_POINT('Ctrl Pts',(-145.556329815448,324.002593945173,58.5405637594977));
#1741=CARTESIAN_POINT('Ctrl Pts',(-145.551089893085,324.466769487642,58.5745530616528));
#1742=CARTESIAN_POINT('Ctrl Pts',(-145.551089893085,324.930939891888,58.5745530616528));
#1743=CARTESIAN_POINT('Ctrl Pts',(-145.725825886772,323.536496858241,58.5677084662826));
#1744=CARTESIAN_POINT('Ctrl Pts',(-145.706448411003,323.998828437007,58.6308203215241));
#1745=CARTESIAN_POINT('Ctrl Pts',(-145.699608355698,324.464845040683,58.662928880869));
#1746=CARTESIAN_POINT('Ctrl Pts',(-145.699608355698,324.930939891888,58.662928880869));
#1747=CARTESIAN_POINT('Ctrl Pts',(-145.824860903885,323.539208882287,58.585653875796));
#1748=CARTESIAN_POINT('Ctrl Pts',(-145.803452238356,323.999974491123,58.647624505483));
#1749=CARTESIAN_POINT('Ctrl Pts',(-145.795495207732,324.465473850532,58.6793236128873));
#1750=CARTESIAN_POINT('Ctrl Pts',(-145.795495207732,324.930939891888,58.6793236128873));
#1751=CARTESIAN_POINT('',(-145.824860903885,323.539208882287,58.585653875796));
#1752=CARTESIAN_POINT('Ctrl Pts',(-145.795495207732,324.930939891888,58.6793236128873));
#1753=CARTESIAN_POINT('Ctrl Pts',(-145.795495207732,324.465473850532,58.6793236128873));
#1754=CARTESIAN_POINT('Ctrl Pts',(-145.803452238356,323.999974491123,58.647624505483));
#1755=CARTESIAN_POINT('Ctrl Pts',(-145.824860903885,323.539208882287,58.585653875796));
#1756=CARTESIAN_POINT('Origin',(-145.894009964514,323.594878122672,58.195629077752));
#1757=CARTESIAN_POINT('Ctrl Pts',(-145.824860903886,323.539208882287,58.5856538757962));
#1758=CARTESIAN_POINT('Ctrl Pts',(-145.865868187749,322.673655327436,58.4693815413713));
#1759=CARTESIAN_POINT('Ctrl Pts',(-145.921070534577,321.808494892908,58.355837677313));
#1760=CARTESIAN_POINT('Ctrl Pts',(-145.993663370172,320.944330759621,58.2475313406616));
#1761=CARTESIAN_POINT('Ctrl Pts',(-145.758837559143,323.537400866256,58.5736902694539));
#1762=CARTESIAN_POINT('Ctrl Pts',(-145.797049250206,322.671004704425,58.456178143942));
#1763=CARTESIAN_POINT('Ctrl Pts',(-145.849706024326,321.804915289872,58.3409511620896));
#1764=CARTESIAN_POINT('Ctrl Pts',(-145.919902145763,320.939613816449,58.2305009324072));
#1765=CARTESIAN_POINT('Ctrl Pts',(-145.633153907205,323.538608077283,58.5161145097522));
#1766=CARTESIAN_POINT('Ctrl Pts',(-145.666687766929,322.670972275298,58.3931003383419));
#1767=CARTESIAN_POINT('Ctrl Pts',(-145.715496285936,321.803473443679,58.2716221355866));
#1768=CARTESIAN_POINT('Ctrl Pts',(-145.782519445004,320.936391421704,58.1537206858746));
#1769=CARTESIAN_POINT('Ctrl Pts',(-145.487711999142,323.556959384868,58.3225704893338));
#1770=CARTESIAN_POINT('Ctrl Pts',(-145.52277105351,322.689166943677,58.1839703343669));
#1771=CARTESIAN_POINT('Ctrl Pts',(-145.57549097642,321.821445781327,58.0461586169436));
#1772=CARTESIAN_POINT('Ctrl Pts',(-145.649642147938,320.954029624166,57.9113446329571));
#1773=CARTESIAN_POINT('Ctrl Pts',(-145.484963229325,323.580605543708,58.1444979782821));
#1774=CARTESIAN_POINT('Ctrl Pts',(-145.532432492185,322.714193616547,57.9966976636706));
#1775=CARTESIAN_POINT('Ctrl Pts',(-145.600305224373,321.848075707168,57.8514496414388));
#1776=CARTESIAN_POINT('Ctrl Pts',(-145.691816669747,320.982656968182,57.7110477678844));
#1777=CARTESIAN_POINT('Ctrl Pts',(-145.520869954375,323.594878122671,58.051523099967));
#1778=CARTESIAN_POINT('Ctrl Pts',(-145.578282801266,322.72932456782,57.9028614649655));
#1779=CARTESIAN_POINT('Ctrl Pts',(-145.656495325735,321.864164133293,57.7582140971918));
#1780=CARTESIAN_POINT('Ctrl Pts',(-145.759217358161,321.000000000005,57.6210443109315));
#1781=CARTESIAN_POINT('',(-145.956997400034,321.399999964948,58.3051119348087));
#1782=CARTESIAN_POINT('Ctrl Pts',(-145.824860903886,323.539208882287,58.5856538757962));
#1783=CARTESIAN_POINT('Ctrl Pts',(-145.858661945601,322.825759732343,58.4898141698733));
#1784=CARTESIAN_POINT('Ctrl Pts',(-145.902107393307,322.112577676107,58.3958282405779));
#1785=CARTESIAN_POINT('Ctrl Pts',(-145.956986764626,321.400000509836,58.3051012220186));
#1786=CARTESIAN_POINT('Ctrl Pts',(-145.956997394637,321.4,58.305111943737));
#1787=CARTESIAN_POINT('Ctrl Pts',(-145.931076183122,321.4,58.2996244276631));
#1788=CARTESIAN_POINT('Ctrl Pts',(-145.905772497431,321.4,58.2915588574231));
#1789=CARTESIAN_POINT('Ctrl Pts',(-145.876375702775,321.4,58.2788212769809));
#1790=CARTESIAN_POINT('Ctrl Pts',(-145.871339297514,321.4,58.2765121776131));
#1791=CARTESIAN_POINT('Ctrl Pts',(-145.866355161556,321.4,58.2740992546494));
#1792=CARTESIAN_POINT('Origin',(-145.450000000002,321.427834620192,60.7000000000004));
#1793=CARTESIAN_POINT('Origin',(-145.450000000002,323.539208882287,60.7000000000004));
#1794=CARTESIAN_POINT('Origin',(-145.450000000002,321.4,60.7000000000004));
#1795=CARTESIAN_POINT('Origin',(-158.050000000001,353.4,60.6999999999999));
#1796=CARTESIAN_POINT('Origin',(-145.450000000001,353.4,60.7));
#1797=CARTESIAN_POINT('Origin',(-145.450000000001,324.930939891888,60.7));
#1798=CARTESIAN_POINT('Origin',(-145.450000000001,324.930939891888,60.7));
#1799=CARTESIAN_POINT('Origin',(-145.450000000001,360.4,60.7));
#1800=CARTESIAN_POINT('Origin',(-146.350000000001,321.4,60.7));
#1801=CARTESIAN_POINT('Origin',(-158.5370910932,357.8,58.2850452934507));
#1802=CARTESIAN_POINT('',(-158.604504792269,326.599972889782,58.6793236128873));
#1803=CARTESIAN_POINT('',(-158.604504792269,355.069060108112,58.6793236128873));
#1804=CARTESIAN_POINT('',(-158.604504792269,357.8,58.6793236128873));
#1805=CARTESIAN_POINT('Origin',(-158.5370910932,355.069060108112,58.2850452934507));
#1806=CARTESIAN_POINT('Ctrl Pts',(-158.919117119828,326.2,58.1664868058652));
#1807=CARTESIAN_POINT('Ctrl Pts',(-158.919424375452,326.200914228902,58.1674768627353));
#1808=CARTESIAN_POINT('Ctrl Pts',(-158.919727782604,326.2018284586,58.1684681148918));
#1809=CARTESIAN_POINT('Ctrl Pts',(-158.932755079651,326.241587168561,58.2116279954996));
#1810=CARTESIAN_POINT('Ctrl Pts',(-158.938542251584,326.280471873034,58.2559785983089));
#1811=CARTESIAN_POINT('Ctrl Pts',(-158.935088882036,326.354869895067,58.3438476784655));
#1812=CARTESIAN_POINT('Ctrl Pts',(-158.926392852335,326.390586509147,58.3874862328656));
#1813=CARTESIAN_POINT('Ctrl Pts',(-158.892072236402,326.461078129695,58.475967416669));
#1814=CARTESIAN_POINT('Ctrl Pts',(-158.864784840992,326.495641248676,58.5207495997677));
#1815=CARTESIAN_POINT('Ctrl Pts',(-158.799004892527,326.547036909303,58.5901980143922));
#1816=CARTESIAN_POINT('Ctrl Pts',(-158.764703648776,326.566065600368,58.6170251816765));
#1817=CARTESIAN_POINT('Ctrl Pts',(-158.692068439784,326.590739009563,58.6556905861161));
#1818=CARTESIAN_POINT('Ctrl Pts',(-158.65602058823,326.597859100789,58.6689340157835));
#1819=CARTESIAN_POINT('Ctrl Pts',(-158.613442152676,326.59979323719,58.6777172454149));
#1820=CARTESIAN_POINT('Ctrl Pts',(-158.608975422737,326.599920711823,58.6785592245806));
#1821=CARTESIAN_POINT('Ctrl Pts',(-158.604504792269,326.599972889782,58.6793236128873));
#1822=CARTESIAN_POINT('Origin',(-157.200000000001,326.2,58.7));
#1823=CARTESIAN_POINT('',(-158.600000000001,326.6,58.7));
#1824=CARTESIAN_POINT('Origin',(-158.600000000001,326.2,58.7));
#1825=CARTESIAN_POINT('',(-158.599858894126,326.6,58.6801234676405));
#1826=CARTESIAN_POINT('Origin',(-157.200000000001,326.6,58.7));
#1827=CARTESIAN_POINT('Ctrl Pts',(-158.599858894126,326.6,58.6801234676404));
#1828=CARTESIAN_POINT('Ctrl Pts',(-158.601406798137,326.6,58.6798551419216));
#1829=CARTESIAN_POINT('Ctrl Pts',(-158.602955453863,326.599990972537,58.6795885187367));
#1830=CARTESIAN_POINT('Ctrl Pts',(-158.604504792269,326.599972889782,58.6793236128873));
#1831=CARTESIAN_POINT('Origin',(-158.600000000001,326.2,59.6826505025312));
#1832=CARTESIAN_POINT('',(-158.600000000001,326.6,62.7199009876724));
#1833=CARTESIAN_POINT('',(-158.600000000001,326.6,59.6826505025312));
#1834=CARTESIAN_POINT('',(-158.657142857143,326.595897327444,62.7289738031521));
#1835=CARTESIAN_POINT('Origin',(-158.600000000001,326.2,63.1248711305964));
#1836=CARTESIAN_POINT('Ctrl Pts',(-158.657142857143,326.595897327444,62.7289738031521));
#1837=CARTESIAN_POINT('Ctrl Pts',(-158.637852101709,326.598681708155,62.7261894224414));
#1838=CARTESIAN_POINT('Ctrl Pts',(-158.61866390255,326.6,62.7231349906915));
#1839=CARTESIAN_POINT('Ctrl Pts',(-158.600000000001,326.6,62.7199009876724));
#1840=CARTESIAN_POINT('Origin',(-158.600000000001,359.6,63.1248711305964));
#1841=CARTESIAN_POINT('',(-158.657142857143,355.069060108112,62.7289738031521));
#1842=CARTESIAN_POINT('Origin',(-158.600000000001,355.069060108112,63.1248711305964));
#1843=CARTESIAN_POINT('',(-158.657142857143,359.6,62.7289738031521));
#1844=CARTESIAN_POINT('Ctrl Pts',(-159.000000000001,355.069060108112,63.1248711305965));
#1845=CARTESIAN_POINT('Ctrl Pts',(-159.000000000001,355.515892743597,63.1248711305965));
#1846=CARTESIAN_POINT('Ctrl Pts',(-159.000000000001,355.96272047711,63.1564571091951));
#1847=CARTESIAN_POINT('Ctrl Pts',(-159.000000000001,356.405121877329,63.2192297562525));
#1848=CARTESIAN_POINT('Ctrl Pts',(-159.000000000001,355.069060108112,63.0297078800705));
#1849=CARTESIAN_POINT('Ctrl Pts',(-159.000000000001,355.520372812769,63.0297078800705));
#1850=CARTESIAN_POINT('Ctrl Pts',(-158.999993007109,355.971667146592,63.0614509093103));
#1851=CARTESIAN_POINT('Ctrl Pts',(-159.000000000001,356.418553049359,63.1245711813572));
#1852=CARTESIAN_POINT('Ctrl Pts',(-158.928807911455,355.069060108112,62.8401151263114));
#1853=CARTESIAN_POINT('Ctrl Pts',(-158.928807911455,355.529282647352,62.8401151263114));
#1854=CARTESIAN_POINT('Ctrl Pts',(-158.928559517061,355.989508176137,62.8721729785239));
#1855=CARTESIAN_POINT('Ctrl Pts',(-158.92811215924,356.445309833933,62.9359979808403));
#1856=CARTESIAN_POINT('Ctrl Pts',(-158.751330048529,355.069060108112,62.7425685532273));
#1857=CARTESIAN_POINT('Ctrl Pts',(-158.751330048529,355.53389705465,62.7425685532273));
#1858=CARTESIAN_POINT('Ctrl Pts',(-158.750574739464,355.998652878724,62.7750874518036));
#1859=CARTESIAN_POINT('Ctrl Pts',(-158.749223026787,356.458960846147,62.8397900431274));
#1860=CARTESIAN_POINT('Ctrl Pts',(-158.657142857143,355.069060108112,62.7289738031521));
#1861=CARTESIAN_POINT('Ctrl Pts',(-158.657142857143,355.534510770075,62.7289738031521));
#1862=CARTESIAN_POINT('Ctrl Pts',(-158.656197151205,355.999956325818,62.761737356822));
#1863=CARTESIAN_POINT('Ctrl Pts',(-158.654508171335,356.460791117713,62.8268908785807));
#1864=CARTESIAN_POINT('',(-158.654508171335,356.460791117713,62.8268908785806));
#1865=CARTESIAN_POINT('Origin',(-158.600000000001,356.405121877329,63.2192297562525));
#1866=CARTESIAN_POINT('Ctrl Pts',(-158.654508171335,356.460791117713,62.8268908785807));
#1867=CARTESIAN_POINT('Ctrl Pts',(-158.656197151205,355.999956325818,62.761737356822));
#1868=CARTESIAN_POINT('Ctrl Pts',(-158.657142857143,355.534510770075,62.7289738031521));
#1869=CARTESIAN_POINT('Ctrl Pts',(-158.657142857143,355.069060108112,62.7289738031521));
#1870=CARTESIAN_POINT('Ctrl Pts',(-158.647672678287,359.055669240384,63.1937462933618));
#1871=CARTESIAN_POINT('Ctrl Pts',(-158.649665486699,358.190691906713,63.0715331500164));
#1872=CARTESIAN_POINT('Ctrl Pts',(-158.651903035872,357.325729896293,62.9492557176126));
#1873=CARTESIAN_POINT('Ctrl Pts',(-158.654508171335,356.460791117713,62.8268908785813));
#1874=CARTESIAN_POINT('Ctrl Pts',(-158.743738428134,359.054052849057,63.2051639147767));
#1875=CARTESIAN_POINT('Ctrl Pts',(-158.745340879221,358.189011319594,63.083397572551));
#1876=CARTESIAN_POINT('Ctrl Pts',(-158.747138384071,357.32398192517,62.9615862433295));
#1877=CARTESIAN_POINT('Ctrl Pts',(-158.749223026787,356.458960846147,62.8397900431279));
#1878=CARTESIAN_POINT('Ctrl Pts',(-158.926453558637,359.040595333402,63.3002230853877));
#1879=CARTESIAN_POINT('Ctrl Pts',(-158.926987809175,358.175503842224,63.1787507783435));
#1880=CARTESIAN_POINT('Ctrl Pts',(-158.92757711245,357.310413393369,63.0573021873043));
#1881=CARTESIAN_POINT('Ctrl Pts',(-158.928267303378,356.445328836355,62.9358640578862));
#1882=CARTESIAN_POINT('Ctrl Pts',(-159.000000000001,359.013562412562,63.491174156904));
#1883=CARTESIAN_POINT('Ctrl Pts',(-158.999991439844,358.148546042844,63.369054090084));
#1884=CARTESIAN_POINT('Ctrl Pts',(-159.000010812301,357.283541643404,63.246859440127));
#1885=CARTESIAN_POINT('Ctrl Pts',(-159.000000000001,356.418553049359,63.1245711813578));
#1886=CARTESIAN_POINT('Ctrl Pts',(-159.000000000001,359.,63.5869742824726));
#1887=CARTESIAN_POINT('Ctrl Pts',(-159.000000000001,358.135022666328,63.4645195426057));
#1888=CARTESIAN_POINT('Ctrl Pts',(-159.000000000001,357.270060655908,63.3419565302806));
#1889=CARTESIAN_POINT('Ctrl Pts',(-159.000000000001,356.405121877329,63.2192297562532));
#1890=CARTESIAN_POINT('',(-158.648746126487,358.600000000285,63.1293582000784));
#1891=CARTESIAN_POINT('Ctrl Pts',(-158.648745796496,358.599999993832,63.1293582456419));
#1892=CARTESIAN_POINT('Ctrl Pts',(-158.650462649773,357.886917533362,63.0285865595117));
#1893=CARTESIAN_POINT('Ctrl Pts',(-158.652360498309,357.173846430952,62.9277684213459));
#1894=CARTESIAN_POINT('Ctrl Pts',(-158.654508171335,356.460791117713,62.8268908785813));
#1895=CARTESIAN_POINT('',(-158.648738948057,358.602980459074,63.1297793938019));
#1896=CARTESIAN_POINT('Ctrl Pts',(-159.000000000001,359.,63.5869742824726));
#1897=CARTESIAN_POINT('Ctrl Pts',(-159.000000000001,358.999114234929,63.5859542875124));
#1898=CARTESIAN_POINT('Ctrl Pts',(-158.999997057826,358.998228466798,63.5849342888769));
#1899=CARTESIAN_POINT('Ctrl Pts',(-158.99956880759,358.933765674767,63.5107027065013));
#1900=CARTESIAN_POINT('Ctrl Pts',(-158.983979859399,358.868994848317,63.4361155640723));
#1901=CARTESIAN_POINT('Ctrl Pts',(-158.926677998042,358.763303462749,63.3144049037941));
#1902=CARTESIAN_POINT('Ctrl Pts',(-158.8931376554,358.722915429586,63.2678949648199));
#1903=CARTESIAN_POINT('Ctrl Pts',(-158.823538031449,358.666144118438,63.2025181002253));
#1904=CARTESIAN_POINT('Ctrl Pts',(-158.78895609781,358.644851554898,63.177997827334));
#1905=CARTESIAN_POINT('Ctrl Pts',(-158.718176710632,358.616394429876,63.145226850979));
#1906=CARTESIAN_POINT('Ctrl Pts',(-158.684476383588,358.607367662504,63.1348316737194));
#1907=CARTESIAN_POINT('Ctrl Pts',(-158.648738948194,358.602980460268,63.1297793941345));
#1908=CARTESIAN_POINT('Ctrl Pts',(-158.648738937833,358.602980447217,63.1297794775325));
#1909=CARTESIAN_POINT('Ctrl Pts',(-158.648741329096,358.601986960919,63.1296390798075));
#1910=CARTESIAN_POINT('Ctrl Pts',(-158.648743720711,358.600993474642,63.1294986819924));
#1911=CARTESIAN_POINT('Ctrl Pts',(-158.648746112677,358.599999988388,63.1293582840871));
#1912=CARTESIAN_POINT('Origin',(-157.200000000001,359.,58.7));
#1913=CARTESIAN_POINT('',(-158.533644838445,358.6,58.2740992546494));
#1914=CARTESIAN_POINT('',(-158.600000000001,358.6,58.7));
#1915=CARTESIAN_POINT('Origin',(-157.200000000001,358.6,58.7));
#1916=CARTESIAN_POINT('Origin',(-158.600000000001,359.,58.7));
#1917=CARTESIAN_POINT('Ctrl Pts',(-158.64078264184,358.999999999995,57.6210443109315));
#1918=CARTESIAN_POINT('Ctrl Pts',(-158.64152923165,358.999076988563,57.6220412690547));
#1919=CARTESIAN_POINT('Ctrl Pts',(-158.642272227536,358.998153969188,57.6230409145749));
#1920=CARTESIAN_POINT('Ctrl Pts',(-158.6796190469,358.951531785243,57.6736682739508));
#1921=CARTESIAN_POINT('Ctrl Pts',(-158.707501193312,358.905680935655,57.7299970309473));
#1922=CARTESIAN_POINT('Ctrl Pts',(-158.739888428732,358.819634146652,57.8463624166922));
#1923=CARTESIAN_POINT('Ctrl Pts',(-158.74591815751,358.778887399448,57.9064206382752));
#1924=CARTESIAN_POINT('Ctrl Pts',(-158.733795606703,358.708551115743,58.0196070447313));
#1925=CARTESIAN_POINT('Ctrl Pts',(-158.718935922664,358.68036011115,58.0691469795023));
#1926=CARTESIAN_POINT('Ctrl Pts',(-158.678382159969,358.640119302015,58.1478943964856));
#1927=CARTESIAN_POINT('Ctrl Pts',(-158.65490339979,358.625073104533,58.1807818482148));
#1928=CARTESIAN_POINT('Ctrl Pts',(-158.600946300807,358.60608703467,58.2334195170389));
#1929=CARTESIAN_POINT('Ctrl Pts',(-158.572907545656,358.600870403559,58.2539429802014));
#1930=CARTESIAN_POINT('Ctrl Pts',(-158.539030231793,358.600033036117,58.2714487129835));
#1931=CARTESIAN_POINT('Ctrl Pts',(-158.536343445777,358.6,58.2727928032088));
#1932=CARTESIAN_POINT('Ctrl Pts',(-158.533644838445,358.6,58.2740992546494));
#1933=CARTESIAN_POINT('Origin',(-158.600000000001,359.,59.6826505025312));
#1934=CARTESIAN_POINT('',(-158.600000000001,358.6,63.1228155439907));
#1935=CARTESIAN_POINT('',(-158.600000000001,358.6,59.6826505025312));
#1936=CARTESIAN_POINT('Ctrl Pts',(-158.600000000001,358.6,63.1228155439907));
#1937=CARTESIAN_POINT('Ctrl Pts',(-158.602627562155,358.6,63.1231951216917));
#1938=CARTESIAN_POINT('Ctrl Pts',(-158.605246468828,358.600025894707,63.123572761287));
#1939=CARTESIAN_POINT('Ctrl Pts',(-158.621291697541,358.60034106888,63.125882306159));
#1940=CARTESIAN_POINT('Ctrl Pts',(-158.634971634879,358.601290356133,63.1278330788704));
#1941=CARTESIAN_POINT('Ctrl Pts',(-158.648738947872,358.602980460229,63.1297793940891));
#1942=CARTESIAN_POINT('Ctrl Pts',(-158.879130045627,356.405121877329,58.0515230999669));
#1943=CARTESIAN_POINT('Ctrl Pts',(-158.908470472451,355.962786892846,58.1274955705819));
#1944=CARTESIAN_POINT('Ctrl Pts',(-158.919117119828,355.515907507814,58.1664868058652));
#1945=CARTESIAN_POINT('Ctrl Pts',(-158.919117119828,355.069060108112,58.1664868058652));
#1946=CARTESIAN_POINT('Ctrl Pts',(-158.903067862326,356.414636929971,58.113506352177));
#1947=CARTESIAN_POINT('Ctrl Pts',(-158.929235625925,355.968868408027,58.1896319374927));
#1948=CARTESIAN_POINT('Ctrl Pts',(-158.938339074805,355.518954179201,58.2284249026914));
#1949=CARTESIAN_POINT('Ctrl Pts',(-158.938339074805,355.069060108112,58.2284249026914));
#1950=CARTESIAN_POINT('Ctrl Pts',(-158.91854508952,356.433611508094,58.2495693943516));
#1951=CARTESIAN_POINT('Ctrl Pts',(-158.939283187907,355.98099263065,58.3239838608886));
#1952=CARTESIAN_POINT('Ctrl Pts',(-158.945886847119,355.525036265532,58.3615362447739));
#1953=CARTESIAN_POINT('Ctrl Pts',(-158.945886847119,355.069060108112,58.3615362447739));
#1954=CARTESIAN_POINT('Ctrl Pts',(-158.826716825853,356.458710935665,58.4729231515709));
#1955=CARTESIAN_POINT('Ctrl Pts',(-158.843669830108,355.997405971421,58.5405632720196));
#1956=CARTESIAN_POINT('Ctrl Pts',(-158.848909803253,355.533230512358,58.5745526230329));
#1957=CARTESIAN_POINT('Ctrl Pts',(-158.848909803253,355.069060108113,58.5745526230329));
#1958=CARTESIAN_POINT('Ctrl Pts',(-158.67417411323,356.463503141759,58.5677084662826));
#1959=CARTESIAN_POINT('Ctrl Pts',(-158.693551588998,356.001171562994,58.6308203215242));
#1960=CARTESIAN_POINT('Ctrl Pts',(-158.700391644304,355.535154959318,58.662928880869));
#1961=CARTESIAN_POINT('Ctrl Pts',(-158.700391644304,355.069060108112,58.6629288808691));
#1962=CARTESIAN_POINT('Ctrl Pts',(-158.575139096116,356.460791117713,58.585653875796));
#1963=CARTESIAN_POINT('Ctrl Pts',(-158.596547761645,356.000025508877,58.647624505483));
#1964=CARTESIAN_POINT('Ctrl Pts',(-158.604504792269,355.534526149468,58.6793236128873));
#1965=CARTESIAN_POINT('Ctrl Pts',(-158.604504792269,355.069060108112,58.6793236128873));
#1966=CARTESIAN_POINT('',(-158.575139096116,356.460791117713,58.5856538757961));
#1967=CARTESIAN_POINT('Ctrl Pts',(-158.604504792269,355.069060108112,58.6793236128873));
#1968=CARTESIAN_POINT('Ctrl Pts',(-158.604504792269,355.534526149468,58.6793236128873));
#1969=CARTESIAN_POINT('Ctrl Pts',(-158.596547761645,356.000025508877,58.647624505483));
#1970=CARTESIAN_POINT('Ctrl Pts',(-158.575139096116,356.460791117713,58.585653875796));
#1971=CARTESIAN_POINT('Origin',(-158.505990035487,356.405121877329,58.195629077752));
#1972=CARTESIAN_POINT('Ctrl Pts',(-158.575139096116,356.460791117713,58.5856538757962));
#1973=CARTESIAN_POINT('Ctrl Pts',(-158.534131812252,357.326344672564,58.4693815413713));
#1974=CARTESIAN_POINT('Ctrl Pts',(-158.478929465425,358.191505107092,58.355837677313));
#1975=CARTESIAN_POINT('Ctrl Pts',(-158.406336629829,359.055669240379,58.2475313406616));
#1976=CARTESIAN_POINT('Ctrl Pts',(-158.641162440858,356.462599133744,58.5736902694539));
#1977=CARTESIAN_POINT('Ctrl Pts',(-158.602950749796,357.328995295575,58.456178143942));
#1978=CARTESIAN_POINT('Ctrl Pts',(-158.550293975675,358.195084710128,58.3409511620896));
#1979=CARTESIAN_POINT('Ctrl Pts',(-158.480097854238,359.060386183552,58.2305009324072));
#1980=CARTESIAN_POINT('Ctrl Pts',(-158.766845746075,356.461391894694,58.5161144338763));
#1981=CARTESIAN_POINT('Ctrl Pts',(-158.733311886351,357.329027696679,58.3931002624659));
#1982=CARTESIAN_POINT('Ctrl Pts',(-158.684503163014,358.196526505362,58.2716221354811));
#1983=CARTESIAN_POINT('Ctrl Pts',(-158.617480003947,359.063608527337,58.1537206857691));
#1984=CARTESIAN_POINT('Ctrl Pts',(-158.912287347531,356.443040574756,58.3225704393936));
#1985=CARTESIAN_POINT('Ctrl Pts',(-158.877228293162,357.310833015946,58.1839702844267));
#1986=CARTESIAN_POINT('Ctrl Pts',(-158.824507994259,358.178554143133,58.046158775902));
#1987=CARTESIAN_POINT('Ctrl Pts',(-158.750356822741,359.045970300295,57.9113447919155));
#1988=CARTESIAN_POINT('Ctrl Pts',(-158.915036770676,356.419394456292,58.1444979782822));
#1989=CARTESIAN_POINT('Ctrl Pts',(-158.867567507816,357.285806383453,57.9966976636706));
#1990=CARTESIAN_POINT('Ctrl Pts',(-158.799694775628,358.151924292832,57.8514496414388));
#1991=CARTESIAN_POINT('Ctrl Pts',(-158.708183330255,359.017343031818,57.7110477678844));
#1992=CARTESIAN_POINT('Ctrl Pts',(-158.879130045627,356.405121877329,58.0515230999671));
#1993=CARTESIAN_POINT('Ctrl Pts',(-158.821717198736,357.27067543218,57.9028614649655));
#1994=CARTESIAN_POINT('Ctrl Pts',(-158.743504674266,358.135835866708,57.7582140971918));
#1995=CARTESIAN_POINT('Ctrl Pts',(-158.64078264184,358.999999999995,57.6210443109315));
#1996=CARTESIAN_POINT('',(-158.443002599968,358.600000035052,58.3051119348086));
#1997=CARTESIAN_POINT('Ctrl Pts',(-158.575139096116,356.460791117713,58.5856538757962));
#1998=CARTESIAN_POINT('Ctrl Pts',(-158.541338054401,357.174240267657,58.4898141698733));
#1999=CARTESIAN_POINT('Ctrl Pts',(-158.497892606695,357.887422323894,58.395828240578));
#2000=CARTESIAN_POINT('Ctrl Pts',(-158.443013235375,358.599999490164,58.3051012220186));
#2001=CARTESIAN_POINT('Ctrl Pts',(-158.443002605364,358.6,58.305111943737));
#2002=CARTESIAN_POINT('Ctrl Pts',(-158.468923816879,358.6,58.2996244276631));
#2003=CARTESIAN_POINT('Ctrl Pts',(-158.494227502571,358.6,58.2915588574231));
#2004=CARTESIAN_POINT('Ctrl Pts',(-158.523624297226,358.6,58.2788212769809));
#2005=CARTESIAN_POINT('Ctrl Pts',(-158.528660702488,358.6,58.2765121776131));
#2006=CARTESIAN_POINT('Ctrl Pts',(-158.533644838445,358.6,58.2740992546494));
#2007=CARTESIAN_POINT('Origin',(-158.949999999999,358.572165379808,60.7000000000004));
#2008=CARTESIAN_POINT('Origin',(-158.949999999999,356.460791117713,60.7000000000004));
#2009=CARTESIAN_POINT('Origin',(-158.949999999999,358.6,60.7000000000004));
#2010=CARTESIAN_POINT('Origin',(-146.350000000001,326.6,60.7));
#2011=CARTESIAN_POINT('Origin',(-158.950000000001,326.6,60.7));
#2012=CARTESIAN_POINT('Origin',(-158.950000000001,355.069060108112,60.7));
#2013=CARTESIAN_POINT('Origin',(-158.950000000001,355.069060108112,60.7));
#2014=CARTESIAN_POINT('Origin',(-158.950000000001,359.6,60.7));
#2015=CARTESIAN_POINT('Origin',(-158.05,358.6,60.7));
#2016=CARTESIAN_POINT('Origin',(-152.200002086163,327.5,65.5));
#2017=CARTESIAN_POINT('',(-150.050002086163,327.5,65.3));
#2018=CARTESIAN_POINT('Origin',(-152.200002086163,327.5,65.3));
#2019=CARTESIAN_POINT('',(-149.850002086163,327.5,65.5));
#2020=CARTESIAN_POINT('Origin',(-152.200002086163,327.5,65.7));
#2021=CARTESIAN_POINT('',(-150.050002086163,327.5,58.45));
#2022=CARTESIAN_POINT('',(-150.050002086163,327.5,65.7));
#2023=CARTESIAN_POINT('Origin',(-152.200002086163,327.5,58.45));
#2024=CARTESIAN_POINT('Origin',(-152.200002086163,327.5,57.1));
#2025=CARTESIAN_POINT('',(-148.700002086163,327.5,57.1));
#2026=CARTESIAN_POINT('Origin',(-152.199997913838,352.5,65.5));
#2027=CARTESIAN_POINT('',(-154.349997913838,352.5,65.3));
#2028=CARTESIAN_POINT('Origin',(-152.199997913838,352.5,65.3));
#2029=CARTESIAN_POINT('',(-154.549997913838,352.5,65.5));
#2030=CARTESIAN_POINT('Origin',(-152.199997913838,352.5,65.7));
#2031=CARTESIAN_POINT('',(-154.349997913838,352.5,58.45));
#2032=CARTESIAN_POINT('',(-154.349997913838,352.5,65.7));
#2033=CARTESIAN_POINT('Origin',(-152.199997913838,352.5,58.45));
#2034=CARTESIAN_POINT('Origin',(-152.199997913838,352.5,57.1));
#2035=CARTESIAN_POINT('',(-155.699997913838,352.5,57.1));
#2036=UNCERTAINTY_MEASURE_WITH_UNIT(LENGTH_MEASURE(0.01),#2040,
'DISTANCE_ACCURACY_VALUE',
'Maximum model space distance between geometric entities at asserted c
onnectivities');
#2037=UNCERTAINTY_MEASURE_WITH_UNIT(LENGTH_MEASURE(0.01),#2040,
'DISTANCE_ACCURACY_VALUE',
'Maximum model space distance between geometric entities at asserted c
onnectivities');
#2038=(
GEOMETRIC_REPRESENTATION_CONTEXT(3)
GLOBAL_UNCERTAINTY_ASSIGNED_CONTEXT((#2036))
GLOBAL_UNIT_ASSIGNED_CONTEXT((#2040,#2042,#2043))
REPRESENTATION_CONTEXT('','3D')
);
#2039=(
GEOMETRIC_REPRESENTATION_CONTEXT(3)
GLOBAL_UNCERTAINTY_ASSIGNED_CONTEXT((#2037))
GLOBAL_UNIT_ASSIGNED_CONTEXT((#2040,#2042,#2043))
REPRESENTATION_CONTEXT('','3D')
);
#2040=(
LENGTH_UNIT()
NAMED_UNIT(*)
SI_UNIT(.MILLI.,.METRE.)
);
#2041=(
LENGTH_UNIT()
NAMED_UNIT(*)
SI_UNIT($,.METRE.)
);
#2042=(
NAMED_UNIT(*)
PLANE_ANGLE_UNIT()
SI_UNIT($,.RADIAN.)
);
#2043=(
NAMED_UNIT(*)
SI_UNIT($,.STERADIAN.)
SOLID_ANGLE_UNIT()
);
#2044=SHAPE_DEFINITION_REPRESENTATION(#2045,#2046);
#2045=PRODUCT_DEFINITION_SHAPE('',$,#2048);
#2046=SHAPE_REPRESENTATION('',(#1010),#2038);
#2047=PRODUCT_DEFINITION_CONTEXT('part definition',#2052,'design');
#2048=PRODUCT_DEFINITION('Block_1','Block_1',#2049,#2047);
#2049=PRODUCT_DEFINITION_FORMATION('',$,#2054);
#2050=PRODUCT_RELATED_PRODUCT_CATEGORY('Block_1','Block_1',(#2054));
#2051=APPLICATION_PROTOCOL_DEFINITION('international standard',
'automotive_design',2009,#2052);
#2052=APPLICATION_CONTEXT(
'Core Data for Automotive Mechanical Design Process');
#2053=PRODUCT_CONTEXT('part definition',#2052,'mechanical');
#2054=PRODUCT('Block_1','Block_1',$,(#2053));
#2055=PRESENTATION_STYLE_ASSIGNMENT((#2058));
#2056=PRESENTATION_STYLE_ASSIGNMENT((#2059));
#2057=PRESENTATION_STYLE_ASSIGNMENT((#2060));
#2058=SURFACE_STYLE_USAGE(.BOTH.,#2061);
#2059=SURFACE_STYLE_USAGE(.BOTH.,#2062);
#2060=SURFACE_STYLE_USAGE(.BOTH.,#2063);
#2061=SURFACE_SIDE_STYLE('',(#2064));
#2062=SURFACE_SIDE_STYLE('',(#2065));
#2063=SURFACE_SIDE_STYLE('',(#2066));
#2064=SURFACE_STYLE_FILL_AREA(#2067);
#2065=SURFACE_STYLE_FILL_AREA(#2068);
#2066=SURFACE_STYLE_FILL_AREA(#2069);
#2067=FILL_AREA_STYLE('Steel - Satin',(#2070));
#2068=FILL_AREA_STYLE('Opaque(128,255,128)',(#2071));
#2069=FILL_AREA_STYLE('Opaque(153,204,51)',(#2072));
#2070=FILL_AREA_STYLE_COLOUR('Steel - Satin',#2073);
#2071=FILL_AREA_STYLE_COLOUR('Opaque(128,255,128)',#2074);
#2072=FILL_AREA_STYLE_COLOUR('Opaque(153,204,51)',#2075);
#2073=COLOUR_RGB('Steel - Satin',0.627450980392157,0.627450980392157,0.627450980392157);
#2074=COLOUR_RGB('Opaque(128,255,128)',1.,0.435294117647059,0.);
#2075=COLOUR_RGB('Opaque(153,204,51)',0.6,0.8,0.2);
ENDSEC;
END-ISO-10303-21;
