ISO-10303-21;
HEADER;
/* Generated by software containing ST-Developer
 * from STEP Tools, Inc. (www.steptools.com) 
 */

FILE_DESCRIPTION(
/* description */ (''),
/* implementation_level */ '2;1');

FILE_NAME(
/* name */ 'Linear_rail_1.step',
/* time_stamp */ '2026-08-04T14:51:16+02:00',
/* author */ (''),
/* organization */ (''),
/* preprocessor_version */ 'ST-DEVELOPER v20.1',
/* originating_system */ 'Autodesk Translation Framework v15.8.0.0',
/* authorisation */ '');

FILE_SCHEMA (('AUTOMOTIVE_DESIGN { 1 0 10303 214 3 1 1 }'));
ENDSEC;

DATA;
#10=MECHANICAL_DESIGN_GEOMETRIC_PRESENTATION_REPRESENTATION('',(#13),#4295);
#11=SHAPE_REPRESENTATION_RELATIONSHIP('SRR','None',#4302,#12);
#12=ADVANCED_BREP_SHAPE_REPRESENTATION('',(#14),#4294);
#13=STYLED_ITEM('',(#4312),#14);
#14=MANIFOLD_SOLID_BREP('Body3',#1949);
#15=FACE_BOUND('',#577,.T.);
#16=FACE_BOUND('',#578,.T.);
#17=FACE_BOUND('',#579,.T.);
#18=FACE_BOUND('',#580,.T.);
#19=FACE_BOUND('',#581,.T.);
#20=FACE_BOUND('',#582,.T.);
#21=FACE_BOUND('',#591,.T.);
#22=FACE_BOUND('',#592,.T.);
#23=FACE_BOUND('',#593,.T.);
#24=FACE_BOUND('',#594,.T.);
#25=PLANE('',#2078);
#26=PLANE('',#2082);
#27=PLANE('',#2085);
#28=PLANE('',#2086);
#29=PLANE('',#2119);
#30=PLANE('',#2122);
#31=PLANE('',#2124);
#32=PLANE('',#2127);
#33=PLANE('',#2140);
#34=PLANE('',#2142);
#35=PLANE('',#2144);
#36=PLANE('',#2147);
#37=PLANE('',#2148);
#38=PLANE('',#2176);
#39=PLANE('',#2178);
#40=PLANE('',#2180);
#41=PLANE('',#2181);
#42=PLANE('',#2182);
#43=PLANE('',#2186);
#44=PLANE('',#2191);
#45=(
BOUNDED_SURFACE()
B_SPLINE_SURFACE(2,2,((#3524,#3525,#3526),(#3527,#3528,#3529),(#3530,#3531,
#3532)),.UNSPECIFIED.,.F.,.F.,.F.)
B_SPLINE_SURFACE_WITH_KNOTS((3,3),(3,3),(-1.5707963267949,8.47776589169825E-31),
(-3.14159265358979,-1.5707963267949),.UNSPECIFIED.)
GEOMETRIC_REPRESENTATION_ITEM()
RATIONAL_B_SPLINE_SURFACE(((1.,0.707106781186548,1.),(0.707106781186517,
0.499999999999979,0.707106781186517),(1.,0.707106781186548,1.)))
REPRESENTATION_ITEM('')
SURFACE()
);
#46=(
BOUNDED_SURFACE()
B_SPLINE_SURFACE(2,2,((#3544,#3545,#3546),(#3547,#3548,#3549),(#3550,#3551,
#3552)),.UNSPECIFIED.,.F.,.F.,.F.)
B_SPLINE_SURFACE_WITH_KNOTS((3,3),(3,3),(3.23856320816037E-78,1.57079632679495),
(-3.94430452610499E-31,1.5707963267949),.UNSPECIFIED.)
GEOMETRIC_REPRESENTATION_ITEM()
RATIONAL_B_SPLINE_SURFACE(((1.,0.707106781186548,1.),(0.707106781186462,
0.49999999999994,0.707106781186462),(1.,0.707106781186548,1.)))
REPRESENTATION_ITEM('')
SURFACE()
);
#47=(
BOUNDED_SURFACE()
B_SPLINE_SURFACE(2,2,((#3564,#3565,#3566),(#3567,#3568,#3569),(#3570,#3571,
#3572)),.UNSPECIFIED.,.F.,.F.,.F.)
B_SPLINE_SURFACE_WITH_KNOTS((3,3),(3,3),(4.12857898174359E-32,1.57079632679495),
(1.5707963267949,3.08923277602998),.UNSPECIFIED.)
GEOMETRIC_REPRESENTATION_ITEM()
RATIONAL_B_SPLINE_SURFACE(((1.,0.725374371012282,1.),(0.707106781186462,
0.512917136641649,0.707106781186462),(1.,0.725374371012282,1.)))
REPRESENTATION_ITEM('')
SURFACE()
);
#48=(
BOUNDED_SURFACE()
B_SPLINE_SURFACE(2,2,((#3608,#3609,#3610),(#3611,#3612,#3613),(#3614,#3615,
#3616)),.UNSPECIFIED.,.F.,.F.,.F.)
B_SPLINE_SURFACE_WITH_KNOTS((3,3),(3,3),(-1.57079632679492,1.77635683940021E-14),
(-1.5707963267949,-0.0523598775598295),.UNSPECIFIED.)
GEOMETRIC_REPRESENTATION_ITEM()
RATIONAL_B_SPLINE_SURFACE(((1.,0.725374371012288,1.),(0.707106781186499,
0.51291713664168,0.707106781186499),(1.,0.725374371012288,1.)))
REPRESENTATION_ITEM('')
SURFACE()
);
#49=(
BOUNDED_SURFACE()
B_SPLINE_SURFACE(2,2,((#3694,#3695,#3696),(#3697,#3698,#3699),(#3700,#3701,
#3702)),.UNSPECIFIED.,.F.,.F.,.F.)
B_SPLINE_SURFACE_WITH_KNOTS((3,3),(3,3),(-1.5707963267949,8.47776589169825E-31),
(-1.5707963267949,2.77555756156285E-16),.UNSPECIFIED.)
GEOMETRIC_REPRESENTATION_ITEM()
RATIONAL_B_SPLINE_SURFACE(((1.,0.707106781186547,1.),(0.707106781186517,
0.499999999999979,0.707106781186517),(1.,0.707106781186547,1.)))
REPRESENTATION_ITEM('')
SURFACE()
);
#50=(
BOUNDED_SURFACE()
B_SPLINE_SURFACE(2,2,((#3717,#3718,#3719),(#3720,#3721,#3722),(#3723,#3724,
#3725)),.UNSPECIFIED.,.F.,.F.,.F.)
B_SPLINE_SURFACE_WITH_KNOTS((3,3),(3,3),(-3.23856320816037E-78,1.57079632679492),
(1.5707963267949,3.14159265358979),.UNSPECIFIED.)
GEOMETRIC_REPRESENTATION_ITEM()
RATIONAL_B_SPLINE_SURFACE(((1.,0.707106781186548,1.),(0.707106781186526,
0.499999999999985,0.707106781186526),(1.,0.707106781186548,1.)))
REPRESENTATION_ITEM('')
SURFACE()
);
#51=(
BOUNDED_SURFACE()
B_SPLINE_SURFACE(2,2,((#3737,#3738,#3739),(#3740,#3741,#3742),(#3743,#3744,
#3745)),.UNSPECIFIED.,.F.,.F.,.F.)
B_SPLINE_SURFACE_WITH_KNOTS((3,3),(3,3),(4.12857898174359E-32,1.57079632679492),
(0.0523598775598519,1.5707963267949),.UNSPECIFIED.)
GEOMETRIC_REPRESENTATION_ITEM()
RATIONAL_B_SPLINE_SURFACE(((1.,0.725374371012295,1.),(0.707106781186578,
0.512917136641743,0.707106781186578),(1.,0.725374371012295,1.)))
REPRESENTATION_ITEM('')
SURFACE()
);
#52=(
BOUNDED_SURFACE()
B_SPLINE_SURFACE(2,2,((#3781,#3782,#3783),(#3784,#3785,#3786),(#3787,#3788,
#3789)),.UNSPECIFIED.,.F.,.F.,.F.)
B_SPLINE_SURFACE_WITH_KNOTS((3,3),(3,3),(-1.5707963267949,8.45679915890218E-31),
(-3.08923277602996,-1.5707963267949),.UNSPECIFIED.)
GEOMETRIC_REPRESENTATION_ITEM()
RATIONAL_B_SPLINE_SURFACE(((1.,0.725374371012287,1.),(0.707106781186517,
0.512917136641693,0.707106781186517),(1.,0.725374371012287,1.)))
REPRESENTATION_ITEM('')
SURFACE()
);
#53=(
BOUNDED_SURFACE()
B_SPLINE_SURFACE(2,2,((#3866,#3867,#3868),(#3869,#3870,#3871),(#3872,#3873,
#3874)),.UNSPECIFIED.,.F.,.F.,.F.)
B_SPLINE_SURFACE_WITH_KNOTS((3,3),(3,3),(-2.26444924187378E-33,0.0523598775598325),
(-1.5707963267949,-0.571606191856415),.UNSPECIFIED.)
GEOMETRIC_REPRESENTATION_ITEM()
RATIONAL_B_SPLINE_SURFACE(((1.,0.877776624932963,1.),(0.999657324975825,
0.877475832806794,0.999657324975825),(1.,0.877776624932963,1.)))
REPRESENTATION_ITEM('')
SURFACE()
);
#54=(
BOUNDED_SURFACE()
B_SPLINE_SURFACE(2,2,((#3905,#3906,#3907),(#3908,#3909,#3910),(#3911,#3912,
#3913)),.UNSPECIFIED.,.F.,.F.,.F.)
B_SPLINE_SURFACE_WITH_KNOTS((3,3),(3,3),(-2.96059473233375E-16,0.0523598775598298),
(0.571606191856301,1.5707963267949),.UNSPECIFIED.)
GEOMETRIC_REPRESENTATION_ITEM()
RATIONAL_B_SPLINE_SURFACE(((1.,0.877776624932937,1.),(0.999657324975564,
0.877475832806539,0.999657324975564),(1.,0.877776624932937,1.)))
REPRESENTATION_ITEM('')
SURFACE()
);
#55=(
BOUNDED_SURFACE()
B_SPLINE_SURFACE(2,2,((#4105,#4106,#4107),(#4108,#4109,#4110),(#4111,#4112,
#4113)),.UNSPECIFIED.,.F.,.F.,.F.)
B_SPLINE_SURFACE_WITH_KNOTS((3,3),(3,3),(-3.40673443959601E-18,0.0523598775598326),
(-1.5707963267949,-0.571606191856408),.UNSPECIFIED.)
GEOMETRIC_REPRESENTATION_ITEM()
RATIONAL_B_SPLINE_SURFACE(((1.,0.877776624932962,1.),(0.999657324975836,
0.877475832806803,0.999657324975836),(1.,0.877776624932962,1.)))
REPRESENTATION_ITEM('')
SURFACE()
);
#56=(
BOUNDED_SURFACE()
B_SPLINE_SURFACE(2,2,((#4140,#4141,#4142),(#4143,#4144,#4145),(#4146,#4147,
#4148)),.UNSPECIFIED.,.F.,.F.,.F.)
B_SPLINE_SURFACE_WITH_KNOTS((3,3),(3,3),(-3.40673443959612E-18,0.0523598775598299),
(0.571606191856292,1.5707963267949),.UNSPECIFIED.)
GEOMETRIC_REPRESENTATION_ITEM()
RATIONAL_B_SPLINE_SURFACE(((1.,0.877776624932935,1.),(0.999657324975568,
0.87747583280654,0.999657324975568),(1.,0.877776624932935,1.)))
REPRESENTATION_ITEM('')
SURFACE()
);
#57=TOROIDAL_SURFACE('',#1973,122.05,120.);
#58=TOROIDAL_SURFACE('',#1978,122.05,120.);
#59=TOROIDAL_SURFACE('',#1983,3.3134112424131,1.);
#60=TOROIDAL_SURFACE('',#1986,3.2634112424131,1.);
#61=TOROIDAL_SURFACE('',#1997,3.2634112424131,1.);
#62=TOROIDAL_SURFACE('',#2003,122.,120.);
#63=TOROIDAL_SURFACE('',#2008,122.,120.);
#64=TOROIDAL_SURFACE('',#2013,3.2634112424131,1.);
#65=TOROIDAL_SURFACE('',#2016,122.05,120.);
#66=TOROIDAL_SURFACE('',#2020,3.2634112424131,1.);
#67=TOROIDAL_SURFACE('',#2026,122.,120.);
#68=TOROIDAL_SURFACE('',#2029,3.3134112424131,1.);
#69=TOROIDAL_SURFACE('',#2032,122.05,120.);
#70=TOROIDAL_SURFACE('',#2036,3.3134112424131,1.);
#71=TOROIDAL_SURFACE('',#2063,119.5,0.5);
#72=TOROIDAL_SURFACE('',#2069,119.5,0.5);
#73=TOROIDAL_SURFACE('',#2103,119.5,0.5);
#74=TOROIDAL_SURFACE('',#2109,119.5,0.5);
#75=TOROIDAL_SURFACE('',#2134,122.,120.);
#76=TOROIDAL_SURFACE('',#2152,3.3134112424131,1.);
#77=CONICAL_SURFACE('',#1970,2.05,0.0523598775598299);
#78=CONICAL_SURFACE('',#1981,2.05,0.0523598775598299);
#79=CONICAL_SURFACE('',#2001,2.,0.0523598775598299);
#80=CONICAL_SURFACE('',#2011,2.,0.0523598775598299);
#81=CONICAL_SURFACE('',#2024,2.,0.0523598775598299);
#82=CONICAL_SURFACE('',#2040,2.05,0.0523598775598299);
#83=CONICAL_SURFACE('',#2041,2.,0.0523598775598299);
#84=CONICAL_SURFACE('',#2043,2.05,0.0523598775598299);
#85=CONICAL_SURFACE('',#2141,1.,0.0523598775598299);
#86=CONICAL_SURFACE('',#2143,1.,0.0523598775598299);
#87=CONICAL_SURFACE('',#2153,2.52500000000001,0.78539816339745);
#88=CONICAL_SURFACE('',#2159,2.52500000000001,0.78539816339745);
#89=CONICAL_SURFACE('',#2164,2.52500000000001,0.78539816339745);
#90=CONICAL_SURFACE('',#2177,1.,0.0523598775598299);
#91=CONICAL_SURFACE('',#2179,1.,0.0523598775598299);
#92=CONICAL_SURFACE('',#2196,2.52500000000001,0.78539816339745);
#93=CONICAL_SURFACE('',#2199,2.52500000000001,0.78539816339745);
#94=CONICAL_SURFACE('',#2202,2.52500000000001,0.78539816339745);
#95=LINE('',#2914,#195);
#96=LINE('',#2917,#196);
#97=LINE('',#3033,#197);
#98=LINE('',#3042,#198);
#99=LINE('',#3050,#199);
#100=LINE('',#3226,#200);
#101=LINE('',#3229,#201);
#102=LINE('',#3350,#202);
#103=LINE('',#3358,#203);
#104=LINE('',#3366,#204);
#105=LINE('',#3385,#205);
#106=LINE('',#3506,#206);
#107=LINE('',#3510,#207);
#108=LINE('',#3513,#208);
#109=LINE('',#3520,#209);
#110=LINE('',#3523,#210);
#111=LINE('',#3542,#211);
#112=LINE('',#3543,#212);
#113=LINE('',#3562,#213);
#114=LINE('',#3563,#214);
#115=LINE('',#3582,#215);
#116=LINE('',#3583,#216);
#117=LINE('',#3594,#217);
#118=LINE('',#3595,#218);
#119=LINE('',#3606,#219);
#120=LINE('',#3607,#220);
#121=LINE('',#3621,#221);
#122=LINE('',#3660,#222);
#123=LINE('',#3663,#223);
#124=LINE('',#3667,#224);
#125=LINE('',#3671,#225);
#126=LINE('',#3684,#226);
#127=LINE('',#3685,#227);
#128=LINE('',#3687,#228);
#129=LINE('',#3689,#229);
#130=LINE('',#3692,#230);
#131=LINE('',#3715,#231);
#132=LINE('',#3716,#232);
#133=LINE('',#3735,#233);
#134=LINE('',#3736,#234);
#135=LINE('',#3755,#235);
#136=LINE('',#3756,#236);
#137=LINE('',#3767,#237);
#138=LINE('',#3768,#238);
#139=LINE('',#3779,#239);
#140=LINE('',#3780,#240);
#141=LINE('',#3796,#241);
#142=LINE('',#3797,#242);
#143=LINE('',#3800,#243);
#144=LINE('',#3802,#244);
#145=LINE('',#3803,#245);
#146=LINE('',#3806,#246);
#147=LINE('',#3810,#247);
#148=LINE('',#3811,#248);
#149=LINE('',#3813,#249);
#150=LINE('',#3852,#250);
#151=LINE('',#3855,#251);
#152=LINE('',#3858,#252);
#153=LINE('',#3862,#253);
#154=LINE('',#3865,#254);
#155=LINE('',#3898,#255);
#156=LINE('',#3899,#256);
#157=LINE('',#3902,#257);
#158=LINE('',#3919,#258);
#159=LINE('',#3921,#259);
#160=LINE('',#3928,#260);
#161=LINE('',#3935,#261);
#162=LINE('',#3937,#262);
#163=LINE('',#3939,#263);
#164=LINE('',#3941,#264);
#165=LINE('',#3944,#265);
#166=LINE('',#3946,#266);
#167=LINE('',#3948,#267);
#168=LINE('',#3950,#268);
#169=LINE('',#4072,#269);
#170=LINE('',#4077,#270);
#171=LINE('',#4083,#271);
#172=LINE('',#4087,#272);
#173=LINE('',#4093,#273);
#174=LINE('',#4097,#274);
#175=LINE('',#4101,#275);
#176=LINE('',#4104,#276);
#177=LINE('',#4137,#277);
#178=LINE('',#4138,#278);
#179=LINE('',#4139,#279);
#180=LINE('',#4153,#280);
#181=LINE('',#4154,#281);
#182=LINE('',#4161,#282);
#183=LINE('',#4168,#283);
#184=LINE('',#4170,#284);
#185=LINE('',#4171,#285);
#186=LINE('',#4173,#286);
#187=LINE('',#4261,#287);
#188=LINE('',#4264,#288);
#189=LINE('',#4275,#289);
#190=LINE('',#4277,#290);
#191=LINE('',#4281,#291);
#192=LINE('',#4283,#292);
#193=LINE('',#4287,#293);
#194=LINE('',#4289,#294);
#195=VECTOR('',#2217,10.);
#196=VECTOR('',#2220,10.);
#197=VECTOR('',#2229,10.);
#198=VECTOR('',#2242,10.);
#199=VECTOR('',#2253,10.);
#200=VECTOR('',#2276,10.);
#201=VECTOR('',#2279,10.);
#202=VECTOR('',#2296,10.);
#203=VECTOR('',#2307,2.);
#204=VECTOR('',#2318,10.);
#205=VECTOR('',#2343,10.);
#206=VECTOR('',#2376,10.);
#207=VECTOR('',#2381,10.);
#208=VECTOR('',#2384,10.);
#209=VECTOR('',#2391,10.);
#210=VECTOR('',#2394,10.);
#211=VECTOR('',#2405,10.);
#212=VECTOR('',#2406,10.);
#213=VECTOR('',#2417,10.);
#214=VECTOR('',#2418,10.);
#215=VECTOR('',#2429,10.);
#216=VECTOR('',#2430,10.);
#217=VECTOR('',#2443,10.);
#218=VECTOR('',#2444,10.);
#219=VECTOR('',#2457,10.);
#220=VECTOR('',#2458,10.);
#221=VECTOR('',#2465,10.);
#222=VECTOR('',#2466,10.);
#223=VECTOR('',#2469,10.);
#224=VECTOR('',#2474,10.);
#225=VECTOR('',#2477,10.);
#226=VECTOR('',#2480,10.);
#227=VECTOR('',#2481,10.);
#228=VECTOR('',#2484,10.);
#229=VECTOR('',#2485,10.);
#230=VECTOR('',#2490,10.);
#231=VECTOR('',#2505,10.);
#232=VECTOR('',#2506,10.);
#233=VECTOR('',#2517,10.);
#234=VECTOR('',#2518,10.);
#235=VECTOR('',#2529,10.);
#236=VECTOR('',#2530,10.);
#237=VECTOR('',#2543,10.);
#238=VECTOR('',#2544,10.);
#239=VECTOR('',#2557,10.);
#240=VECTOR('',#2558,10.);
#241=VECTOR('',#2567,10.);
#242=VECTOR('',#2568,10.);
#243=VECTOR('',#2571,10.);
#244=VECTOR('',#2572,10.);
#245=VECTOR('',#2573,10.);
#246=VECTOR('',#2576,10.);
#247=VECTOR('',#2581,10.);
#248=VECTOR('',#2582,10.);
#249=VECTOR('',#2585,10.);
#250=VECTOR('',#2588,10.);
#251=VECTOR('',#2591,10.);
#252=VECTOR('',#2594,10.);
#253=VECTOR('',#2599,10.);
#254=VECTOR('',#2602,10.);
#255=VECTOR('',#2609,10.);
#256=VECTOR('',#2610,10.);
#257=VECTOR('',#2613,10.);
#258=VECTOR('',#2626,10.);
#259=VECTOR('',#2629,10.);
#260=VECTOR('',#2634,10.);
#261=VECTOR('',#2637,10.);
#262=VECTOR('',#2640,10.);
#263=VECTOR('',#2643,10.);
#264=VECTOR('',#2644,10.);
#265=VECTOR('',#2647,10.);
#266=VECTOR('',#2650,10.);
#267=VECTOR('',#2653,10.);
#268=VECTOR('',#2656,10.);
#269=VECTOR('',#2667,2.52500000000001);
#270=VECTOR('',#2674,1.65000000000001);
#271=VECTOR('',#2681,2.52500000000001);
#272=VECTOR('',#2686,1.65000000000001);
#273=VECTOR('',#2693,2.52500000000001);
#274=VECTOR('',#2698,1.65000000000001);
#275=VECTOR('',#2703,10.);
#276=VECTOR('',#2706,10.);
#277=VECTOR('',#2713,10.);
#278=VECTOR('',#2714,10.);
#279=VECTOR('',#2715,10.);
#280=VECTOR('',#2722,10.);
#281=VECTOR('',#2723,10.);
#282=VECTOR('',#2728,10.);
#283=VECTOR('',#2733,10.);
#284=VECTOR('',#2736,10.);
#285=VECTOR('',#2737,10.);
#286=VECTOR('',#2740,10.);
#287=VECTOR('',#2755,2.05);
#288=VECTOR('',#2760,10.);
#289=VECTOR('',#2773,2.52500000000001);
#290=VECTOR('',#2776,1.65000000000001);
#291=VECTOR('',#2781,2.52500000000001);
#292=VECTOR('',#2784,1.65000000000001);
#293=VECTOR('',#2789,2.52500000000001);
#294=VECTOR('',#2792,1.65000000000001);
#295=CYLINDRICAL_SURFACE('',#1966,0.5);
#296=CYLINDRICAL_SURFACE('',#1976,2.05);
#297=CYLINDRICAL_SURFACE('',#1993,0.5);
#298=CYLINDRICAL_SURFACE('',#2006,2.);
#299=CYLINDRICAL_SURFACE('',#2045,0.5);
#300=CYLINDRICAL_SURFACE('',#2051,0.5);
#301=CYLINDRICAL_SURFACE('',#2056,0.5);
#302=CYLINDRICAL_SURFACE('',#2061,0.5);
#303=CYLINDRICAL_SURFACE('',#2067,0.5);
#304=CYLINDRICAL_SURFACE('',#2073,0.5);
#305=CYLINDRICAL_SURFACE('',#2077,1.);
#306=CYLINDRICAL_SURFACE('',#2080,1.);
#307=CYLINDRICAL_SURFACE('',#2083,1.);
#308=CYLINDRICAL_SURFACE('',#2091,0.5);
#309=CYLINDRICAL_SURFACE('',#2096,0.5);
#310=CYLINDRICAL_SURFACE('',#2101,0.5);
#311=CYLINDRICAL_SURFACE('',#2107,0.5);
#312=CYLINDRICAL_SURFACE('',#2113,0.5);
#313=CYLINDRICAL_SURFACE('',#2118,0.5);
#314=CYLINDRICAL_SURFACE('',#2120,120.);
#315=CYLINDRICAL_SURFACE('',#2123,1.);
#316=CYLINDRICAL_SURFACE('',#2125,1.);
#317=CYLINDRICAL_SURFACE('',#2128,120.);
#318=CYLINDRICAL_SURFACE('',#2132,120.);
#319=CYLINDRICAL_SURFACE('',#2139,120.);
#320=CYLINDRICAL_SURFACE('',#2145,1.);
#321=CYLINDRICAL_SURFACE('',#2150,1.);
#322=CYLINDRICAL_SURFACE('',#2151,1.);
#323=CYLINDRICAL_SURFACE('',#2157,1.65000000000001);
#324=CYLINDRICAL_SURFACE('',#2162,1.65000000000001);
#325=CYLINDRICAL_SURFACE('',#2167,1.65000000000001);
#326=CYLINDRICAL_SURFACE('',#2169,120.);
#327=CYLINDRICAL_SURFACE('',#2173,120.);
#328=CYLINDRICAL_SURFACE('',#2187,1.);
#329=CYLINDRICAL_SURFACE('',#2188,1.);
#330=CYLINDRICAL_SURFACE('',#2189,1.);
#331=CYLINDRICAL_SURFACE('',#2190,2.05);
#332=CYLINDRICAL_SURFACE('',#2198,1.65000000000001);
#333=CYLINDRICAL_SURFACE('',#2201,1.65000000000001);
#334=CYLINDRICAL_SURFACE('',#2204,1.65000000000001);
#335=CYLINDRICAL_SURFACE('',#2205,2.);
#336=CYLINDRICAL_SURFACE('',#2206,1.);
#337=FACE_OUTER_BOUND('',#465,.T.);
#338=FACE_OUTER_BOUND('',#466,.T.);
#339=FACE_OUTER_BOUND('',#467,.T.);
#340=FACE_OUTER_BOUND('',#468,.T.);
#341=FACE_OUTER_BOUND('',#469,.T.);
#342=FACE_OUTER_BOUND('',#470,.T.);
#343=FACE_OUTER_BOUND('',#471,.T.);
#344=FACE_OUTER_BOUND('',#472,.T.);
#345=FACE_OUTER_BOUND('',#473,.T.);
#346=FACE_OUTER_BOUND('',#474,.T.);
#347=FACE_OUTER_BOUND('',#475,.T.);
#348=FACE_OUTER_BOUND('',#476,.T.);
#349=FACE_OUTER_BOUND('',#477,.T.);
#350=FACE_OUTER_BOUND('',#478,.T.);
#351=FACE_OUTER_BOUND('',#479,.T.);
#352=FACE_OUTER_BOUND('',#480,.T.);
#353=FACE_OUTER_BOUND('',#481,.T.);
#354=FACE_OUTER_BOUND('',#482,.T.);
#355=FACE_OUTER_BOUND('',#483,.T.);
#356=FACE_OUTER_BOUND('',#484,.T.);
#357=FACE_OUTER_BOUND('',#485,.T.);
#358=FACE_OUTER_BOUND('',#486,.T.);
#359=FACE_OUTER_BOUND('',#487,.T.);
#360=FACE_OUTER_BOUND('',#488,.T.);
#361=FACE_OUTER_BOUND('',#489,.T.);
#362=FACE_OUTER_BOUND('',#490,.T.);
#363=FACE_OUTER_BOUND('',#491,.T.);
#364=FACE_OUTER_BOUND('',#492,.T.);
#365=FACE_OUTER_BOUND('',#493,.T.);
#366=FACE_OUTER_BOUND('',#494,.T.);
#367=FACE_OUTER_BOUND('',#495,.T.);
#368=FACE_OUTER_BOUND('',#496,.T.);
#369=FACE_OUTER_BOUND('',#497,.T.);
#370=FACE_OUTER_BOUND('',#498,.T.);
#371=FACE_OUTER_BOUND('',#499,.T.);
#372=FACE_OUTER_BOUND('',#500,.T.);
#373=FACE_OUTER_BOUND('',#501,.T.);
#374=FACE_OUTER_BOUND('',#502,.T.);
#375=FACE_OUTER_BOUND('',#503,.T.);
#376=FACE_OUTER_BOUND('',#504,.T.);
#377=FACE_OUTER_BOUND('',#505,.T.);
#378=FACE_OUTER_BOUND('',#506,.T.);
#379=FACE_OUTER_BOUND('',#507,.T.);
#380=FACE_OUTER_BOUND('',#508,.T.);
#381=FACE_OUTER_BOUND('',#509,.T.);
#382=FACE_OUTER_BOUND('',#510,.T.);
#383=FACE_OUTER_BOUND('',#511,.T.);
#384=FACE_OUTER_BOUND('',#512,.T.);
#385=FACE_OUTER_BOUND('',#513,.T.);
#386=FACE_OUTER_BOUND('',#514,.T.);
#387=FACE_OUTER_BOUND('',#515,.T.);
#388=FACE_OUTER_BOUND('',#516,.T.);
#389=FACE_OUTER_BOUND('',#517,.T.);
#390=FACE_OUTER_BOUND('',#518,.T.);
#391=FACE_OUTER_BOUND('',#519,.T.);
#392=FACE_OUTER_BOUND('',#520,.T.);
#393=FACE_OUTER_BOUND('',#521,.T.);
#394=FACE_OUTER_BOUND('',#522,.T.);
#395=FACE_OUTER_BOUND('',#523,.T.);
#396=FACE_OUTER_BOUND('',#524,.T.);
#397=FACE_OUTER_BOUND('',#525,.T.);
#398=FACE_OUTER_BOUND('',#526,.T.);
#399=FACE_OUTER_BOUND('',#527,.T.);
#400=FACE_OUTER_BOUND('',#528,.T.);
#401=FACE_OUTER_BOUND('',#529,.T.);
#402=FACE_OUTER_BOUND('',#530,.T.);
#403=FACE_OUTER_BOUND('',#531,.T.);
#404=FACE_OUTER_BOUND('',#532,.T.);
#405=FACE_OUTER_BOUND('',#533,.T.);
#406=FACE_OUTER_BOUND('',#534,.T.);
#407=FACE_OUTER_BOUND('',#535,.T.);
#408=FACE_OUTER_BOUND('',#536,.T.);
#409=FACE_OUTER_BOUND('',#537,.T.);
#410=FACE_OUTER_BOUND('',#538,.T.);
#411=FACE_OUTER_BOUND('',#539,.T.);
#412=FACE_OUTER_BOUND('',#540,.T.);
#413=FACE_OUTER_BOUND('',#541,.T.);
#414=FACE_OUTER_BOUND('',#542,.T.);
#415=FACE_OUTER_BOUND('',#543,.T.);
#416=FACE_OUTER_BOUND('',#544,.T.);
#417=FACE_OUTER_BOUND('',#545,.T.);
#418=FACE_OUTER_BOUND('',#546,.T.);
#419=FACE_OUTER_BOUND('',#547,.T.);
#420=FACE_OUTER_BOUND('',#548,.T.);
#421=FACE_OUTER_BOUND('',#549,.T.);
#422=FACE_OUTER_BOUND('',#550,.T.);
#423=FACE_OUTER_BOUND('',#551,.T.);
#424=FACE_OUTER_BOUND('',#552,.T.);
#425=FACE_OUTER_BOUND('',#553,.T.);
#426=FACE_OUTER_BOUND('',#554,.T.);
#427=FACE_OUTER_BOUND('',#555,.T.);
#428=FACE_OUTER_BOUND('',#556,.T.);
#429=FACE_OUTER_BOUND('',#557,.T.);
#430=FACE_OUTER_BOUND('',#558,.T.);
#431=FACE_OUTER_BOUND('',#559,.T.);
#432=FACE_OUTER_BOUND('',#560,.T.);
#433=FACE_OUTER_BOUND('',#561,.T.);
#434=FACE_OUTER_BOUND('',#562,.T.);
#435=FACE_OUTER_BOUND('',#563,.T.);
#436=FACE_OUTER_BOUND('',#564,.T.);
#437=FACE_OUTER_BOUND('',#565,.T.);
#438=FACE_OUTER_BOUND('',#566,.T.);
#439=FACE_OUTER_BOUND('',#567,.T.);
#440=FACE_OUTER_BOUND('',#568,.T.);
#441=FACE_OUTER_BOUND('',#569,.T.);
#442=FACE_OUTER_BOUND('',#570,.T.);
#443=FACE_OUTER_BOUND('',#571,.T.);
#444=FACE_OUTER_BOUND('',#572,.T.);
#445=FACE_OUTER_BOUND('',#573,.T.);
#446=FACE_OUTER_BOUND('',#574,.T.);
#447=FACE_OUTER_BOUND('',#575,.T.);
#448=FACE_OUTER_BOUND('',#576,.T.);
#449=FACE_OUTER_BOUND('',#583,.T.);
#450=FACE_OUTER_BOUND('',#584,.T.);
#451=FACE_OUTER_BOUND('',#585,.T.);
#452=FACE_OUTER_BOUND('',#586,.T.);
#453=FACE_OUTER_BOUND('',#587,.T.);
#454=FACE_OUTER_BOUND('',#588,.T.);
#455=FACE_OUTER_BOUND('',#589,.T.);
#456=FACE_OUTER_BOUND('',#590,.T.);
#457=FACE_OUTER_BOUND('',#595,.T.);
#458=FACE_OUTER_BOUND('',#596,.T.);
#459=FACE_OUTER_BOUND('',#597,.T.);
#460=FACE_OUTER_BOUND('',#598,.T.);
#461=FACE_OUTER_BOUND('',#599,.T.);
#462=FACE_OUTER_BOUND('',#600,.T.);
#463=FACE_OUTER_BOUND('',#601,.T.);
#464=FACE_OUTER_BOUND('',#602,.T.);
#465=EDGE_LOOP('',(#1233,#1234,#1235));
#466=EDGE_LOOP('',(#1236,#1237,#1238,#1239));
#467=EDGE_LOOP('',(#1240,#1241,#1242,#1243));
#468=EDGE_LOOP('',(#1244,#1245,#1246,#1247));
#469=EDGE_LOOP('',(#1248,#1249,#1250,#1251));
#470=EDGE_LOOP('',(#1252,#1253,#1254,#1255));
#471=EDGE_LOOP('',(#1256,#1257,#1258));
#472=EDGE_LOOP('',(#1259,#1260,#1261,#1262));
#473=EDGE_LOOP('',(#1263,#1264,#1265,#1266));
#474=EDGE_LOOP('',(#1267,#1268,#1269,#1270));
#475=EDGE_LOOP('',(#1271,#1272,#1273,#1274));
#476=EDGE_LOOP('',(#1275,#1276,#1277,#1278));
#477=EDGE_LOOP('',(#1279,#1280,#1281,#1282,#1283,#1284));
#478=EDGE_LOOP('',(#1285,#1286,#1287,#1288));
#479=EDGE_LOOP('',(#1289,#1290,#1291));
#480=EDGE_LOOP('',(#1292,#1293,#1294,#1295));
#481=EDGE_LOOP('',(#1296,#1297,#1298,#1299));
#482=EDGE_LOOP('',(#1300,#1301,#1302,#1303));
#483=EDGE_LOOP('',(#1304,#1305,#1306,#1307));
#484=EDGE_LOOP('',(#1308,#1309,#1310,#1311));
#485=EDGE_LOOP('',(#1312,#1313,#1314));
#486=EDGE_LOOP('',(#1315,#1316,#1317,#1318));
#487=EDGE_LOOP('',(#1319,#1320,#1321,#1322));
#488=EDGE_LOOP('',(#1323,#1324,#1325,#1326));
#489=EDGE_LOOP('',(#1327,#1328,#1329,#1330));
#490=EDGE_LOOP('',(#1331,#1332,#1333,#1334));
#491=EDGE_LOOP('',(#1335,#1336,#1337,#1338));
#492=EDGE_LOOP('',(#1339,#1340,#1341,#1342));
#493=EDGE_LOOP('',(#1343,#1344,#1345,#1346));
#494=EDGE_LOOP('',(#1347,#1348,#1349,#1350));
#495=EDGE_LOOP('',(#1351,#1352,#1353,#1354));
#496=EDGE_LOOP('',(#1355,#1356,#1357,#1358));
#497=EDGE_LOOP('',(#1359,#1360,#1361,#1362,#1363,#1364));
#498=EDGE_LOOP('',(#1365,#1366,#1367,#1368));
#499=EDGE_LOOP('',(#1369,#1370,#1371,#1372,#1373,#1374));
#500=EDGE_LOOP('',(#1375,#1376,#1377,#1378));
#501=EDGE_LOOP('',(#1379,#1380,#1381,#1382));
#502=EDGE_LOOP('',(#1383,#1384,#1385,#1386));
#503=EDGE_LOOP('',(#1387,#1388,#1389,#1390));
#504=EDGE_LOOP('',(#1391,#1392,#1393,#1394));
#505=EDGE_LOOP('',(#1395,#1396,#1397,#1398));
#506=EDGE_LOOP('',(#1399,#1400,#1401,#1402));
#507=EDGE_LOOP('',(#1403,#1404,#1405,#1406));
#508=EDGE_LOOP('',(#1407,#1408,#1409,#1410));
#509=EDGE_LOOP('',(#1411,#1412,#1413,#1414));
#510=EDGE_LOOP('',(#1415,#1416,#1417,#1418));
#511=EDGE_LOOP('',(#1419,#1420,#1421,#1422));
#512=EDGE_LOOP('',(#1423,#1424,#1425,#1426));
#513=EDGE_LOOP('',(#1427,#1428,#1429,#1430));
#514=EDGE_LOOP('',(#1431,#1432,#1433,#1434));
#515=EDGE_LOOP('',(#1435,#1436,#1437,#1438));
#516=EDGE_LOOP('',(#1439,#1440,#1441,#1442));
#517=EDGE_LOOP('',(#1443,#1444,#1445,#1446,#1447,#1448));
#518=EDGE_LOOP('',(#1449,#1450,#1451,#1452));
#519=EDGE_LOOP('',(#1453,#1454,#1455,#1456,#1457,#1458));
#520=EDGE_LOOP('',(#1459,#1460,#1461,#1462));
#521=EDGE_LOOP('',(#1463,#1464,#1465,#1466,#1467,#1468,#1469,#1470,#1471,
#1472,#1473,#1474));
#522=EDGE_LOOP('',(#1475,#1476,#1477,#1478));
#523=EDGE_LOOP('',(#1479,#1480,#1481,#1482));
#524=EDGE_LOOP('',(#1483,#1484,#1485,#1486));
#525=EDGE_LOOP('',(#1487,#1488,#1489,#1490));
#526=EDGE_LOOP('',(#1491,#1492,#1493,#1494));
#527=EDGE_LOOP('',(#1495,#1496,#1497,#1498));
#528=EDGE_LOOP('',(#1499,#1500,#1501,#1502));
#529=EDGE_LOOP('',(#1503,#1504,#1505,#1506));
#530=EDGE_LOOP('',(#1507,#1508,#1509,#1510));
#531=EDGE_LOOP('',(#1511,#1512,#1513,#1514));
#532=EDGE_LOOP('',(#1515,#1516,#1517,#1518));
#533=EDGE_LOOP('',(#1519,#1520,#1521,#1522));
#534=EDGE_LOOP('',(#1523,#1524,#1525,#1526));
#535=EDGE_LOOP('',(#1527,#1528,#1529,#1530));
#536=EDGE_LOOP('',(#1531,#1532,#1533,#1534));
#537=EDGE_LOOP('',(#1535,#1536,#1537,#1538));
#538=EDGE_LOOP('',(#1539,#1540,#1541,#1542));
#539=EDGE_LOOP('',(#1543,#1544,#1545,#1546,#1547,#1548));
#540=EDGE_LOOP('',(#1549,#1550,#1551,#1552,#1553,#1554,#1555,#1556,#1557,
#1558,#1559,#1560));
#541=EDGE_LOOP('',(#1561,#1562,#1563,#1564));
#542=EDGE_LOOP('',(#1565,#1566,#1567,#1568));
#543=EDGE_LOOP('',(#1569,#1570,#1571,#1572,#1573,#1574));
#544=EDGE_LOOP('',(#1575,#1576,#1577,#1578));
#545=EDGE_LOOP('',(#1579,#1580,#1581,#1582));
#546=EDGE_LOOP('',(#1583,#1584,#1585,#1586));
#547=EDGE_LOOP('',(#1587,#1588,#1589,#1590));
#548=EDGE_LOOP('',(#1591,#1592,#1593,#1594));
#549=EDGE_LOOP('',(#1595,#1596,#1597,#1598));
#550=EDGE_LOOP('',(#1599,#1600,#1601,#1602));
#551=EDGE_LOOP('',(#1603,#1604,#1605,#1606));
#552=EDGE_LOOP('',(#1607,#1608,#1609,#1610,#1611,#1612));
#553=EDGE_LOOP('',(#1613,#1614,#1615,#1616));
#554=EDGE_LOOP('',(#1617,#1618,#1619,#1620,#1621,#1622,#1623,#1624));
#555=EDGE_LOOP('',(#1625,#1626,#1627,#1628));
#556=EDGE_LOOP('',(#1629,#1630,#1631,#1632));
#557=EDGE_LOOP('',(#1633,#1634,#1635,#1636,#1637,#1638));
#558=EDGE_LOOP('',(#1639,#1640,#1641));
#559=EDGE_LOOP('',(#1642,#1643,#1644));
#560=EDGE_LOOP('',(#1645,#1646,#1647,#1648,#1649,#1650));
#561=EDGE_LOOP('',(#1651,#1652,#1653,#1654));
#562=EDGE_LOOP('',(#1655,#1656,#1657,#1658));
#563=EDGE_LOOP('',(#1659,#1660,#1661,#1662));
#564=EDGE_LOOP('',(#1663,#1664,#1665,#1666));
#565=EDGE_LOOP('',(#1667,#1668,#1669,#1670));
#566=EDGE_LOOP('',(#1671,#1672,#1673,#1674));
#567=EDGE_LOOP('',(#1675,#1676,#1677,#1678));
#568=EDGE_LOOP('',(#1679,#1680,#1681,#1682,#1683,#1684));
#569=EDGE_LOOP('',(#1685,#1686,#1687,#1688));
#570=EDGE_LOOP('',(#1689,#1690,#1691,#1692));
#571=EDGE_LOOP('',(#1693,#1694,#1695,#1696));
#572=EDGE_LOOP('',(#1697,#1698,#1699,#1700));
#573=EDGE_LOOP('',(#1701,#1702,#1703,#1704));
#574=EDGE_LOOP('',(#1705,#1706,#1707,#1708));
#575=EDGE_LOOP('',(#1709,#1710,#1711,#1712,#1713,#1714,#1715,#1716));
#576=EDGE_LOOP('',(#1717,#1718,#1719,#1720,#1721,#1722,#1723,#1724));
#577=EDGE_LOOP('',(#1725));
#578=EDGE_LOOP('',(#1726));
#579=EDGE_LOOP('',(#1727));
#580=EDGE_LOOP('',(#1728));
#581=EDGE_LOOP('',(#1729));
#582=EDGE_LOOP('',(#1730));
#583=EDGE_LOOP('',(#1731,#1732,#1733,#1734));
#584=EDGE_LOOP('',(#1735,#1736,#1737,#1738));
#585=EDGE_LOOP('',(#1739,#1740,#1741,#1742));
#586=EDGE_LOOP('',(#1743,#1744,#1745));
#587=EDGE_LOOP('',(#1746,#1747,#1748));
#588=EDGE_LOOP('',(#1749,#1750,#1751,#1752));
#589=EDGE_LOOP('',(#1753,#1754,#1755,#1756));
#590=EDGE_LOOP('',(#1757,#1758,#1759,#1760,#1761,#1762,#1763,#1764,#1765,
#1766));
#591=EDGE_LOOP('',(#1767));
#592=EDGE_LOOP('',(#1768));
#593=EDGE_LOOP('',(#1769));
#594=EDGE_LOOP('',(#1770));
#595=EDGE_LOOP('',(#1771,#1772,#1773,#1774,#1775,#1776));
#596=EDGE_LOOP('',(#1777,#1778,#1779,#1780));
#597=EDGE_LOOP('',(#1781,#1782,#1783,#1784));
#598=EDGE_LOOP('',(#1785,#1786,#1787,#1788));
#599=EDGE_LOOP('',(#1789,#1790,#1791,#1792));
#600=EDGE_LOOP('',(#1793,#1794,#1795,#1796));
#601=EDGE_LOOP('',(#1797,#1798,#1799,#1800));
#602=EDGE_LOOP('',(#1801,#1802,#1803,#1804));
#603=B_SPLINE_CURVE_WITH_KNOTS('',3,(#2834,#2835,#2836,#2837,#2838,#2839,
#2840,#2841),.UNSPECIFIED.,.F.,.F.,(4,1,1,2,4),(-0.0798621918529713,-0.0479173151117828,
-0.0319448767411885,0.,0.000349107160878271),.UNSPECIFIED.);
#604=B_SPLINE_CURVE_WITH_KNOTS('',3,(#2842,#2843,#2844,#2845,#2846,#2847,
#2848,#2849),.UNSPECIFIED.,.F.,.F.,(4,2,1,1,4),(-0.000349107160878271,0.,
0.0319448767411885,0.0479173151117828,0.0798621918529713),.UNSPECIFIED.);
#605=B_SPLINE_CURVE_WITH_KNOTS('',3,(#2871,#2872,#2873,#2874),
 .UNSPECIFIED.,.F.,.F.,(4,4),(-0.191784671332952,0.),.UNSPECIFIED.);
#606=B_SPLINE_CURVE_WITH_KNOTS('',3,(#2877,#2878,#2879,#2880),
 .UNSPECIFIED.,.F.,.F.,(4,4),(0.,0.191784671332952),.UNSPECIFIED.);
#607=B_SPLINE_CURVE_WITH_KNOTS('',3,(#2902,#2903,#2904,#2905),
 .UNSPECIFIED.,.F.,.F.,(4,4),(-0.62580893037133,0.),.UNSPECIFIED.);
#608=B_SPLINE_CURVE_WITH_KNOTS('',3,(#2908,#2909,#2910,#2911),
 .UNSPECIFIED.,.F.,.F.,(4,4),(0.,0.62580893037133),.UNSPECIFIED.);
#609=B_SPLINE_CURVE_WITH_KNOTS('',3,(#2939,#2940,#2941,#2942),
 .UNSPECIFIED.,.F.,.F.,(4,4),(-0.625808930371328,0.),.UNSPECIFIED.);
#610=B_SPLINE_CURVE_WITH_KNOTS('',3,(#2945,#2946,#2947,#2948),
 .UNSPECIFIED.,.F.,.F.,(4,4),(0.,0.625808930371328),.UNSPECIFIED.);
#611=B_SPLINE_CURVE_WITH_KNOTS('',3,(#2970,#2971,#2972,#2973),
 .UNSPECIFIED.,.F.,.F.,(4,4),(-0.191784671332952,0.),.UNSPECIFIED.);
#612=B_SPLINE_CURVE_WITH_KNOTS('',3,(#2976,#2977,#2978,#2979),
 .UNSPECIFIED.,.F.,.F.,(4,4),(0.,0.191784671332952),.UNSPECIFIED.);
#613=B_SPLINE_CURVE_WITH_KNOTS('',3,(#3013,#3014,#3015,#3016,#3017,#3018,
#3019,#3020),.UNSPECIFIED.,.F.,.F.,(4,1,1,2,4),(0.,0.0319448767409779,0.0479173151114669,
0.0798621918524448,0.0802112990138591),.UNSPECIFIED.);
#614=B_SPLINE_CURVE_WITH_KNOTS('',3,(#3021,#3022,#3023,#3024,#3025,#3026,
#3027,#3028),.UNSPECIFIED.,.F.,.F.,(4,2,1,1,4),(-0.0802112990138591,-0.0798621918524448,
-0.0479173151114669,-0.0319448767409779,0.),.UNSPECIFIED.);
#615=B_SPLINE_CURVE_WITH_KNOTS('',3,(#3055,#3056,#3057,#3058,#3059,#3060,
#3061,#3062,#3063,#3064),.UNSPECIFIED.,.F.,.F.,(4,2,2,2,4),(-0.127512234846904,
-0.12578663304473,-0.0628933165222642,0.,0.00172560177604482),
 .UNSPECIFIED.);
#616=B_SPLINE_CURVE_WITH_KNOTS('',3,(#3067,#3068,#3069,#3070,#3071,#3072,
#3073,#3074,#3075,#3076,#3077,#3078,#3079,#3080,#3081,#3082,#3083,#3084,
#3085,#3086,#3087,#3088,#3089,#3090,#3091,#3092,#3093,#3094,#3095,#3096,
#3097,#3098,#3099,#3100,#3101,#3102,#3103),.UNSPECIFIED.,.F.,.F.,(4,3,3,
3,3,3,3,3,3,3,3,3,4),(0.,0.132903811598319,0.26579978274311,0.398686917364075,
0.531564483288605,0.664466977734662,0.797350277661804,0.930216351329301,
1.06306750126208,1.19593679326718,1.32878143394363,1.46163183451782,1.51907456520947),
 .UNSPECIFIED.);
#617=B_SPLINE_CURVE_WITH_KNOTS('',3,(#3146,#3147,#3148,#3149,#3150,#3151,
#3152,#3153),.UNSPECIFIED.,.F.,.F.,(4,1,1,2,4),(-0.07986221741848,-0.047917330451088,
-0.031944886967392,0.,0.000349082002515229),.UNSPECIFIED.);
#618=B_SPLINE_CURVE_WITH_KNOTS('',3,(#3154,#3155,#3156,#3157,#3158,#3159,
#3160,#3161),.UNSPECIFIED.,.F.,.F.,(4,2,1,1,4),(-0.000349082002515229,0.,
0.031944886967392,0.047917330451088,0.07986221741848),.UNSPECIFIED.);
#619=B_SPLINE_CURVE_WITH_KNOTS('',3,(#3185,#3186,#3187,#3188),
 .UNSPECIFIED.,.F.,.F.,(4,4),(-0.191784671332956,0.),.UNSPECIFIED.);
#620=B_SPLINE_CURVE_WITH_KNOTS('',3,(#3189,#3190,#3191,#3192),
 .UNSPECIFIED.,.F.,.F.,(4,4),(0.,0.191784671332956),.UNSPECIFIED.);
#621=B_SPLINE_CURVE_WITH_KNOTS('',3,(#3216,#3217,#3218,#3219),
 .UNSPECIFIED.,.F.,.F.,(4,4),(-0.625808930371323,0.),.UNSPECIFIED.);
#622=B_SPLINE_CURVE_WITH_KNOTS('',3,(#3220,#3221,#3222,#3223),
 .UNSPECIFIED.,.F.,.F.,(4,4),(0.,0.625808930371323),.UNSPECIFIED.);
#623=B_SPLINE_CURVE_WITH_KNOTS('',3,(#3251,#3252,#3253,#3254),
 .UNSPECIFIED.,.F.,.F.,(4,4),(-0.625808930371327,0.),.UNSPECIFIED.);
#624=B_SPLINE_CURVE_WITH_KNOTS('',3,(#3257,#3258,#3259,#3260),
 .UNSPECIFIED.,.F.,.F.,(4,4),(0.,0.625808930371327),.UNSPECIFIED.);
#625=B_SPLINE_CURVE_WITH_KNOTS('',3,(#3282,#3283,#3284,#3285),
 .UNSPECIFIED.,.F.,.F.,(4,4),(-0.191784671332955,0.),.UNSPECIFIED.);
#626=B_SPLINE_CURVE_WITH_KNOTS('',3,(#3288,#3289,#3290,#3291),
 .UNSPECIFIED.,.F.,.F.,(4,4),(0.,0.191784671332955),.UNSPECIFIED.);
#627=B_SPLINE_CURVE_WITH_KNOTS('',3,(#3325,#3326,#3327,#3328,#3329,#3330,
#3331,#3332),.UNSPECIFIED.,.F.,.F.,(4,1,1,2,4),(0.,0.0319448869674928,0.0479173304512393,
0.0798622174187321,0.0802112994209865),.UNSPECIFIED.);
#628=B_SPLINE_CURVE_WITH_KNOTS('',3,(#3333,#3334,#3335,#3336,#3337,#3338,
#3339,#3340),.UNSPECIFIED.,.F.,.F.,(4,2,1,1,4),(-0.0802112994209865,-0.0798622174187321,
-0.0479173304512393,-0.0319448869674928,0.),.UNSPECIFIED.);
#629=B_SPLINE_CURVE_WITH_KNOTS('',3,(#3393,#3394,#3395,#3396,#3397,#3398,
#3399,#3400,#3401,#3402,#3403,#3404,#3405,#3406,#3407,#3408,#3409,#3410,
#3411,#3412,#3413,#3414,#3415,#3416,#3417,#3418,#3419,#3420,#3421,#3422,
#3423,#3424,#3425,#3426,#3427,#3428,#3429),.UNSPECIFIED.,.F.,.F.,(4,3,3,
3,3,3,3,3,3,3,3,3,4),(0.,0.132903811598318,0.265799782743152,0.398686917364166,
0.531564483288678,0.664466977734727,0.797350277661858,0.930216351329375,
1.06306750126217,1.19593679326727,1.32878143394374,1.46163183451792,1.51907456520947),
 .UNSPECIFIED.);
#630=B_SPLINE_CURVE_WITH_KNOTS('',3,(#3433,#3434,#3435,#3436,#3437,#3438,
#3439,#3440,#3441,#3442),.UNSPECIFIED.,.F.,.F.,(4,2,2,2,4),(-0.127512234846904,
-0.12578663304473,-0.0628933165222642,0.,0.00172560177604482),
 .UNSPECIFIED.);
#631=B_SPLINE_CURVE_WITH_KNOTS('',3,(#3454,#3455,#3456,#3457,#3458,#3459,
#3460,#3461,#3462,#3463),.UNSPECIFIED.,.F.,.F.,(4,2,2,2,4),(-0.127512234891908,
-0.12578663308709,-0.0628933165435449,0.,0.00172560180476884),
 .UNSPECIFIED.);
#632=B_SPLINE_CURVE_WITH_KNOTS('',3,(#3467,#3468,#3469,#3470,#3471,#3472,
#3473,#3474,#3475,#3476,#3477,#3478,#3479,#3480,#3481,#3482,#3483,#3484,
#3485,#3486,#3487,#3488,#3489,#3490,#3491,#3492,#3493,#3494,#3495,#3496,
#3497,#3498,#3499,#3500,#3501,#3502,#3503),.UNSPECIFIED.,.F.,.F.,(4,3,3,
3,3,3,3,3,3,3,3,3,4),(0.,0.132850268597849,0.2656976223083,0.398544058993325,
0.531391351718913,0.664282412386954,0.797167015710547,0.930047051457958,
1.06292406595415,1.19583425808539,1.32872628751268,1.46163024293846,1.51907456520947),
 .UNSPECIFIED.);
#633=B_SPLINE_CURVE_WITH_KNOTS('',3,(#3623,#3624,#3625,#3626,#3627,#3628,
#3629,#3630,#3631,#3632,#3633,#3634,#3635,#3636,#3637,#3638,#3639,#3640,
#3641,#3642,#3643,#3644,#3645,#3646,#3647,#3648,#3649,#3650,#3651,#3652,
#3653,#3654,#3655,#3656,#3657,#3658,#3659),.UNSPECIFIED.,.F.,.F.,(4,3,3,
3,3,3,3,3,3,3,3,3,4),(0.,0.133579846842029,0.267154653868802,0.400724883312138,
0.541243255924155,0.674843094017622,0.808430250964104,0.942006577637712,
1.07557392331082,1.20916547612308,1.34273587213261,1.47631310381197,1.52487186420827),
 .UNSPECIFIED.);
#634=B_SPLINE_CURVE_WITH_KNOTS('',3,(#3672,#3673,#3674,#3675,#3676,#3677,
#3678,#3679,#3680,#3681),.UNSPECIFIED.,.F.,.F.,(4,2,2,2,4),(-0.127512234891908,
-0.12578663308709,-0.0628933165435449,0.,0.00172560180476884),
 .UNSPECIFIED.);
#635=B_SPLINE_CURVE_WITH_KNOTS('',3,(#3814,#3815,#3816,#3817,#3818,#3819,
#3820,#3821,#3822,#3823,#3824,#3825,#3826,#3827,#3828,#3829,#3830,#3831,
#3832,#3833,#3834,#3835,#3836,#3837,#3838,#3839,#3840,#3841,#3842,#3843,
#3844,#3845,#3846,#3847,#3848,#3849,#3850),.UNSPECIFIED.,.F.,.F.,(4,3,3,
3,3,3,3,3,3,3,3,3,4),(0.,0.133579846842036,0.267154653868808,0.400724883312147,
0.541243255924163,0.674843094017634,0.808430250964117,0.942006577637739,
1.07557392331082,1.20916547612306,1.34273587213262,1.47631310381197,1.52487186420827),
 .UNSPECIFIED.);
#636=B_SPLINE_CURVE_WITH_KNOTS('',3,(#3880,#3881,#3882,#3883,#3884,#3885,
#3886,#3887,#3888,#3889,#3890,#3891,#3892,#3893,#3894,#3895,#3896,#3897),
 .UNSPECIFIED.,.F.,.F.,(4,2,2,2,2,2,2,2,4),(0.589984250172003,0.633660180482543,
0.761286806311224,0.889008299556262,1.0167297928013,1.14445128604634,1.27217277929138,
1.39979940512006,1.4434753354306),.UNSPECIFIED.);
#637=B_SPLINE_CURVE_WITH_KNOTS('',3,(#3923,#3924,#3925,#3926),
 .UNSPECIFIED.,.F.,.F.,(4,4),(0.,1.),.UNSPECIFIED.);
#638=B_SPLINE_CURVE_WITH_KNOTS('',3,(#3931,#3932,#3933,#3934),
 .UNSPECIFIED.,.F.,.F.,(4,4),(0.,1.),.UNSPECIFIED.);
#639=B_SPLINE_CURVE_WITH_KNOTS('',3,(#3952,#3953,#3954,#3955,#3956,#3957,
#3958,#3959,#3960,#3961,#3962,#3963,#3964,#3965,#3966,#3967,#3968,#3969,
#3970,#3971,#3972,#3973,#3974,#3975,#3976,#3977,#3978,#3979,#3980,#3981,
#3982,#3983,#3984,#3985,#3986,#3987,#3988),.UNSPECIFIED.,.F.,.F.,(4,3,3,
3,3,3,3,3,3,3,3,3,4),(0.,0.133579846842036,0.267154653868806,0.400724883312127,
0.541243255924145,0.67484309401761,0.808430250964093,0.942006577637713,
1.07557392331078,1.20916547612304,1.34273587213257,1.47631310381192,1.52487186420827),
 .UNSPECIFIED.);
#640=B_SPLINE_CURVE_WITH_KNOTS('',3,(#3991,#3992,#3993,#3994,#3995,#3996,
#3997,#3998,#3999,#4000,#4001,#4002,#4003,#4004,#4005,#4006,#4007,#4008,
#4009,#4010,#4011,#4012,#4013,#4014,#4015,#4016,#4017,#4018,#4019,#4020,
#4021,#4022,#4023,#4024,#4025,#4026,#4027),.UNSPECIFIED.,.F.,.F.,(4,3,3,
3,3,3,3,3,3,3,3,3,4),(0.,0.132850268597849,0.265697622308285,0.39854405899336,
0.531391351718962,0.664282412387004,0.797167015710616,0.930047051457982,
1.0629240659542,1.19583425808542,1.32872628751266,1.46163024293848,1.51907456520947),
 .UNSPECIFIED.);
#641=B_SPLINE_CURVE_WITH_KNOTS('',3,(#4119,#4120,#4121,#4122,#4123,#4124,
#4125,#4126,#4127,#4128,#4129,#4130,#4131,#4132,#4133,#4134,#4135,#4136),
 .UNSPECIFIED.,.F.,.F.,(4,2,2,2,2,2,2,2,4),(0.589984250172003,0.633660180482543,
0.761286806311224,0.889008299556262,1.0167297928013,1.14445128604634,1.27217277929138,
1.39979940512006,1.4434753354306),.UNSPECIFIED.);
#642=B_SPLINE_CURVE_WITH_KNOTS('',3,(#4156,#4157,#4158,#4159),
 .UNSPECIFIED.,.F.,.F.,(4,4),(0.,1.),.UNSPECIFIED.);
#643=B_SPLINE_CURVE_WITH_KNOTS('',3,(#4163,#4164,#4165,#4166),
 .UNSPECIFIED.,.F.,.F.,(4,4),(0.,1.),.UNSPECIFIED.);
#644=B_SPLINE_CURVE_WITH_KNOTS('',3,(#4183,#4184,#4185,#4186,#4187,#4188,
#4189,#4190,#4191,#4192,#4193,#4194,#4195,#4196,#4197,#4198,#4199,#4200,
#4201,#4202,#4203,#4204,#4205,#4206,#4207,#4208,#4209,#4210,#4211,#4212,
#4213,#4214,#4215,#4216,#4217,#4218,#4219),.UNSPECIFIED.,.F.,.F.,(4,3,3,
3,3,3,3,3,3,3,3,3,4),(0.,0.133579846842029,0.267154653868802,0.400724883312138,
0.541243255924155,0.674843094017622,0.808430250964104,0.942006577637712,
1.07557392331082,1.20916547612308,1.34273587213261,1.47631310381197,1.52487186420827),
 .UNSPECIFIED.);
#645=CIRCLE('',#1963,0.5);
#646=CIRCLE('',#1964,0.500000000000003);
#647=CIRCLE('',#1965,0.500000000000005);
#648=CIRCLE('',#1967,0.500000000000005);
#649=CIRCLE('',#1968,0.500000000000019);
#650=CIRCLE('',#1969,0.500000000000008);
#651=CIRCLE('',#1971,2.21445582945114);
#652=CIRCLE('',#1972,2.31478170765854);
#653=CIRCLE('',#1974,2.05);
#654=CIRCLE('',#1975,120.);
#655=CIRCLE('',#1977,2.05);
#656=CIRCLE('',#1979,2.21445582945114);
#657=CIRCLE('',#1980,120.);
#658=CIRCLE('',#1982,2.31478170765854);
#659=CIRCLE('',#1984,3.3134112424131);
#660=CIRCLE('',#1985,3.3134112424131);
#661=CIRCLE('',#1987,2.26478170765851);
#662=CIRCLE('',#1988,1.);
#663=CIRCLE('',#1989,3.2634112424131);
#664=CIRCLE('',#1990,0.500000000000008);
#665=CIRCLE('',#1991,0.499999999999999);
#666=CIRCLE('',#1992,0.499999999999991);
#667=CIRCLE('',#1994,0.499999999999991);
#668=CIRCLE('',#1995,0.500000000000001);
#669=CIRCLE('',#1996,0.49999999999999);
#670=CIRCLE('',#1998,2.26478170765852);
#671=CIRCLE('',#1999,0.999999999999998);
#672=CIRCLE('',#2000,3.2634112424131);
#673=CIRCLE('',#2002,2.16445582945113);
#674=CIRCLE('',#2004,2.);
#675=CIRCLE('',#2005,120.);
#676=CIRCLE('',#2007,2.);
#677=CIRCLE('',#2009,2.16445582945113);
#678=CIRCLE('',#2010,120.);
#679=CIRCLE('',#2012,2.26478170765852);
#680=CIRCLE('',#2014,3.2634112424131);
#681=CIRCLE('',#2015,0.999999999999998);
#682=CIRCLE('',#2017,2.05);
#683=CIRCLE('',#2018,120.);
#684=CIRCLE('',#2019,2.21445582945114);
#685=CIRCLE('',#2021,3.2634112424131);
#686=CIRCLE('',#2022,1.);
#687=CIRCLE('',#2023,2.26478170765851);
#688=CIRCLE('',#2025,2.16445582945112);
#689=CIRCLE('',#2027,120.);
#690=CIRCLE('',#2028,2.);
#691=CIRCLE('',#2030,3.3134112424131);
#692=CIRCLE('',#2031,3.3134112424131);
#693=CIRCLE('',#2033,2.21445582945114);
#694=CIRCLE('',#2034,120.);
#695=CIRCLE('',#2035,2.05);
#696=CIRCLE('',#2037,3.3134112424131);
#697=CIRCLE('',#2038,3.3134112424131);
#698=CIRCLE('',#2039,2.31478170765854);
#699=CIRCLE('',#2042,2.16445582945112);
#700=CIRCLE('',#2044,2.31478170765854);
#701=CIRCLE('',#2046,0.499999999999998);
#702=CIRCLE('',#2047,0.5);
#703=CIRCLE('',#2048,0.499999999999989);
#704=CIRCLE('',#2049,0.5);
#705=CIRCLE('',#2050,1.);
#706=CIRCLE('',#2052,0.499999999999989);
#707=CIRCLE('',#2053,0.500000000000007);
#708=CIRCLE('',#2054,0.5);
#709=CIRCLE('',#2055,1.);
#710=CIRCLE('',#2057,0.500000000000007);
#711=CIRCLE('',#2058,0.499999999999987);
#712=CIRCLE('',#2059,0.5);
#713=CIRCLE('',#2060,1.);
#714=CIRCLE('',#2062,0.499999999999988);
#715=CIRCLE('',#2064,0.500000000000007);
#716=CIRCLE('',#2065,119.5);
#717=CIRCLE('',#2066,120.);
#718=CIRCLE('',#2068,0.500000000000007);
#719=CIRCLE('',#2070,0.500000000000005);
#720=CIRCLE('',#2071,119.5);
#721=CIRCLE('',#2072,120.);
#722=CIRCLE('',#2074,0.500000000000005);
#723=CIRCLE('',#2075,1.);
#724=CIRCLE('',#2076,0.5);
#725=CIRCLE('',#2079,3.3134112424131);
#726=CIRCLE('',#2081,1.);
#727=CIRCLE('',#2084,1.);
#728=CIRCLE('',#2087,0.5);
#729=CIRCLE('',#2088,0.5);
#730=CIRCLE('',#2089,0.499999999999998);
#731=CIRCLE('',#2090,1.);
#732=CIRCLE('',#2092,0.499999999999998);
#733=CIRCLE('',#2093,0.500000000000238);
#734=CIRCLE('',#2094,1.);
#735=CIRCLE('',#2095,0.5);
#736=CIRCLE('',#2097,0.499999999999998);
#737=CIRCLE('',#2098,0.500000000000238);
#738=CIRCLE('',#2099,1.);
#739=CIRCLE('',#2100,0.5);
#740=CIRCLE('',#2102,0.499999999999998);
#741=CIRCLE('',#2104,0.500000000000114);
#742=CIRCLE('',#2105,120.);
#743=CIRCLE('',#2106,119.5);
#744=CIRCLE('',#2108,0.499999999999998);
#745=CIRCLE('',#2110,0.500000000000007);
#746=CIRCLE('',#2111,120.);
#747=CIRCLE('',#2112,119.5);
#748=CIRCLE('',#2114,0.499999999999998);
#749=CIRCLE('',#2115,0.499999999999998);
#750=CIRCLE('',#2116,1.);
#751=CIRCLE('',#2117,0.5);
#752=CIRCLE('',#2121,120.);
#753=CIRCLE('',#2126,1.);
#754=CIRCLE('',#2129,120.);
#755=CIRCLE('',#2130,0.835544170548865);
#756=CIRCLE('',#2131,1.);
#757=CIRCLE('',#2133,120.);
#758=CIRCLE('',#2135,2.);
#759=CIRCLE('',#2136,0.835544170548867);
#760=CIRCLE('',#2137,120.);
#761=CIRCLE('',#2138,0.99999999999999);
#762=CIRCLE('',#2146,1.);
#763=CIRCLE('',#2149,3.3134112424131);
#764=CIRCLE('',#2154,1.65000000000001);
#765=CIRCLE('',#2155,3.40000000000002);
#766=CIRCLE('',#2156,3.40000000000002);
#767=CIRCLE('',#2158,1.65000000000001);
#768=CIRCLE('',#2160,1.65000000000001);
#769=CIRCLE('',#2161,3.40000000000002);
#770=CIRCLE('',#2163,1.65000000000001);
#771=CIRCLE('',#2165,1.65000000000001);
#772=CIRCLE('',#2166,3.40000000000002);
#773=CIRCLE('',#2168,1.65000000000001);
#774=CIRCLE('',#2170,120.);
#775=CIRCLE('',#2171,1.);
#776=CIRCLE('',#2172,0.835544170548865);
#777=CIRCLE('',#2174,0.99999999999999);
#778=CIRCLE('',#2175,0.835544170548867);
#779=CIRCLE('',#2183,1.65000000000001);
#780=CIRCLE('',#2184,1.65000000000001);
#781=CIRCLE('',#2185,1.65000000000001);
#782=CIRCLE('',#2192,3.40000000000002);
#783=CIRCLE('',#2193,3.40000000000002);
#784=CIRCLE('',#2194,3.40000000000002);
#785=CIRCLE('',#2195,3.40000000000002);
#786=CIRCLE('',#2197,1.65000000000001);
#787=CIRCLE('',#2200,1.65000000000001);
#788=CIRCLE('',#2203,1.65000000000001);
#789=VERTEX_POINT('',#2830);
#790=VERTEX_POINT('',#2831);
#791=VERTEX_POINT('',#2833);
#792=VERTEX_POINT('',#2870);
#793=VERTEX_POINT('',#2875);
#794=VERTEX_POINT('',#2901);
#795=VERTEX_POINT('',#2906);
#796=VERTEX_POINT('',#2913);
#797=VERTEX_POINT('',#2915);
#798=VERTEX_POINT('',#2938);
#799=VERTEX_POINT('',#2943);
#800=VERTEX_POINT('',#2969);
#801=VERTEX_POINT('',#2974);
#802=VERTEX_POINT('',#3012);
#803=VERTEX_POINT('',#3030);
#804=VERTEX_POINT('',#3032);
#805=VERTEX_POINT('',#3036);
#806=VERTEX_POINT('',#3040);
#807=VERTEX_POINT('',#3044);
#808=VERTEX_POINT('',#3048);
#809=VERTEX_POINT('',#3052);
#810=VERTEX_POINT('',#3054);
#811=VERTEX_POINT('',#3065);
#812=VERTEX_POINT('',#3105);
#813=VERTEX_POINT('',#3107);
#814=VERTEX_POINT('',#3142);
#815=VERTEX_POINT('',#3143);
#816=VERTEX_POINT('',#3145);
#817=VERTEX_POINT('',#3182);
#818=VERTEX_POINT('',#3183);
#819=VERTEX_POINT('',#3213);
#820=VERTEX_POINT('',#3214);
#821=VERTEX_POINT('',#3225);
#822=VERTEX_POINT('',#3227);
#823=VERTEX_POINT('',#3250);
#824=VERTEX_POINT('',#3255);
#825=VERTEX_POINT('',#3281);
#826=VERTEX_POINT('',#3286);
#827=VERTEX_POINT('',#3324);
#828=VERTEX_POINT('',#3342);
#829=VERTEX_POINT('',#3344);
#830=VERTEX_POINT('',#3348);
#831=VERTEX_POINT('',#3352);
#832=VERTEX_POINT('',#3356);
#833=VERTEX_POINT('',#3360);
#834=VERTEX_POINT('',#3364);
#835=VERTEX_POINT('',#3368);
#836=VERTEX_POINT('',#3372);
#837=VERTEX_POINT('',#3374);
#838=VERTEX_POINT('',#3378);
#839=VERTEX_POINT('',#3380);
#840=VERTEX_POINT('',#3384);
#841=VERTEX_POINT('',#3388);
#842=VERTEX_POINT('',#3392);
#843=VERTEX_POINT('',#3430);
#844=VERTEX_POINT('',#3432);
#845=VERTEX_POINT('',#3445);
#846=VERTEX_POINT('',#3447);
#847=VERTEX_POINT('',#3451);
#848=VERTEX_POINT('',#3453);
#849=VERTEX_POINT('',#3464);
#850=VERTEX_POINT('',#3466);
#851=VERTEX_POINT('',#3508);
#852=VERTEX_POINT('',#3512);
#853=VERTEX_POINT('',#3516);
#854=VERTEX_POINT('',#3517);
#855=VERTEX_POINT('',#3519);
#856=VERTEX_POINT('',#3521);
#857=VERTEX_POINT('',#3533);
#858=VERTEX_POINT('',#3534);
#859=VERTEX_POINT('',#3539);
#860=VERTEX_POINT('',#3540);
#861=VERTEX_POINT('',#3553);
#862=VERTEX_POINT('',#3554);
#863=VERTEX_POINT('',#3559);
#864=VERTEX_POINT('',#3560);
#865=VERTEX_POINT('',#3573);
#866=VERTEX_POINT('',#3574);
#867=VERTEX_POINT('',#3579);
#868=VERTEX_POINT('',#3580);
#869=VERTEX_POINT('',#3585);
#870=VERTEX_POINT('',#3586);
#871=VERTEX_POINT('',#3591);
#872=VERTEX_POINT('',#3592);
#873=VERTEX_POINT('',#3597);
#874=VERTEX_POINT('',#3598);
#875=VERTEX_POINT('',#3603);
#876=VERTEX_POINT('',#3604);
#877=VERTEX_POINT('',#3620);
#878=VERTEX_POINT('',#3622);
#879=VERTEX_POINT('',#3662);
#880=VERTEX_POINT('',#3666);
#881=VERTEX_POINT('',#3668);
#882=VERTEX_POINT('',#3670);
#883=VERTEX_POINT('',#3683);
#884=VERTEX_POINT('',#3688);
#885=VERTEX_POINT('',#3703);
#886=VERTEX_POINT('',#3704);
#887=VERTEX_POINT('',#3706);
#888=VERTEX_POINT('',#3708);
#889=VERTEX_POINT('',#3712);
#890=VERTEX_POINT('',#3713);
#891=VERTEX_POINT('',#3726);
#892=VERTEX_POINT('',#3727);
#893=VERTEX_POINT('',#3732);
#894=VERTEX_POINT('',#3733);
#895=VERTEX_POINT('',#3746);
#896=VERTEX_POINT('',#3747);
#897=VERTEX_POINT('',#3752);
#898=VERTEX_POINT('',#3753);
#899=VERTEX_POINT('',#3758);
#900=VERTEX_POINT('',#3759);
#901=VERTEX_POINT('',#3764);
#902=VERTEX_POINT('',#3765);
#903=VERTEX_POINT('',#3770);
#904=VERTEX_POINT('',#3771);
#905=VERTEX_POINT('',#3776);
#906=VERTEX_POINT('',#3777);
#907=VERTEX_POINT('',#3790);
#908=VERTEX_POINT('',#3791);
#909=VERTEX_POINT('',#3799);
#910=VERTEX_POINT('',#3801);
#911=VERTEX_POINT('',#3805);
#912=VERTEX_POINT('',#3809);
#913=VERTEX_POINT('',#3854);
#914=VERTEX_POINT('',#3856);
#915=VERTEX_POINT('',#3861);
#916=VERTEX_POINT('',#3863);
#917=VERTEX_POINT('',#3878);
#918=VERTEX_POINT('',#3879);
#919=VERTEX_POINT('',#3900);
#920=VERTEX_POINT('',#3914);
#921=VERTEX_POINT('',#3930);
#922=VERTEX_POINT('',#3940);
#923=VERTEX_POINT('',#3942);
#924=VERTEX_POINT('',#4069);
#925=VERTEX_POINT('',#4071);
#926=VERTEX_POINT('',#4076);
#927=VERTEX_POINT('',#4080);
#928=VERTEX_POINT('',#4082);
#929=VERTEX_POINT('',#4086);
#930=VERTEX_POINT('',#4090);
#931=VERTEX_POINT('',#4092);
#932=VERTEX_POINT('',#4096);
#933=VERTEX_POINT('',#4100);
#934=VERTEX_POINT('',#4102);
#935=VERTEX_POINT('',#4117);
#936=VERTEX_POINT('',#4118);
#937=VERTEX_POINT('',#4152);
#938=VERTEX_POINT('',#4174);
#939=VERTEX_POINT('',#4176);
#940=VERTEX_POINT('',#4178);
#941=VERTEX_POINT('',#4265);
#942=VERTEX_POINT('',#4268);
#943=VERTEX_POINT('',#4270);
#944=VERTEX_POINT('',#4273);
#945=VERTEX_POINT('',#4279);
#946=VERTEX_POINT('',#4285);
#947=EDGE_CURVE('',#789,#790,#645,.T.);
#948=EDGE_CURVE('',#790,#791,#603,.T.);
#949=EDGE_CURVE('',#791,#789,#604,.T.);
#950=EDGE_CURVE('',#789,#792,#605,.T.);
#951=EDGE_CURVE('',#792,#793,#646,.T.);
#952=EDGE_CURVE('',#793,#790,#606,.T.);
#953=EDGE_CURVE('',#792,#794,#607,.T.);
#954=EDGE_CURVE('',#794,#795,#647,.T.);
#955=EDGE_CURVE('',#795,#793,#608,.T.);
#956=EDGE_CURVE('',#794,#796,#95,.T.);
#957=EDGE_CURVE('',#796,#797,#648,.T.);
#958=EDGE_CURVE('',#797,#795,#96,.T.);
#959=EDGE_CURVE('',#796,#798,#609,.T.);
#960=EDGE_CURVE('',#798,#799,#649,.T.);
#961=EDGE_CURVE('',#799,#797,#610,.T.);
#962=EDGE_CURVE('',#798,#800,#611,.T.);
#963=EDGE_CURVE('',#800,#801,#650,.T.);
#964=EDGE_CURVE('',#801,#799,#612,.T.);
#965=EDGE_CURVE('',#800,#802,#613,.T.);
#966=EDGE_CURVE('',#802,#801,#614,.T.);
#967=EDGE_CURVE('',#803,#798,#651,.T.);
#968=EDGE_CURVE('',#804,#803,#97,.T.);
#969=EDGE_CURVE('',#800,#804,#652,.T.);
#970=EDGE_CURVE('',#796,#805,#653,.T.);
#971=EDGE_CURVE('',#805,#803,#654,.T.);
#972=EDGE_CURVE('',#794,#806,#655,.T.);
#973=EDGE_CURVE('',#806,#805,#98,.T.);
#974=EDGE_CURVE('',#807,#792,#656,.T.);
#975=EDGE_CURVE('',#806,#807,#657,.T.);
#976=EDGE_CURVE('',#789,#808,#658,.T.);
#977=EDGE_CURVE('',#808,#807,#99,.T.);
#978=EDGE_CURVE('',#809,#791,#659,.T.);
#979=EDGE_CURVE('',#809,#810,#615,.T.);
#980=EDGE_CURVE('',#811,#810,#660,.T.);
#981=EDGE_CURVE('',#808,#811,#616,.T.);
#982=EDGE_CURVE('',#812,#790,#661,.T.);
#983=EDGE_CURVE('',#812,#813,#662,.T.);
#984=EDGE_CURVE('',#791,#813,#663,.T.);
#985=EDGE_CURVE('',#814,#815,#664,.T.);
#986=EDGE_CURVE('',#815,#816,#617,.T.);
#987=EDGE_CURVE('',#816,#814,#618,.T.);
#988=EDGE_CURVE('',#817,#818,#665,.T.);
#989=EDGE_CURVE('',#818,#815,#619,.T.);
#990=EDGE_CURVE('',#814,#817,#620,.T.);
#991=EDGE_CURVE('',#819,#820,#666,.T.);
#992=EDGE_CURVE('',#820,#818,#621,.T.);
#993=EDGE_CURVE('',#817,#819,#622,.T.);
#994=EDGE_CURVE('',#819,#821,#100,.T.);
#995=EDGE_CURVE('',#821,#822,#667,.T.);
#996=EDGE_CURVE('',#822,#820,#101,.T.);
#997=EDGE_CURVE('',#821,#823,#623,.T.);
#998=EDGE_CURVE('',#823,#824,#668,.T.);
#999=EDGE_CURVE('',#824,#822,#624,.T.);
#1000=EDGE_CURVE('',#823,#825,#625,.T.);
#1001=EDGE_CURVE('',#825,#826,#669,.T.);
#1002=EDGE_CURVE('',#826,#824,#626,.T.);
#1003=EDGE_CURVE('',#825,#827,#627,.T.);
#1004=EDGE_CURVE('',#827,#826,#628,.T.);
#1005=EDGE_CURVE('',#825,#828,#670,.T.);
#1006=EDGE_CURVE('',#828,#829,#671,.T.);
#1007=EDGE_CURVE('',#829,#827,#672,.T.);
#1008=EDGE_CURVE('',#830,#823,#673,.T.);
#1009=EDGE_CURVE('',#828,#830,#102,.T.);
#1010=EDGE_CURVE('',#821,#831,#674,.T.);
#1011=EDGE_CURVE('',#831,#830,#675,.T.);
#1012=EDGE_CURVE('',#819,#832,#676,.T.);
#1013=EDGE_CURVE('',#832,#831,#103,.T.);
#1014=EDGE_CURVE('',#833,#817,#677,.T.);
#1015=EDGE_CURVE('',#832,#833,#678,.T.);
#1016=EDGE_CURVE('',#814,#834,#679,.T.);
#1017=EDGE_CURVE('',#834,#833,#104,.T.);
#1018=EDGE_CURVE('',#835,#816,#680,.T.);
#1019=EDGE_CURVE('',#834,#835,#681,.T.);
#1020=EDGE_CURVE('',#836,#820,#682,.T.);
#1021=EDGE_CURVE('',#836,#837,#683,.T.);
#1022=EDGE_CURVE('',#818,#837,#684,.T.);
#1023=EDGE_CURVE('',#802,#838,#685,.T.);
#1024=EDGE_CURVE('',#839,#838,#686,.T.);
#1025=EDGE_CURVE('',#839,#801,#687,.T.);
#1026=EDGE_CURVE('',#839,#840,#105,.T.);
#1027=EDGE_CURVE('',#799,#840,#688,.T.);
#1028=EDGE_CURVE('',#841,#840,#689,.T.);
#1029=EDGE_CURVE('',#841,#797,#690,.T.);
#1030=EDGE_CURVE('',#804,#842,#629,.T.);
#1031=EDGE_CURVE('',#842,#843,#691,.T.);
#1032=EDGE_CURVE('',#844,#843,#630,.T.);
#1033=EDGE_CURVE('',#844,#802,#692,.T.);
#1034=EDGE_CURVE('',#824,#845,#693,.T.);
#1035=EDGE_CURVE('',#846,#845,#694,.T.);
#1036=EDGE_CURVE('',#846,#822,#695,.T.);
#1037=EDGE_CURVE('',#827,#847,#696,.T.);
#1038=EDGE_CURVE('',#848,#847,#631,.T.);
#1039=EDGE_CURVE('',#848,#849,#697,.T.);
#1040=EDGE_CURVE('',#849,#850,#632,.T.);
#1041=EDGE_CURVE('',#850,#826,#698,.T.);
#1042=EDGE_CURVE('',#845,#850,#106,.T.);
#1043=EDGE_CURVE('',#793,#851,#699,.T.);
#1044=EDGE_CURVE('',#812,#851,#107,.T.);
#1045=EDGE_CURVE('',#837,#852,#108,.T.);
#1046=EDGE_CURVE('',#852,#815,#700,.T.);
#1047=EDGE_CURVE('',#853,#854,#701,.T.);
#1048=EDGE_CURVE('',#854,#855,#109,.T.);
#1049=EDGE_CURVE('',#855,#856,#702,.T.);
#1050=EDGE_CURVE('',#856,#853,#110,.T.);
#1051=EDGE_CURVE('',#857,#858,#703,.T.);
#1052=EDGE_CURVE('',#858,#856,#704,.T.);
#1053=EDGE_CURVE('',#855,#857,#705,.T.);
#1054=EDGE_CURVE('',#859,#860,#706,.T.);
#1055=EDGE_CURVE('',#860,#858,#111,.T.);
#1056=EDGE_CURVE('',#857,#859,#112,.T.);
#1057=EDGE_CURVE('',#861,#862,#707,.T.);
#1058=EDGE_CURVE('',#862,#860,#708,.T.);
#1059=EDGE_CURVE('',#859,#861,#709,.T.);
#1060=EDGE_CURVE('',#863,#864,#710,.T.);
#1061=EDGE_CURVE('',#864,#862,#113,.T.);
#1062=EDGE_CURVE('',#861,#863,#114,.T.);
#1063=EDGE_CURVE('',#865,#866,#711,.T.);
#1064=EDGE_CURVE('',#866,#864,#712,.T.);
#1065=EDGE_CURVE('',#863,#865,#713,.T.);
#1066=EDGE_CURVE('',#867,#868,#714,.T.);
#1067=EDGE_CURVE('',#868,#866,#115,.T.);
#1068=EDGE_CURVE('',#865,#867,#116,.T.);
#1069=EDGE_CURVE('',#869,#870,#715,.T.);
#1070=EDGE_CURVE('',#870,#868,#716,.T.);
#1071=EDGE_CURVE('',#867,#869,#717,.T.);
#1072=EDGE_CURVE('',#871,#872,#718,.T.);
#1073=EDGE_CURVE('',#872,#870,#117,.T.);
#1074=EDGE_CURVE('',#869,#871,#118,.T.);
#1075=EDGE_CURVE('',#873,#874,#719,.T.);
#1076=EDGE_CURVE('',#874,#872,#720,.T.);
#1077=EDGE_CURVE('',#871,#873,#721,.T.);
#1078=EDGE_CURVE('',#875,#876,#722,.T.);
#1079=EDGE_CURVE('',#876,#874,#119,.T.);
#1080=EDGE_CURVE('',#873,#875,#120,.T.);
#1081=EDGE_CURVE('',#875,#854,#723,.T.);
#1082=EDGE_CURVE('',#853,#876,#724,.T.);
#1083=EDGE_CURVE('',#877,#863,#121,.T.);
#1084=EDGE_CURVE('',#878,#877,#633,.T.);
#1085=EDGE_CURVE('',#865,#878,#122,.T.);
#1086=EDGE_CURVE('',#861,#879,#123,.T.);
#1087=EDGE_CURVE('',#879,#877,#725,.T.);
#1088=EDGE_CURVE('',#880,#859,#124,.T.);
#1089=EDGE_CURVE('',#881,#880,#726,.T.);
#1090=EDGE_CURVE('',#882,#881,#125,.T.);
#1091=EDGE_CURVE('',#879,#882,#634,.T.);
#1092=EDGE_CURVE('',#883,#857,#126,.T.);
#1093=EDGE_CURVE('',#880,#883,#127,.T.);
#1094=EDGE_CURVE('',#855,#848,#128,.T.);
#1095=EDGE_CURVE('',#847,#884,#129,.T.);
#1096=EDGE_CURVE('',#884,#883,#727,.T.);
#1097=EDGE_CURVE('',#849,#854,#130,.T.);
#1098=EDGE_CURVE('',#885,#886,#728,.T.);
#1099=EDGE_CURVE('',#886,#887,#729,.T.);
#1100=EDGE_CURVE('',#887,#888,#730,.T.);
#1101=EDGE_CURVE('',#888,#885,#731,.T.);
#1102=EDGE_CURVE('',#889,#890,#732,.T.);
#1103=EDGE_CURVE('',#890,#888,#131,.T.);
#1104=EDGE_CURVE('',#887,#889,#132,.T.);
#1105=EDGE_CURVE('',#891,#892,#733,.T.);
#1106=EDGE_CURVE('',#892,#890,#734,.T.);
#1107=EDGE_CURVE('',#889,#891,#735,.T.);
#1108=EDGE_CURVE('',#893,#894,#736,.T.);
#1109=EDGE_CURVE('',#894,#892,#133,.T.);
#1110=EDGE_CURVE('',#891,#893,#134,.T.);
#1111=EDGE_CURVE('',#895,#896,#737,.T.);
#1112=EDGE_CURVE('',#896,#894,#738,.T.);
#1113=EDGE_CURVE('',#893,#895,#739,.T.);
#1114=EDGE_CURVE('',#897,#898,#740,.T.);
#1115=EDGE_CURVE('',#898,#896,#135,.T.);
#1116=EDGE_CURVE('',#895,#897,#136,.T.);
#1117=EDGE_CURVE('',#899,#900,#741,.T.);
#1118=EDGE_CURVE('',#900,#898,#742,.T.);
#1119=EDGE_CURVE('',#897,#899,#743,.T.);
#1120=EDGE_CURVE('',#901,#902,#744,.T.);
#1121=EDGE_CURVE('',#902,#900,#137,.T.);
#1122=EDGE_CURVE('',#899,#901,#138,.T.);
#1123=EDGE_CURVE('',#903,#904,#745,.T.);
#1124=EDGE_CURVE('',#904,#902,#746,.T.);
#1125=EDGE_CURVE('',#901,#903,#747,.T.);
#1126=EDGE_CURVE('',#905,#906,#748,.T.);
#1127=EDGE_CURVE('',#906,#904,#139,.T.);
#1128=EDGE_CURVE('',#903,#905,#140,.T.);
#1129=EDGE_CURVE('',#907,#908,#749,.T.);
#1130=EDGE_CURVE('',#908,#906,#750,.T.);
#1131=EDGE_CURVE('',#905,#907,#751,.T.);
#1132=EDGE_CURVE('',#907,#886,#141,.T.);
#1133=EDGE_CURVE('',#885,#908,#142,.T.);
#1134=EDGE_CURVE('',#909,#902,#143,.T.);
#1135=EDGE_CURVE('',#909,#910,#144,.T.);
#1136=EDGE_CURVE('',#910,#900,#145,.T.);
#1137=EDGE_CURVE('',#904,#911,#146,.T.);
#1138=EDGE_CURVE('',#909,#911,#752,.T.);
#1139=EDGE_CURVE('',#912,#906,#147,.T.);
#1140=EDGE_CURVE('',#911,#912,#148,.T.);
#1141=EDGE_CURVE('',#908,#842,#149,.T.);
#1142=EDGE_CURVE('',#842,#912,#635,.T.);
#1143=EDGE_CURVE('',#843,#885,#150,.T.);
#1144=EDGE_CURVE('',#888,#913,#151,.T.);
#1145=EDGE_CURVE('',#913,#914,#753,.T.);
#1146=EDGE_CURVE('',#914,#844,#152,.T.);
#1147=EDGE_CURVE('',#915,#867,#153,.T.);
#1148=EDGE_CURVE('',#916,#915,#754,.T.);
#1149=EDGE_CURVE('',#869,#916,#154,.T.);
#1150=EDGE_CURVE('',#837,#915,#755,.T.);
#1151=EDGE_CURVE('',#916,#836,#756,.T.);
#1152=EDGE_CURVE('',#917,#918,#636,.T.);
#1153=EDGE_CURVE('',#832,#918,#155,.T.);
#1154=EDGE_CURVE('',#851,#833,#156,.T.);
#1155=EDGE_CURVE('',#919,#851,#757,.T.);
#1156=EDGE_CURVE('',#917,#919,#157,.T.);
#1157=EDGE_CURVE('',#919,#795,#758,.T.);
#1158=EDGE_CURVE('',#920,#807,#759,.T.);
#1159=EDGE_CURVE('',#910,#920,#760,.T.);
#1160=EDGE_CURVE('',#806,#910,#761,.T.);
#1161=EDGE_CURVE('',#898,#920,#158,.T.);
#1162=EDGE_CURVE('',#878,#915,#159,.T.);
#1163=EDGE_CURVE('',#878,#852,#637,.T.);
#1164=EDGE_CURVE('',#834,#812,#160,.T.);
#1165=EDGE_CURVE('',#808,#921,#638,.T.);
#1166=EDGE_CURVE('',#920,#921,#161,.T.);
#1167=EDGE_CURVE('',#921,#896,#162,.T.);
#1168=EDGE_CURVE('',#810,#892,#163,.T.);
#1169=EDGE_CURVE('',#922,#809,#164,.T.);
#1170=EDGE_CURVE('',#923,#922,#762,.T.);
#1171=EDGE_CURVE('',#890,#923,#165,.T.);
#1172=EDGE_CURVE('',#894,#811,#166,.T.);
#1173=EDGE_CURVE('',#813,#835,#167,.T.);
#1174=EDGE_CURVE('',#816,#882,#763,.T.);
#1175=EDGE_CURVE('',#881,#922,#168,.T.);
#1176=EDGE_CURVE('',#811,#921,#639,.T.);
#1177=EDGE_CURVE('',#877,#852,#640,.T.);
#1178=EDGE_CURVE('',#924,#924,#764,.T.);
#1179=EDGE_CURVE('',#924,#925,#169,.T.);
#1180=EDGE_CURVE('',#918,#925,#765,.T.);
#1181=EDGE_CURVE('',#925,#917,#766,.T.);
#1182=EDGE_CURVE('',#924,#926,#170,.T.);
#1183=EDGE_CURVE('',#926,#926,#767,.T.);
#1184=EDGE_CURVE('',#927,#927,#768,.T.);
#1185=EDGE_CURVE('',#927,#928,#171,.T.);
#1186=EDGE_CURVE('',#928,#928,#769,.T.);
#1187=EDGE_CURVE('',#927,#929,#172,.T.);
#1188=EDGE_CURVE('',#929,#929,#770,.T.);
#1189=EDGE_CURVE('',#930,#930,#771,.T.);
#1190=EDGE_CURVE('',#930,#931,#173,.T.);
#1191=EDGE_CURVE('',#931,#931,#772,.T.);
#1192=EDGE_CURVE('',#930,#932,#174,.T.);
#1193=EDGE_CURVE('',#932,#932,#773,.T.);
#1194=EDGE_CURVE('',#871,#933,#175,.T.);
#1195=EDGE_CURVE('',#933,#934,#774,.T.);
#1196=EDGE_CURVE('',#934,#873,#176,.T.);
#1197=EDGE_CURVE('',#933,#846,#775,.T.);
#1198=EDGE_CURVE('',#845,#934,#776,.T.);
#1199=EDGE_CURVE('',#935,#936,#641,.T.);
#1200=EDGE_CURVE('',#935,#841,#177,.T.);
#1201=EDGE_CURVE('',#840,#830,#178,.T.);
#1202=EDGE_CURVE('',#831,#936,#179,.T.);
#1203=EDGE_CURVE('',#805,#909,#777,.T.);
#1204=EDGE_CURVE('',#911,#803,#778,.T.);
#1205=EDGE_CURVE('',#937,#934,#180,.T.);
#1206=EDGE_CURVE('',#875,#937,#181,.T.);
#1207=EDGE_CURVE('',#937,#850,#642,.T.);
#1208=EDGE_CURVE('',#828,#839,#182,.T.);
#1209=EDGE_CURVE('',#804,#912,#643,.T.);
#1210=EDGE_CURVE('',#916,#933,#183,.T.);
#1211=EDGE_CURVE('',#884,#914,#184,.T.);
#1212=EDGE_CURVE('',#838,#829,#185,.T.);
#1213=EDGE_CURVE('',#923,#913,#186,.T.);
#1214=EDGE_CURVE('',#938,#938,#779,.T.);
#1215=EDGE_CURVE('',#939,#939,#780,.T.);
#1216=EDGE_CURVE('',#940,#940,#781,.T.);
#1217=EDGE_CURVE('',#937,#849,#644,.T.);
#1218=EDGE_CURVE('',#846,#836,#187,.T.);
#1219=EDGE_CURVE('',#919,#841,#188,.T.);
#1220=EDGE_CURVE('',#941,#935,#782,.T.);
#1221=EDGE_CURVE('',#936,#941,#783,.T.);
#1222=EDGE_CURVE('',#942,#942,#784,.T.);
#1223=EDGE_CURVE('',#943,#943,#785,.T.);
#1224=EDGE_CURVE('',#944,#944,#786,.T.);
#1225=EDGE_CURVE('',#944,#941,#189,.T.);
#1226=EDGE_CURVE('',#944,#938,#190,.T.);
#1227=EDGE_CURVE('',#945,#945,#787,.T.);
#1228=EDGE_CURVE('',#945,#942,#191,.T.);
#1229=EDGE_CURVE('',#945,#939,#192,.T.);
#1230=EDGE_CURVE('',#946,#946,#788,.T.);
#1231=EDGE_CURVE('',#946,#943,#193,.T.);
#1232=EDGE_CURVE('',#946,#940,#194,.T.);
#1233=ORIENTED_EDGE('',*,*,#947,.T.);
#1234=ORIENTED_EDGE('',*,*,#948,.T.);
#1235=ORIENTED_EDGE('',*,*,#949,.T.);
#1236=ORIENTED_EDGE('',*,*,#947,.F.);
#1237=ORIENTED_EDGE('',*,*,#950,.T.);
#1238=ORIENTED_EDGE('',*,*,#951,.T.);
#1239=ORIENTED_EDGE('',*,*,#952,.T.);
#1240=ORIENTED_EDGE('',*,*,#951,.F.);
#1241=ORIENTED_EDGE('',*,*,#953,.T.);
#1242=ORIENTED_EDGE('',*,*,#954,.T.);
#1243=ORIENTED_EDGE('',*,*,#955,.T.);
#1244=ORIENTED_EDGE('',*,*,#954,.F.);
#1245=ORIENTED_EDGE('',*,*,#956,.T.);
#1246=ORIENTED_EDGE('',*,*,#957,.T.);
#1247=ORIENTED_EDGE('',*,*,#958,.T.);
#1248=ORIENTED_EDGE('',*,*,#957,.F.);
#1249=ORIENTED_EDGE('',*,*,#959,.T.);
#1250=ORIENTED_EDGE('',*,*,#960,.T.);
#1251=ORIENTED_EDGE('',*,*,#961,.T.);
#1252=ORIENTED_EDGE('',*,*,#960,.F.);
#1253=ORIENTED_EDGE('',*,*,#962,.T.);
#1254=ORIENTED_EDGE('',*,*,#963,.T.);
#1255=ORIENTED_EDGE('',*,*,#964,.T.);
#1256=ORIENTED_EDGE('',*,*,#965,.T.);
#1257=ORIENTED_EDGE('',*,*,#966,.T.);
#1258=ORIENTED_EDGE('',*,*,#963,.F.);
#1259=ORIENTED_EDGE('',*,*,#962,.F.);
#1260=ORIENTED_EDGE('',*,*,#967,.F.);
#1261=ORIENTED_EDGE('',*,*,#968,.F.);
#1262=ORIENTED_EDGE('',*,*,#969,.F.);
#1263=ORIENTED_EDGE('',*,*,#959,.F.);
#1264=ORIENTED_EDGE('',*,*,#970,.T.);
#1265=ORIENTED_EDGE('',*,*,#971,.T.);
#1266=ORIENTED_EDGE('',*,*,#967,.T.);
#1267=ORIENTED_EDGE('',*,*,#956,.F.);
#1268=ORIENTED_EDGE('',*,*,#972,.T.);
#1269=ORIENTED_EDGE('',*,*,#973,.T.);
#1270=ORIENTED_EDGE('',*,*,#970,.F.);
#1271=ORIENTED_EDGE('',*,*,#953,.F.);
#1272=ORIENTED_EDGE('',*,*,#974,.F.);
#1273=ORIENTED_EDGE('',*,*,#975,.F.);
#1274=ORIENTED_EDGE('',*,*,#972,.F.);
#1275=ORIENTED_EDGE('',*,*,#950,.F.);
#1276=ORIENTED_EDGE('',*,*,#976,.T.);
#1277=ORIENTED_EDGE('',*,*,#977,.T.);
#1278=ORIENTED_EDGE('',*,*,#974,.T.);
#1279=ORIENTED_EDGE('',*,*,#949,.F.);
#1280=ORIENTED_EDGE('',*,*,#978,.F.);
#1281=ORIENTED_EDGE('',*,*,#979,.T.);
#1282=ORIENTED_EDGE('',*,*,#980,.F.);
#1283=ORIENTED_EDGE('',*,*,#981,.F.);
#1284=ORIENTED_EDGE('',*,*,#976,.F.);
#1285=ORIENTED_EDGE('',*,*,#948,.F.);
#1286=ORIENTED_EDGE('',*,*,#982,.F.);
#1287=ORIENTED_EDGE('',*,*,#983,.T.);
#1288=ORIENTED_EDGE('',*,*,#984,.F.);
#1289=ORIENTED_EDGE('',*,*,#985,.T.);
#1290=ORIENTED_EDGE('',*,*,#986,.T.);
#1291=ORIENTED_EDGE('',*,*,#987,.T.);
#1292=ORIENTED_EDGE('',*,*,#988,.T.);
#1293=ORIENTED_EDGE('',*,*,#989,.T.);
#1294=ORIENTED_EDGE('',*,*,#985,.F.);
#1295=ORIENTED_EDGE('',*,*,#990,.T.);
#1296=ORIENTED_EDGE('',*,*,#991,.T.);
#1297=ORIENTED_EDGE('',*,*,#992,.T.);
#1298=ORIENTED_EDGE('',*,*,#988,.F.);
#1299=ORIENTED_EDGE('',*,*,#993,.T.);
#1300=ORIENTED_EDGE('',*,*,#991,.F.);
#1301=ORIENTED_EDGE('',*,*,#994,.T.);
#1302=ORIENTED_EDGE('',*,*,#995,.T.);
#1303=ORIENTED_EDGE('',*,*,#996,.T.);
#1304=ORIENTED_EDGE('',*,*,#995,.F.);
#1305=ORIENTED_EDGE('',*,*,#997,.T.);
#1306=ORIENTED_EDGE('',*,*,#998,.T.);
#1307=ORIENTED_EDGE('',*,*,#999,.T.);
#1308=ORIENTED_EDGE('',*,*,#998,.F.);
#1309=ORIENTED_EDGE('',*,*,#1000,.T.);
#1310=ORIENTED_EDGE('',*,*,#1001,.T.);
#1311=ORIENTED_EDGE('',*,*,#1002,.T.);
#1312=ORIENTED_EDGE('',*,*,#1003,.T.);
#1313=ORIENTED_EDGE('',*,*,#1004,.T.);
#1314=ORIENTED_EDGE('',*,*,#1001,.F.);
#1315=ORIENTED_EDGE('',*,*,#1003,.F.);
#1316=ORIENTED_EDGE('',*,*,#1005,.T.);
#1317=ORIENTED_EDGE('',*,*,#1006,.T.);
#1318=ORIENTED_EDGE('',*,*,#1007,.T.);
#1319=ORIENTED_EDGE('',*,*,#1000,.F.);
#1320=ORIENTED_EDGE('',*,*,#1008,.F.);
#1321=ORIENTED_EDGE('',*,*,#1009,.F.);
#1322=ORIENTED_EDGE('',*,*,#1005,.F.);
#1323=ORIENTED_EDGE('',*,*,#997,.F.);
#1324=ORIENTED_EDGE('',*,*,#1010,.T.);
#1325=ORIENTED_EDGE('',*,*,#1011,.T.);
#1326=ORIENTED_EDGE('',*,*,#1008,.T.);
#1327=ORIENTED_EDGE('',*,*,#994,.F.);
#1328=ORIENTED_EDGE('',*,*,#1012,.T.);
#1329=ORIENTED_EDGE('',*,*,#1013,.T.);
#1330=ORIENTED_EDGE('',*,*,#1010,.F.);
#1331=ORIENTED_EDGE('',*,*,#993,.F.);
#1332=ORIENTED_EDGE('',*,*,#1014,.F.);
#1333=ORIENTED_EDGE('',*,*,#1015,.F.);
#1334=ORIENTED_EDGE('',*,*,#1012,.F.);
#1335=ORIENTED_EDGE('',*,*,#990,.F.);
#1336=ORIENTED_EDGE('',*,*,#1016,.T.);
#1337=ORIENTED_EDGE('',*,*,#1017,.T.);
#1338=ORIENTED_EDGE('',*,*,#1014,.T.);
#1339=ORIENTED_EDGE('',*,*,#987,.F.);
#1340=ORIENTED_EDGE('',*,*,#1018,.F.);
#1341=ORIENTED_EDGE('',*,*,#1019,.F.);
#1342=ORIENTED_EDGE('',*,*,#1016,.F.);
#1343=ORIENTED_EDGE('',*,*,#992,.F.);
#1344=ORIENTED_EDGE('',*,*,#1020,.F.);
#1345=ORIENTED_EDGE('',*,*,#1021,.T.);
#1346=ORIENTED_EDGE('',*,*,#1022,.F.);
#1347=ORIENTED_EDGE('',*,*,#966,.F.);
#1348=ORIENTED_EDGE('',*,*,#1023,.T.);
#1349=ORIENTED_EDGE('',*,*,#1024,.F.);
#1350=ORIENTED_EDGE('',*,*,#1025,.T.);
#1351=ORIENTED_EDGE('',*,*,#964,.F.);
#1352=ORIENTED_EDGE('',*,*,#1025,.F.);
#1353=ORIENTED_EDGE('',*,*,#1026,.T.);
#1354=ORIENTED_EDGE('',*,*,#1027,.F.);
#1355=ORIENTED_EDGE('',*,*,#961,.F.);
#1356=ORIENTED_EDGE('',*,*,#1027,.T.);
#1357=ORIENTED_EDGE('',*,*,#1028,.F.);
#1358=ORIENTED_EDGE('',*,*,#1029,.T.);
#1359=ORIENTED_EDGE('',*,*,#965,.F.);
#1360=ORIENTED_EDGE('',*,*,#969,.T.);
#1361=ORIENTED_EDGE('',*,*,#1030,.T.);
#1362=ORIENTED_EDGE('',*,*,#1031,.T.);
#1363=ORIENTED_EDGE('',*,*,#1032,.F.);
#1364=ORIENTED_EDGE('',*,*,#1033,.T.);
#1365=ORIENTED_EDGE('',*,*,#999,.F.);
#1366=ORIENTED_EDGE('',*,*,#1034,.T.);
#1367=ORIENTED_EDGE('',*,*,#1035,.F.);
#1368=ORIENTED_EDGE('',*,*,#1036,.T.);
#1369=ORIENTED_EDGE('',*,*,#1004,.F.);
#1370=ORIENTED_EDGE('',*,*,#1037,.T.);
#1371=ORIENTED_EDGE('',*,*,#1038,.F.);
#1372=ORIENTED_EDGE('',*,*,#1039,.T.);
#1373=ORIENTED_EDGE('',*,*,#1040,.T.);
#1374=ORIENTED_EDGE('',*,*,#1041,.T.);
#1375=ORIENTED_EDGE('',*,*,#1002,.F.);
#1376=ORIENTED_EDGE('',*,*,#1041,.F.);
#1377=ORIENTED_EDGE('',*,*,#1042,.F.);
#1378=ORIENTED_EDGE('',*,*,#1034,.F.);
#1379=ORIENTED_EDGE('',*,*,#952,.F.);
#1380=ORIENTED_EDGE('',*,*,#1043,.T.);
#1381=ORIENTED_EDGE('',*,*,#1044,.F.);
#1382=ORIENTED_EDGE('',*,*,#982,.T.);
#1383=ORIENTED_EDGE('',*,*,#989,.F.);
#1384=ORIENTED_EDGE('',*,*,#1022,.T.);
#1385=ORIENTED_EDGE('',*,*,#1045,.T.);
#1386=ORIENTED_EDGE('',*,*,#1046,.T.);
#1387=ORIENTED_EDGE('',*,*,#1047,.T.);
#1388=ORIENTED_EDGE('',*,*,#1048,.T.);
#1389=ORIENTED_EDGE('',*,*,#1049,.T.);
#1390=ORIENTED_EDGE('',*,*,#1050,.T.);
#1391=ORIENTED_EDGE('',*,*,#1051,.T.);
#1392=ORIENTED_EDGE('',*,*,#1052,.T.);
#1393=ORIENTED_EDGE('',*,*,#1049,.F.);
#1394=ORIENTED_EDGE('',*,*,#1053,.T.);
#1395=ORIENTED_EDGE('',*,*,#1054,.T.);
#1396=ORIENTED_EDGE('',*,*,#1055,.T.);
#1397=ORIENTED_EDGE('',*,*,#1051,.F.);
#1398=ORIENTED_EDGE('',*,*,#1056,.T.);
#1399=ORIENTED_EDGE('',*,*,#1057,.T.);
#1400=ORIENTED_EDGE('',*,*,#1058,.T.);
#1401=ORIENTED_EDGE('',*,*,#1054,.F.);
#1402=ORIENTED_EDGE('',*,*,#1059,.T.);
#1403=ORIENTED_EDGE('',*,*,#1060,.T.);
#1404=ORIENTED_EDGE('',*,*,#1061,.T.);
#1405=ORIENTED_EDGE('',*,*,#1057,.F.);
#1406=ORIENTED_EDGE('',*,*,#1062,.T.);
#1407=ORIENTED_EDGE('',*,*,#1063,.T.);
#1408=ORIENTED_EDGE('',*,*,#1064,.T.);
#1409=ORIENTED_EDGE('',*,*,#1060,.F.);
#1410=ORIENTED_EDGE('',*,*,#1065,.T.);
#1411=ORIENTED_EDGE('',*,*,#1066,.T.);
#1412=ORIENTED_EDGE('',*,*,#1067,.T.);
#1413=ORIENTED_EDGE('',*,*,#1063,.F.);
#1414=ORIENTED_EDGE('',*,*,#1068,.T.);
#1415=ORIENTED_EDGE('',*,*,#1069,.T.);
#1416=ORIENTED_EDGE('',*,*,#1070,.T.);
#1417=ORIENTED_EDGE('',*,*,#1066,.F.);
#1418=ORIENTED_EDGE('',*,*,#1071,.T.);
#1419=ORIENTED_EDGE('',*,*,#1072,.T.);
#1420=ORIENTED_EDGE('',*,*,#1073,.T.);
#1421=ORIENTED_EDGE('',*,*,#1069,.F.);
#1422=ORIENTED_EDGE('',*,*,#1074,.T.);
#1423=ORIENTED_EDGE('',*,*,#1075,.T.);
#1424=ORIENTED_EDGE('',*,*,#1076,.T.);
#1425=ORIENTED_EDGE('',*,*,#1072,.F.);
#1426=ORIENTED_EDGE('',*,*,#1077,.T.);
#1427=ORIENTED_EDGE('',*,*,#1078,.T.);
#1428=ORIENTED_EDGE('',*,*,#1079,.T.);
#1429=ORIENTED_EDGE('',*,*,#1075,.F.);
#1430=ORIENTED_EDGE('',*,*,#1080,.T.);
#1431=ORIENTED_EDGE('',*,*,#1078,.F.);
#1432=ORIENTED_EDGE('',*,*,#1081,.T.);
#1433=ORIENTED_EDGE('',*,*,#1047,.F.);
#1434=ORIENTED_EDGE('',*,*,#1082,.T.);
#1435=ORIENTED_EDGE('',*,*,#1065,.F.);
#1436=ORIENTED_EDGE('',*,*,#1083,.F.);
#1437=ORIENTED_EDGE('',*,*,#1084,.F.);
#1438=ORIENTED_EDGE('',*,*,#1085,.F.);
#1439=ORIENTED_EDGE('',*,*,#1062,.F.);
#1440=ORIENTED_EDGE('',*,*,#1086,.T.);
#1441=ORIENTED_EDGE('',*,*,#1087,.T.);
#1442=ORIENTED_EDGE('',*,*,#1083,.T.);
#1443=ORIENTED_EDGE('',*,*,#1059,.F.);
#1444=ORIENTED_EDGE('',*,*,#1088,.F.);
#1445=ORIENTED_EDGE('',*,*,#1089,.F.);
#1446=ORIENTED_EDGE('',*,*,#1090,.F.);
#1447=ORIENTED_EDGE('',*,*,#1091,.F.);
#1448=ORIENTED_EDGE('',*,*,#1086,.F.);
#1449=ORIENTED_EDGE('',*,*,#1056,.F.);
#1450=ORIENTED_EDGE('',*,*,#1092,.F.);
#1451=ORIENTED_EDGE('',*,*,#1093,.F.);
#1452=ORIENTED_EDGE('',*,*,#1088,.T.);
#1453=ORIENTED_EDGE('',*,*,#1053,.F.);
#1454=ORIENTED_EDGE('',*,*,#1094,.T.);
#1455=ORIENTED_EDGE('',*,*,#1038,.T.);
#1456=ORIENTED_EDGE('',*,*,#1095,.T.);
#1457=ORIENTED_EDGE('',*,*,#1096,.T.);
#1458=ORIENTED_EDGE('',*,*,#1092,.T.);
#1459=ORIENTED_EDGE('',*,*,#1048,.F.);
#1460=ORIENTED_EDGE('',*,*,#1097,.F.);
#1461=ORIENTED_EDGE('',*,*,#1039,.F.);
#1462=ORIENTED_EDGE('',*,*,#1094,.F.);
#1463=ORIENTED_EDGE('',*,*,#1050,.F.);
#1464=ORIENTED_EDGE('',*,*,#1052,.F.);
#1465=ORIENTED_EDGE('',*,*,#1055,.F.);
#1466=ORIENTED_EDGE('',*,*,#1058,.F.);
#1467=ORIENTED_EDGE('',*,*,#1061,.F.);
#1468=ORIENTED_EDGE('',*,*,#1064,.F.);
#1469=ORIENTED_EDGE('',*,*,#1067,.F.);
#1470=ORIENTED_EDGE('',*,*,#1070,.F.);
#1471=ORIENTED_EDGE('',*,*,#1073,.F.);
#1472=ORIENTED_EDGE('',*,*,#1076,.F.);
#1473=ORIENTED_EDGE('',*,*,#1079,.F.);
#1474=ORIENTED_EDGE('',*,*,#1082,.F.);
#1475=ORIENTED_EDGE('',*,*,#1098,.T.);
#1476=ORIENTED_EDGE('',*,*,#1099,.T.);
#1477=ORIENTED_EDGE('',*,*,#1100,.T.);
#1478=ORIENTED_EDGE('',*,*,#1101,.T.);
#1479=ORIENTED_EDGE('',*,*,#1102,.T.);
#1480=ORIENTED_EDGE('',*,*,#1103,.T.);
#1481=ORIENTED_EDGE('',*,*,#1100,.F.);
#1482=ORIENTED_EDGE('',*,*,#1104,.T.);
#1483=ORIENTED_EDGE('',*,*,#1105,.T.);
#1484=ORIENTED_EDGE('',*,*,#1106,.T.);
#1485=ORIENTED_EDGE('',*,*,#1102,.F.);
#1486=ORIENTED_EDGE('',*,*,#1107,.T.);
#1487=ORIENTED_EDGE('',*,*,#1108,.T.);
#1488=ORIENTED_EDGE('',*,*,#1109,.T.);
#1489=ORIENTED_EDGE('',*,*,#1105,.F.);
#1490=ORIENTED_EDGE('',*,*,#1110,.T.);
#1491=ORIENTED_EDGE('',*,*,#1111,.T.);
#1492=ORIENTED_EDGE('',*,*,#1112,.T.);
#1493=ORIENTED_EDGE('',*,*,#1108,.F.);
#1494=ORIENTED_EDGE('',*,*,#1113,.T.);
#1495=ORIENTED_EDGE('',*,*,#1114,.T.);
#1496=ORIENTED_EDGE('',*,*,#1115,.T.);
#1497=ORIENTED_EDGE('',*,*,#1111,.F.);
#1498=ORIENTED_EDGE('',*,*,#1116,.T.);
#1499=ORIENTED_EDGE('',*,*,#1117,.T.);
#1500=ORIENTED_EDGE('',*,*,#1118,.T.);
#1501=ORIENTED_EDGE('',*,*,#1114,.F.);
#1502=ORIENTED_EDGE('',*,*,#1119,.T.);
#1503=ORIENTED_EDGE('',*,*,#1120,.T.);
#1504=ORIENTED_EDGE('',*,*,#1121,.T.);
#1505=ORIENTED_EDGE('',*,*,#1117,.F.);
#1506=ORIENTED_EDGE('',*,*,#1122,.T.);
#1507=ORIENTED_EDGE('',*,*,#1123,.T.);
#1508=ORIENTED_EDGE('',*,*,#1124,.T.);
#1509=ORIENTED_EDGE('',*,*,#1120,.F.);
#1510=ORIENTED_EDGE('',*,*,#1125,.T.);
#1511=ORIENTED_EDGE('',*,*,#1126,.T.);
#1512=ORIENTED_EDGE('',*,*,#1127,.T.);
#1513=ORIENTED_EDGE('',*,*,#1123,.F.);
#1514=ORIENTED_EDGE('',*,*,#1128,.T.);
#1515=ORIENTED_EDGE('',*,*,#1129,.T.);
#1516=ORIENTED_EDGE('',*,*,#1130,.T.);
#1517=ORIENTED_EDGE('',*,*,#1126,.F.);
#1518=ORIENTED_EDGE('',*,*,#1131,.T.);
#1519=ORIENTED_EDGE('',*,*,#1129,.F.);
#1520=ORIENTED_EDGE('',*,*,#1132,.T.);
#1521=ORIENTED_EDGE('',*,*,#1098,.F.);
#1522=ORIENTED_EDGE('',*,*,#1133,.T.);
#1523=ORIENTED_EDGE('',*,*,#1121,.F.);
#1524=ORIENTED_EDGE('',*,*,#1134,.F.);
#1525=ORIENTED_EDGE('',*,*,#1135,.T.);
#1526=ORIENTED_EDGE('',*,*,#1136,.T.);
#1527=ORIENTED_EDGE('',*,*,#1124,.F.);
#1528=ORIENTED_EDGE('',*,*,#1137,.T.);
#1529=ORIENTED_EDGE('',*,*,#1138,.F.);
#1530=ORIENTED_EDGE('',*,*,#1134,.T.);
#1531=ORIENTED_EDGE('',*,*,#1127,.F.);
#1532=ORIENTED_EDGE('',*,*,#1139,.F.);
#1533=ORIENTED_EDGE('',*,*,#1140,.F.);
#1534=ORIENTED_EDGE('',*,*,#1137,.F.);
#1535=ORIENTED_EDGE('',*,*,#1130,.F.);
#1536=ORIENTED_EDGE('',*,*,#1141,.T.);
#1537=ORIENTED_EDGE('',*,*,#1142,.T.);
#1538=ORIENTED_EDGE('',*,*,#1139,.T.);
#1539=ORIENTED_EDGE('',*,*,#1133,.F.);
#1540=ORIENTED_EDGE('',*,*,#1143,.F.);
#1541=ORIENTED_EDGE('',*,*,#1031,.F.);
#1542=ORIENTED_EDGE('',*,*,#1141,.F.);
#1543=ORIENTED_EDGE('',*,*,#1101,.F.);
#1544=ORIENTED_EDGE('',*,*,#1144,.T.);
#1545=ORIENTED_EDGE('',*,*,#1145,.T.);
#1546=ORIENTED_EDGE('',*,*,#1146,.T.);
#1547=ORIENTED_EDGE('',*,*,#1032,.T.);
#1548=ORIENTED_EDGE('',*,*,#1143,.T.);
#1549=ORIENTED_EDGE('',*,*,#1099,.F.);
#1550=ORIENTED_EDGE('',*,*,#1132,.F.);
#1551=ORIENTED_EDGE('',*,*,#1131,.F.);
#1552=ORIENTED_EDGE('',*,*,#1128,.F.);
#1553=ORIENTED_EDGE('',*,*,#1125,.F.);
#1554=ORIENTED_EDGE('',*,*,#1122,.F.);
#1555=ORIENTED_EDGE('',*,*,#1119,.F.);
#1556=ORIENTED_EDGE('',*,*,#1116,.F.);
#1557=ORIENTED_EDGE('',*,*,#1113,.F.);
#1558=ORIENTED_EDGE('',*,*,#1110,.F.);
#1559=ORIENTED_EDGE('',*,*,#1107,.F.);
#1560=ORIENTED_EDGE('',*,*,#1104,.F.);
#1561=ORIENTED_EDGE('',*,*,#1071,.F.);
#1562=ORIENTED_EDGE('',*,*,#1147,.F.);
#1563=ORIENTED_EDGE('',*,*,#1148,.F.);
#1564=ORIENTED_EDGE('',*,*,#1149,.F.);
#1565=ORIENTED_EDGE('',*,*,#1148,.T.);
#1566=ORIENTED_EDGE('',*,*,#1150,.F.);
#1567=ORIENTED_EDGE('',*,*,#1021,.F.);
#1568=ORIENTED_EDGE('',*,*,#1151,.F.);
#1569=ORIENTED_EDGE('',*,*,#1152,.T.);
#1570=ORIENTED_EDGE('',*,*,#1153,.F.);
#1571=ORIENTED_EDGE('',*,*,#1015,.T.);
#1572=ORIENTED_EDGE('',*,*,#1154,.F.);
#1573=ORIENTED_EDGE('',*,*,#1155,.F.);
#1574=ORIENTED_EDGE('',*,*,#1156,.F.);
#1575=ORIENTED_EDGE('',*,*,#955,.F.);
#1576=ORIENTED_EDGE('',*,*,#1157,.F.);
#1577=ORIENTED_EDGE('',*,*,#1155,.T.);
#1578=ORIENTED_EDGE('',*,*,#1043,.F.);
#1579=ORIENTED_EDGE('',*,*,#975,.T.);
#1580=ORIENTED_EDGE('',*,*,#1158,.F.);
#1581=ORIENTED_EDGE('',*,*,#1159,.F.);
#1582=ORIENTED_EDGE('',*,*,#1160,.F.);
#1583=ORIENTED_EDGE('',*,*,#1118,.F.);
#1584=ORIENTED_EDGE('',*,*,#1136,.F.);
#1585=ORIENTED_EDGE('',*,*,#1159,.T.);
#1586=ORIENTED_EDGE('',*,*,#1161,.F.);
#1587=ORIENTED_EDGE('',*,*,#1068,.F.);
#1588=ORIENTED_EDGE('',*,*,#1085,.T.);
#1589=ORIENTED_EDGE('',*,*,#1162,.T.);
#1590=ORIENTED_EDGE('',*,*,#1147,.T.);
#1591=ORIENTED_EDGE('',*,*,#1150,.T.);
#1592=ORIENTED_EDGE('',*,*,#1162,.F.);
#1593=ORIENTED_EDGE('',*,*,#1163,.T.);
#1594=ORIENTED_EDGE('',*,*,#1045,.F.);
#1595=ORIENTED_EDGE('',*,*,#1154,.T.);
#1596=ORIENTED_EDGE('',*,*,#1017,.F.);
#1597=ORIENTED_EDGE('',*,*,#1164,.T.);
#1598=ORIENTED_EDGE('',*,*,#1044,.T.);
#1599=ORIENTED_EDGE('',*,*,#1158,.T.);
#1600=ORIENTED_EDGE('',*,*,#977,.F.);
#1601=ORIENTED_EDGE('',*,*,#1165,.T.);
#1602=ORIENTED_EDGE('',*,*,#1166,.F.);
#1603=ORIENTED_EDGE('',*,*,#1115,.F.);
#1604=ORIENTED_EDGE('',*,*,#1161,.T.);
#1605=ORIENTED_EDGE('',*,*,#1166,.T.);
#1606=ORIENTED_EDGE('',*,*,#1167,.T.);
#1607=ORIENTED_EDGE('',*,*,#1106,.F.);
#1608=ORIENTED_EDGE('',*,*,#1168,.F.);
#1609=ORIENTED_EDGE('',*,*,#979,.F.);
#1610=ORIENTED_EDGE('',*,*,#1169,.F.);
#1611=ORIENTED_EDGE('',*,*,#1170,.F.);
#1612=ORIENTED_EDGE('',*,*,#1171,.F.);
#1613=ORIENTED_EDGE('',*,*,#1109,.F.);
#1614=ORIENTED_EDGE('',*,*,#1172,.T.);
#1615=ORIENTED_EDGE('',*,*,#980,.T.);
#1616=ORIENTED_EDGE('',*,*,#1168,.T.);
#1617=ORIENTED_EDGE('',*,*,#1169,.T.);
#1618=ORIENTED_EDGE('',*,*,#978,.T.);
#1619=ORIENTED_EDGE('',*,*,#984,.T.);
#1620=ORIENTED_EDGE('',*,*,#1173,.T.);
#1621=ORIENTED_EDGE('',*,*,#1018,.T.);
#1622=ORIENTED_EDGE('',*,*,#1174,.T.);
#1623=ORIENTED_EDGE('',*,*,#1090,.T.);
#1624=ORIENTED_EDGE('',*,*,#1175,.T.);
#1625=ORIENTED_EDGE('',*,*,#1112,.F.);
#1626=ORIENTED_EDGE('',*,*,#1167,.F.);
#1627=ORIENTED_EDGE('',*,*,#1176,.F.);
#1628=ORIENTED_EDGE('',*,*,#1172,.F.);
#1629=ORIENTED_EDGE('',*,*,#983,.F.);
#1630=ORIENTED_EDGE('',*,*,#1164,.F.);
#1631=ORIENTED_EDGE('',*,*,#1019,.T.);
#1632=ORIENTED_EDGE('',*,*,#1173,.F.);
#1633=ORIENTED_EDGE('',*,*,#986,.F.);
#1634=ORIENTED_EDGE('',*,*,#1046,.F.);
#1635=ORIENTED_EDGE('',*,*,#1177,.F.);
#1636=ORIENTED_EDGE('',*,*,#1087,.F.);
#1637=ORIENTED_EDGE('',*,*,#1091,.T.);
#1638=ORIENTED_EDGE('',*,*,#1174,.F.);
#1639=ORIENTED_EDGE('',*,*,#1084,.T.);
#1640=ORIENTED_EDGE('',*,*,#1177,.T.);
#1641=ORIENTED_EDGE('',*,*,#1163,.F.);
#1642=ORIENTED_EDGE('',*,*,#981,.T.);
#1643=ORIENTED_EDGE('',*,*,#1176,.T.);
#1644=ORIENTED_EDGE('',*,*,#1165,.F.);
#1645=ORIENTED_EDGE('',*,*,#1178,.F.);
#1646=ORIENTED_EDGE('',*,*,#1179,.T.);
#1647=ORIENTED_EDGE('',*,*,#1180,.F.);
#1648=ORIENTED_EDGE('',*,*,#1152,.F.);
#1649=ORIENTED_EDGE('',*,*,#1181,.F.);
#1650=ORIENTED_EDGE('',*,*,#1179,.F.);
#1651=ORIENTED_EDGE('',*,*,#1178,.T.);
#1652=ORIENTED_EDGE('',*,*,#1182,.T.);
#1653=ORIENTED_EDGE('',*,*,#1183,.T.);
#1654=ORIENTED_EDGE('',*,*,#1182,.F.);
#1655=ORIENTED_EDGE('',*,*,#1184,.F.);
#1656=ORIENTED_EDGE('',*,*,#1185,.T.);
#1657=ORIENTED_EDGE('',*,*,#1186,.F.);
#1658=ORIENTED_EDGE('',*,*,#1185,.F.);
#1659=ORIENTED_EDGE('',*,*,#1184,.T.);
#1660=ORIENTED_EDGE('',*,*,#1187,.T.);
#1661=ORIENTED_EDGE('',*,*,#1188,.T.);
#1662=ORIENTED_EDGE('',*,*,#1187,.F.);
#1663=ORIENTED_EDGE('',*,*,#1189,.F.);
#1664=ORIENTED_EDGE('',*,*,#1190,.T.);
#1665=ORIENTED_EDGE('',*,*,#1191,.F.);
#1666=ORIENTED_EDGE('',*,*,#1190,.F.);
#1667=ORIENTED_EDGE('',*,*,#1189,.T.);
#1668=ORIENTED_EDGE('',*,*,#1192,.T.);
#1669=ORIENTED_EDGE('',*,*,#1193,.T.);
#1670=ORIENTED_EDGE('',*,*,#1192,.F.);
#1671=ORIENTED_EDGE('',*,*,#1077,.F.);
#1672=ORIENTED_EDGE('',*,*,#1194,.T.);
#1673=ORIENTED_EDGE('',*,*,#1195,.T.);
#1674=ORIENTED_EDGE('',*,*,#1196,.T.);
#1675=ORIENTED_EDGE('',*,*,#1195,.F.);
#1676=ORIENTED_EDGE('',*,*,#1197,.T.);
#1677=ORIENTED_EDGE('',*,*,#1035,.T.);
#1678=ORIENTED_EDGE('',*,*,#1198,.T.);
#1679=ORIENTED_EDGE('',*,*,#1199,.F.);
#1680=ORIENTED_EDGE('',*,*,#1200,.T.);
#1681=ORIENTED_EDGE('',*,*,#1028,.T.);
#1682=ORIENTED_EDGE('',*,*,#1201,.T.);
#1683=ORIENTED_EDGE('',*,*,#1011,.F.);
#1684=ORIENTED_EDGE('',*,*,#1202,.T.);
#1685=ORIENTED_EDGE('',*,*,#971,.F.);
#1686=ORIENTED_EDGE('',*,*,#1203,.T.);
#1687=ORIENTED_EDGE('',*,*,#1138,.T.);
#1688=ORIENTED_EDGE('',*,*,#1204,.T.);
#1689=ORIENTED_EDGE('',*,*,#1080,.F.);
#1690=ORIENTED_EDGE('',*,*,#1196,.F.);
#1691=ORIENTED_EDGE('',*,*,#1205,.F.);
#1692=ORIENTED_EDGE('',*,*,#1206,.F.);
#1693=ORIENTED_EDGE('',*,*,#1198,.F.);
#1694=ORIENTED_EDGE('',*,*,#1042,.T.);
#1695=ORIENTED_EDGE('',*,*,#1207,.F.);
#1696=ORIENTED_EDGE('',*,*,#1205,.T.);
#1697=ORIENTED_EDGE('',*,*,#1201,.F.);
#1698=ORIENTED_EDGE('',*,*,#1026,.F.);
#1699=ORIENTED_EDGE('',*,*,#1208,.F.);
#1700=ORIENTED_EDGE('',*,*,#1009,.T.);
#1701=ORIENTED_EDGE('',*,*,#1204,.F.);
#1702=ORIENTED_EDGE('',*,*,#1140,.T.);
#1703=ORIENTED_EDGE('',*,*,#1209,.F.);
#1704=ORIENTED_EDGE('',*,*,#968,.T.);
#1705=ORIENTED_EDGE('',*,*,#1074,.F.);
#1706=ORIENTED_EDGE('',*,*,#1149,.T.);
#1707=ORIENTED_EDGE('',*,*,#1210,.T.);
#1708=ORIENTED_EDGE('',*,*,#1194,.F.);
#1709=ORIENTED_EDGE('',*,*,#1146,.F.);
#1710=ORIENTED_EDGE('',*,*,#1211,.F.);
#1711=ORIENTED_EDGE('',*,*,#1095,.F.);
#1712=ORIENTED_EDGE('',*,*,#1037,.F.);
#1713=ORIENTED_EDGE('',*,*,#1007,.F.);
#1714=ORIENTED_EDGE('',*,*,#1212,.F.);
#1715=ORIENTED_EDGE('',*,*,#1023,.F.);
#1716=ORIENTED_EDGE('',*,*,#1033,.F.);
#1717=ORIENTED_EDGE('',*,*,#1145,.F.);
#1718=ORIENTED_EDGE('',*,*,#1213,.F.);
#1719=ORIENTED_EDGE('',*,*,#1170,.T.);
#1720=ORIENTED_EDGE('',*,*,#1175,.F.);
#1721=ORIENTED_EDGE('',*,*,#1089,.T.);
#1722=ORIENTED_EDGE('',*,*,#1093,.T.);
#1723=ORIENTED_EDGE('',*,*,#1096,.F.);
#1724=ORIENTED_EDGE('',*,*,#1211,.T.);
#1725=ORIENTED_EDGE('',*,*,#1193,.F.);
#1726=ORIENTED_EDGE('',*,*,#1188,.F.);
#1727=ORIENTED_EDGE('',*,*,#1183,.F.);
#1728=ORIENTED_EDGE('',*,*,#1214,.T.);
#1729=ORIENTED_EDGE('',*,*,#1215,.T.);
#1730=ORIENTED_EDGE('',*,*,#1216,.T.);
#1731=ORIENTED_EDGE('',*,*,#1103,.F.);
#1732=ORIENTED_EDGE('',*,*,#1171,.T.);
#1733=ORIENTED_EDGE('',*,*,#1213,.T.);
#1734=ORIENTED_EDGE('',*,*,#1144,.F.);
#1735=ORIENTED_EDGE('',*,*,#1024,.T.);
#1736=ORIENTED_EDGE('',*,*,#1212,.T.);
#1737=ORIENTED_EDGE('',*,*,#1006,.F.);
#1738=ORIENTED_EDGE('',*,*,#1208,.T.);
#1739=ORIENTED_EDGE('',*,*,#1081,.F.);
#1740=ORIENTED_EDGE('',*,*,#1206,.T.);
#1741=ORIENTED_EDGE('',*,*,#1217,.T.);
#1742=ORIENTED_EDGE('',*,*,#1097,.T.);
#1743=ORIENTED_EDGE('',*,*,#1217,.F.);
#1744=ORIENTED_EDGE('',*,*,#1207,.T.);
#1745=ORIENTED_EDGE('',*,*,#1040,.F.);
#1746=ORIENTED_EDGE('',*,*,#1030,.F.);
#1747=ORIENTED_EDGE('',*,*,#1209,.T.);
#1748=ORIENTED_EDGE('',*,*,#1142,.F.);
#1749=ORIENTED_EDGE('',*,*,#1197,.F.);
#1750=ORIENTED_EDGE('',*,*,#1210,.F.);
#1751=ORIENTED_EDGE('',*,*,#1151,.T.);
#1752=ORIENTED_EDGE('',*,*,#1218,.F.);
#1753=ORIENTED_EDGE('',*,*,#996,.F.);
#1754=ORIENTED_EDGE('',*,*,#1036,.F.);
#1755=ORIENTED_EDGE('',*,*,#1218,.T.);
#1756=ORIENTED_EDGE('',*,*,#1020,.T.);
#1757=ORIENTED_EDGE('',*,*,#1202,.F.);
#1758=ORIENTED_EDGE('',*,*,#1013,.F.);
#1759=ORIENTED_EDGE('',*,*,#1153,.T.);
#1760=ORIENTED_EDGE('',*,*,#1180,.T.);
#1761=ORIENTED_EDGE('',*,*,#1181,.T.);
#1762=ORIENTED_EDGE('',*,*,#1156,.T.);
#1763=ORIENTED_EDGE('',*,*,#1219,.T.);
#1764=ORIENTED_EDGE('',*,*,#1200,.F.);
#1765=ORIENTED_EDGE('',*,*,#1220,.F.);
#1766=ORIENTED_EDGE('',*,*,#1221,.F.);
#1767=ORIENTED_EDGE('',*,*,#1191,.T.);
#1768=ORIENTED_EDGE('',*,*,#1186,.T.);
#1769=ORIENTED_EDGE('',*,*,#1222,.F.);
#1770=ORIENTED_EDGE('',*,*,#1223,.F.);
#1771=ORIENTED_EDGE('',*,*,#1224,.T.);
#1772=ORIENTED_EDGE('',*,*,#1225,.T.);
#1773=ORIENTED_EDGE('',*,*,#1220,.T.);
#1774=ORIENTED_EDGE('',*,*,#1199,.T.);
#1775=ORIENTED_EDGE('',*,*,#1221,.T.);
#1776=ORIENTED_EDGE('',*,*,#1225,.F.);
#1777=ORIENTED_EDGE('',*,*,#1224,.F.);
#1778=ORIENTED_EDGE('',*,*,#1226,.T.);
#1779=ORIENTED_EDGE('',*,*,#1214,.F.);
#1780=ORIENTED_EDGE('',*,*,#1226,.F.);
#1781=ORIENTED_EDGE('',*,*,#1227,.T.);
#1782=ORIENTED_EDGE('',*,*,#1228,.T.);
#1783=ORIENTED_EDGE('',*,*,#1222,.T.);
#1784=ORIENTED_EDGE('',*,*,#1228,.F.);
#1785=ORIENTED_EDGE('',*,*,#1227,.F.);
#1786=ORIENTED_EDGE('',*,*,#1229,.T.);
#1787=ORIENTED_EDGE('',*,*,#1215,.F.);
#1788=ORIENTED_EDGE('',*,*,#1229,.F.);
#1789=ORIENTED_EDGE('',*,*,#1230,.T.);
#1790=ORIENTED_EDGE('',*,*,#1231,.T.);
#1791=ORIENTED_EDGE('',*,*,#1223,.T.);
#1792=ORIENTED_EDGE('',*,*,#1231,.F.);
#1793=ORIENTED_EDGE('',*,*,#1230,.F.);
#1794=ORIENTED_EDGE('',*,*,#1232,.T.);
#1795=ORIENTED_EDGE('',*,*,#1216,.F.);
#1796=ORIENTED_EDGE('',*,*,#1232,.F.);
#1797=ORIENTED_EDGE('',*,*,#958,.F.);
#1798=ORIENTED_EDGE('',*,*,#1029,.F.);
#1799=ORIENTED_EDGE('',*,*,#1219,.F.);
#1800=ORIENTED_EDGE('',*,*,#1157,.T.);
#1801=ORIENTED_EDGE('',*,*,#1203,.F.);
#1802=ORIENTED_EDGE('',*,*,#973,.F.);
#1803=ORIENTED_EDGE('',*,*,#1160,.T.);
#1804=ORIENTED_EDGE('',*,*,#1135,.F.);
#1805=B_SPLINE_SURFACE_WITH_KNOTS('',3,3,((#2798,#2799,#2800,#2801,#2802,
#2803,#2804,#2805),(#2806,#2807,#2808,#2809,#2810,#2811,#2812,#2813),(#2814,
#2815,#2816,#2817,#2818,#2819,#2820,#2821),(#2822,#2823,#2824,#2825,#2826,
#2827,#2828,#2829)),.UNSPECIFIED.,.F.,.F.,.F.,(4,4),(4,2,1,1,4),(0.,1.),
(-0.000349107160878271,0.,0.0319448767411885,0.0479173151117828,0.0798621918529713),
 .UNSPECIFIED.);
#1806=B_SPLINE_SURFACE_WITH_KNOTS('',3,3,((#2850,#2851,#2852,#2853),(#2854,
#2855,#2856,#2857),(#2858,#2859,#2860,#2861),(#2862,#2863,#2864,#2865),
(#2866,#2867,#2868,#2869)),.UNSPECIFIED.,.F.,.F.,.F.,(4,1,4),(4,4),(0.,
0.571428571428571,1.),(0.,0.191784671332952),.UNSPECIFIED.);
#1807=B_SPLINE_SURFACE_WITH_KNOTS('',3,3,((#2881,#2882,#2883,#2884),(#2885,
#2886,#2887,#2888),(#2889,#2890,#2891,#2892),(#2893,#2894,#2895,#2896),
(#2897,#2898,#2899,#2900)),.UNSPECIFIED.,.F.,.F.,.F.,(4,1,4),(4,4),(0.,
0.571428571428571,1.),(0.,0.62580893037133),.UNSPECIFIED.);
#1808=B_SPLINE_SURFACE_WITH_KNOTS('',3,3,((#2918,#2919,#2920,#2921),(#2922,
#2923,#2924,#2925),(#2926,#2927,#2928,#2929),(#2930,#2931,#2932,#2933),
(#2934,#2935,#2936,#2937)),.UNSPECIFIED.,.F.,.F.,.F.,(4,1,4),(4,4),(0.,
0.571428571428571,1.),(0.,0.625808930371328),.UNSPECIFIED.);
#1809=B_SPLINE_SURFACE_WITH_KNOTS('',3,3,((#2949,#2950,#2951,#2952),(#2953,
#2954,#2955,#2956),(#2957,#2958,#2959,#2960),(#2961,#2962,#2963,#2964),
(#2965,#2966,#2967,#2968)),.UNSPECIFIED.,.F.,.F.,.F.,(4,1,4),(4,4),(0.,
0.571428571428571,1.),(0.,0.191784671332952),.UNSPECIFIED.);
#1810=B_SPLINE_SURFACE_WITH_KNOTS('',3,3,((#2980,#2981,#2982,#2983,#2984,
#2985,#2986,#2987),(#2988,#2989,#2990,#2991,#2992,#2993,#2994,#2995),(#2996,
#2997,#2998,#2999,#3000,#3001,#3002,#3003),(#3004,#3005,#3006,#3007,#3008,
#3009,#3010,#3011)),.UNSPECIFIED.,.F.,.F.,.F.,(4,4),(4,1,1,2,4),(0.,1.),
(0.,0.0319448767409779,0.0479173151114669,0.0798621918524448,0.0802112990138591),
 .UNSPECIFIED.);
#1811=B_SPLINE_SURFACE_WITH_KNOTS('',3,3,((#3110,#3111,#3112,#3113,#3114,
#3115,#3116,#3117),(#3118,#3119,#3120,#3121,#3122,#3123,#3124,#3125),(#3126,
#3127,#3128,#3129,#3130,#3131,#3132,#3133),(#3134,#3135,#3136,#3137,#3138,
#3139,#3140,#3141)),.UNSPECIFIED.,.F.,.F.,.F.,(4,4),(4,2,1,1,4),(0.,1.),
(-0.000349082002515229,0.,0.031944886967392,0.047917330451088,0.07986221741848),
 .UNSPECIFIED.);
#1812=B_SPLINE_SURFACE_WITH_KNOTS('',3,3,((#3162,#3163,#3164,#3165),(#3166,
#3167,#3168,#3169),(#3170,#3171,#3172,#3173),(#3174,#3175,#3176,#3177),
(#3178,#3179,#3180,#3181)),.UNSPECIFIED.,.F.,.F.,.F.,(4,1,4),(4,4),(0.,
0.571428571428571,1.),(0.,0.191784671332956),.UNSPECIFIED.);
#1813=B_SPLINE_SURFACE_WITH_KNOTS('',3,3,((#3193,#3194,#3195,#3196),(#3197,
#3198,#3199,#3200),(#3201,#3202,#3203,#3204),(#3205,#3206,#3207,#3208),
(#3209,#3210,#3211,#3212)),.UNSPECIFIED.,.F.,.F.,.F.,(4,1,4),(4,4),(0.,
0.571428571428571,1.),(0.,0.625808930371323),.UNSPECIFIED.);
#1814=B_SPLINE_SURFACE_WITH_KNOTS('',3,3,((#3230,#3231,#3232,#3233),(#3234,
#3235,#3236,#3237),(#3238,#3239,#3240,#3241),(#3242,#3243,#3244,#3245),
(#3246,#3247,#3248,#3249)),.UNSPECIFIED.,.F.,.F.,.F.,(4,1,4),(4,4),(0.,
0.571428571428571,1.),(0.,0.625808930371327),.UNSPECIFIED.);
#1815=B_SPLINE_SURFACE_WITH_KNOTS('',3,3,((#3261,#3262,#3263,#3264),(#3265,
#3266,#3267,#3268),(#3269,#3270,#3271,#3272),(#3273,#3274,#3275,#3276),
(#3277,#3278,#3279,#3280)),.UNSPECIFIED.,.F.,.F.,.F.,(4,1,4),(4,4),(0.,
0.571428571428571,1.),(0.,0.191784671332955),.UNSPECIFIED.);
#1816=B_SPLINE_SURFACE_WITH_KNOTS('',3,3,((#3292,#3293,#3294,#3295,#3296,
#3297,#3298,#3299),(#3300,#3301,#3302,#3303,#3304,#3305,#3306,#3307),(#3308,
#3309,#3310,#3311,#3312,#3313,#3314,#3315),(#3316,#3317,#3318,#3319,#3320,
#3321,#3322,#3323)),.UNSPECIFIED.,.F.,.F.,.F.,(4,4),(4,1,1,2,4),(0.,1.),
(0.,0.0319448869674928,0.0479173304512393,0.0798622174187321,0.0802112994209865),
 .UNSPECIFIED.);
#1817=B_SPLINE_SURFACE_WITH_KNOTS('',3,3,((#4028,#4029,#4030,#4031),(#4032,
#4033,#4034,#4035),(#4036,#4037,#4038,#4039),(#4040,#4041,#4042,#4043),
(#4044,#4045,#4046,#4047)),.UNSPECIFIED.,.F.,.F.,.F.,(4,1,4),(4,4),(0.,
0.571428571428571,1.),(0.,1.),.UNSPECIFIED.);
#1818=B_SPLINE_SURFACE_WITH_KNOTS('',3,3,((#4048,#4049,#4050,#4051),(#4052,
#4053,#4054,#4055),(#4056,#4057,#4058,#4059),(#4060,#4061,#4062,#4063),
(#4064,#4065,#4066,#4067)),.UNSPECIFIED.,.F.,.F.,.F.,(4,1,4),(4,4),(0.,
0.571428571428571,1.),(0.,1.),.UNSPECIFIED.);
#1819=B_SPLINE_SURFACE_WITH_KNOTS('',3,3,((#4220,#4221,#4222,#4223),(#4224,
#4225,#4226,#4227),(#4228,#4229,#4230,#4231),(#4232,#4233,#4234,#4235),
(#4236,#4237,#4238,#4239)),.UNSPECIFIED.,.F.,.F.,.F.,(4,1,4),(4,4),(0.,
0.571428571428571,1.),(0.,1.),.UNSPECIFIED.);
#1820=B_SPLINE_SURFACE_WITH_KNOTS('',3,3,((#4240,#4241,#4242,#4243),(#4244,
#4245,#4246,#4247),(#4248,#4249,#4250,#4251),(#4252,#4253,#4254,#4255),
(#4256,#4257,#4258,#4259)),.UNSPECIFIED.,.F.,.F.,.F.,(4,1,4),(4,4),(0.,
0.571428571428571,1.),(0.,1.),.UNSPECIFIED.);
#1821=ADVANCED_FACE('',(#337),#1805,.F.);
#1822=ADVANCED_FACE('',(#338),#1806,.F.);
#1823=ADVANCED_FACE('',(#339),#1807,.F.);
#1824=ADVANCED_FACE('',(#340),#295,.T.);
#1825=ADVANCED_FACE('',(#341),#1808,.F.);
#1826=ADVANCED_FACE('',(#342),#1809,.F.);
#1827=ADVANCED_FACE('',(#343),#1810,.F.);
#1828=ADVANCED_FACE('',(#344),#77,.F.);
#1829=ADVANCED_FACE('',(#345),#57,.T.);
#1830=ADVANCED_FACE('',(#346),#296,.F.);
#1831=ADVANCED_FACE('',(#347),#58,.T.);
#1832=ADVANCED_FACE('',(#348),#78,.F.);
#1833=ADVANCED_FACE('',(#349),#59,.T.);
#1834=ADVANCED_FACE('',(#350),#60,.T.);
#1835=ADVANCED_FACE('',(#351),#1811,.F.);
#1836=ADVANCED_FACE('',(#352),#1812,.F.);
#1837=ADVANCED_FACE('',(#353),#1813,.F.);
#1838=ADVANCED_FACE('',(#354),#297,.T.);
#1839=ADVANCED_FACE('',(#355),#1814,.F.);
#1840=ADVANCED_FACE('',(#356),#1815,.F.);
#1841=ADVANCED_FACE('',(#357),#1816,.F.);
#1842=ADVANCED_FACE('',(#358),#61,.T.);
#1843=ADVANCED_FACE('',(#359),#79,.F.);
#1844=ADVANCED_FACE('',(#360),#62,.T.);
#1845=ADVANCED_FACE('',(#361),#298,.F.);
#1846=ADVANCED_FACE('',(#362),#63,.T.);
#1847=ADVANCED_FACE('',(#363),#80,.F.);
#1848=ADVANCED_FACE('',(#364),#64,.T.);
#1849=ADVANCED_FACE('',(#365),#65,.T.);
#1850=ADVANCED_FACE('',(#366),#66,.T.);
#1851=ADVANCED_FACE('',(#367),#81,.F.);
#1852=ADVANCED_FACE('',(#368),#67,.T.);
#1853=ADVANCED_FACE('',(#369),#68,.T.);
#1854=ADVANCED_FACE('',(#370),#69,.T.);
#1855=ADVANCED_FACE('',(#371),#70,.T.);
#1856=ADVANCED_FACE('',(#372),#82,.F.);
#1857=ADVANCED_FACE('',(#373),#83,.F.);
#1858=ADVANCED_FACE('',(#374),#84,.F.);
#1859=ADVANCED_FACE('',(#375),#299,.T.);
#1860=ADVANCED_FACE('',(#376),#45,.F.);
#1861=ADVANCED_FACE('',(#377),#300,.T.);
#1862=ADVANCED_FACE('',(#378),#46,.F.);
#1863=ADVANCED_FACE('',(#379),#301,.T.);
#1864=ADVANCED_FACE('',(#380),#47,.F.);
#1865=ADVANCED_FACE('',(#381),#302,.T.);
#1866=ADVANCED_FACE('',(#382),#71,.T.);
#1867=ADVANCED_FACE('',(#383),#303,.T.);
#1868=ADVANCED_FACE('',(#384),#72,.T.);
#1869=ADVANCED_FACE('',(#385),#304,.T.);
#1870=ADVANCED_FACE('',(#386),#48,.F.);
#1871=ADVANCED_FACE('',(#387),#305,.T.);
#1872=ADVANCED_FACE('',(#388),#25,.T.);
#1873=ADVANCED_FACE('',(#389),#306,.T.);
#1874=ADVANCED_FACE('',(#390),#26,.T.);
#1875=ADVANCED_FACE('',(#391),#307,.T.);
#1876=ADVANCED_FACE('',(#392),#27,.F.);
#1877=ADVANCED_FACE('',(#393),#28,.T.);
#1878=ADVANCED_FACE('',(#394),#49,.F.);
#1879=ADVANCED_FACE('',(#395),#308,.T.);
#1880=ADVANCED_FACE('',(#396),#50,.F.);
#1881=ADVANCED_FACE('',(#397),#309,.T.);
#1882=ADVANCED_FACE('',(#398),#51,.F.);
#1883=ADVANCED_FACE('',(#399),#310,.T.);
#1884=ADVANCED_FACE('',(#400),#73,.T.);
#1885=ADVANCED_FACE('',(#401),#311,.T.);
#1886=ADVANCED_FACE('',(#402),#74,.T.);
#1887=ADVANCED_FACE('',(#403),#312,.T.);
#1888=ADVANCED_FACE('',(#404),#52,.F.);
#1889=ADVANCED_FACE('',(#405),#313,.T.);
#1890=ADVANCED_FACE('',(#406),#29,.T.);
#1891=ADVANCED_FACE('',(#407),#314,.T.);
#1892=ADVANCED_FACE('',(#408),#30,.T.);
#1893=ADVANCED_FACE('',(#409),#315,.T.);
#1894=ADVANCED_FACE('',(#410),#31,.F.);
#1895=ADVANCED_FACE('',(#411),#316,.T.);
#1896=ADVANCED_FACE('',(#412),#32,.T.);
#1897=ADVANCED_FACE('',(#413),#317,.T.);
#1898=ADVANCED_FACE('',(#414),#53,.T.);
#1899=ADVANCED_FACE('',(#415),#318,.T.);
#1900=ADVANCED_FACE('',(#416),#75,.T.);
#1901=ADVANCED_FACE('',(#417),#54,.T.);
#1902=ADVANCED_FACE('',(#418),#319,.T.);
#1903=ADVANCED_FACE('',(#419),#33,.F.);
#1904=ADVANCED_FACE('',(#420),#85,.T.);
#1905=ADVANCED_FACE('',(#421),#34,.F.);
#1906=ADVANCED_FACE('',(#422),#86,.T.);
#1907=ADVANCED_FACE('',(#423),#35,.F.);
#1908=ADVANCED_FACE('',(#424),#320,.T.);
#1909=ADVANCED_FACE('',(#425),#36,.T.);
#1910=ADVANCED_FACE('',(#426),#37,.T.);
#1911=ADVANCED_FACE('',(#427),#321,.T.);
#1912=ADVANCED_FACE('',(#428),#322,.T.);
#1913=ADVANCED_FACE('',(#429),#76,.T.);
#1914=ADVANCED_FACE('',(#430),#1817,.T.);
#1915=ADVANCED_FACE('',(#431),#1818,.T.);
#1916=ADVANCED_FACE('',(#432),#87,.F.);
#1917=ADVANCED_FACE('',(#433),#323,.F.);
#1918=ADVANCED_FACE('',(#434),#88,.F.);
#1919=ADVANCED_FACE('',(#435),#324,.F.);
#1920=ADVANCED_FACE('',(#436),#89,.F.);
#1921=ADVANCED_FACE('',(#437),#325,.F.);
#1922=ADVANCED_FACE('',(#438),#326,.T.);
#1923=ADVANCED_FACE('',(#439),#55,.F.);
#1924=ADVANCED_FACE('',(#440),#327,.T.);
#1925=ADVANCED_FACE('',(#441),#56,.F.);
#1926=ADVANCED_FACE('',(#442),#38,.T.);
#1927=ADVANCED_FACE('',(#443),#90,.T.);
#1928=ADVANCED_FACE('',(#444),#39,.T.);
#1929=ADVANCED_FACE('',(#445),#91,.T.);
#1930=ADVANCED_FACE('',(#446),#40,.T.);
#1931=ADVANCED_FACE('',(#447),#41,.F.);
#1932=ADVANCED_FACE('',(#448,#15,#16,#17,#18,#19,#20),#42,.T.);
#1933=ADVANCED_FACE('',(#449),#43,.T.);
#1934=ADVANCED_FACE('',(#450),#328,.T.);
#1935=ADVANCED_FACE('',(#451),#329,.T.);
#1936=ADVANCED_FACE('',(#452),#1819,.F.);
#1937=ADVANCED_FACE('',(#453),#1820,.F.);
#1938=ADVANCED_FACE('',(#454),#330,.T.);
#1939=ADVANCED_FACE('',(#455),#331,.F.);
#1940=ADVANCED_FACE('',(#456,#21,#22,#23,#24),#44,.T.);
#1941=ADVANCED_FACE('',(#457),#92,.F.);
#1942=ADVANCED_FACE('',(#458),#332,.F.);
#1943=ADVANCED_FACE('',(#459),#93,.F.);
#1944=ADVANCED_FACE('',(#460),#333,.F.);
#1945=ADVANCED_FACE('',(#461),#94,.F.);
#1946=ADVANCED_FACE('',(#462),#334,.F.);
#1947=ADVANCED_FACE('',(#463),#335,.F.);
#1948=ADVANCED_FACE('',(#464),#336,.T.);
#1949=CLOSED_SHELL('',(#1821,#1822,#1823,#1824,#1825,#1826,#1827,#1828,
#1829,#1830,#1831,#1832,#1833,#1834,#1835,#1836,#1837,#1838,#1839,#1840,
#1841,#1842,#1843,#1844,#1845,#1846,#1847,#1848,#1849,#1850,#1851,#1852,
#1853,#1854,#1855,#1856,#1857,#1858,#1859,#1860,#1861,#1862,#1863,#1864,
#1865,#1866,#1867,#1868,#1869,#1870,#1871,#1872,#1873,#1874,#1875,#1876,
#1877,#1878,#1879,#1880,#1881,#1882,#1883,#1884,#1885,#1886,#1887,#1888,
#1889,#1890,#1891,#1892,#1893,#1894,#1895,#1896,#1897,#1898,#1899,#1900,
#1901,#1902,#1903,#1904,#1905,#1906,#1907,#1908,#1909,#1910,#1911,#1912,
#1913,#1914,#1915,#1916,#1917,#1918,#1919,#1920,#1921,#1922,#1923,#1924,
#1925,#1926,#1927,#1928,#1929,#1930,#1931,#1932,#1933,#1934,#1935,#1936,
#1937,#1938,#1939,#1940,#1941,#1942,#1943,#1944,#1945,#1946,#1947,#1948));
#1950=DERIVED_UNIT_ELEMENT(#1952,1.);
#1951=DERIVED_UNIT_ELEMENT(#4297,-3.);
#1952=(
MASS_UNIT()
NAMED_UNIT(*)
SI_UNIT(.KILO.,.GRAM.)
);
#1953=DERIVED_UNIT((#1950,#1951));
#1954=MEASURE_REPRESENTATION_ITEM('density measure',
POSITIVE_RATIO_MEASURE(7850.),#1953);
#1955=PROPERTY_DEFINITION_REPRESENTATION(#1960,#1957);
#1956=PROPERTY_DEFINITION_REPRESENTATION(#1961,#1958);
#1957=REPRESENTATION('material name',(#1959),#4294);
#1958=REPRESENTATION('density',(#1954),#4294);
#1959=DESCRIPTIVE_REPRESENTATION_ITEM('Steel','Steel');
#1960=PROPERTY_DEFINITION('material property','material name',#4304);
#1961=PROPERTY_DEFINITION('material property','density of part',#4304);
#1962=AXIS2_PLACEMENT_3D('',#2797,#2207,#2208);
#1963=AXIS2_PLACEMENT_3D('',#2832,#2209,#2210);
#1964=AXIS2_PLACEMENT_3D('',#2876,#2211,#2212);
#1965=AXIS2_PLACEMENT_3D('',#2907,#2213,#2214);
#1966=AXIS2_PLACEMENT_3D('',#2912,#2215,#2216);
#1967=AXIS2_PLACEMENT_3D('',#2916,#2218,#2219);
#1968=AXIS2_PLACEMENT_3D('',#2944,#2221,#2222);
#1969=AXIS2_PLACEMENT_3D('',#2975,#2223,#2224);
#1970=AXIS2_PLACEMENT_3D('',#3029,#2225,#2226);
#1971=AXIS2_PLACEMENT_3D('',#3031,#2227,#2228);
#1972=AXIS2_PLACEMENT_3D('',#3034,#2230,#2231);
#1973=AXIS2_PLACEMENT_3D('',#3035,#2232,#2233);
#1974=AXIS2_PLACEMENT_3D('',#3037,#2234,#2235);
#1975=AXIS2_PLACEMENT_3D('',#3038,#2236,#2237);
#1976=AXIS2_PLACEMENT_3D('',#3039,#2238,#2239);
#1977=AXIS2_PLACEMENT_3D('',#3041,#2240,#2241);
#1978=AXIS2_PLACEMENT_3D('',#3043,#2243,#2244);
#1979=AXIS2_PLACEMENT_3D('',#3045,#2245,#2246);
#1980=AXIS2_PLACEMENT_3D('',#3046,#2247,#2248);
#1981=AXIS2_PLACEMENT_3D('',#3047,#2249,#2250);
#1982=AXIS2_PLACEMENT_3D('',#3049,#2251,#2252);
#1983=AXIS2_PLACEMENT_3D('',#3051,#2254,#2255);
#1984=AXIS2_PLACEMENT_3D('',#3053,#2256,#2257);
#1985=AXIS2_PLACEMENT_3D('',#3066,#2258,#2259);
#1986=AXIS2_PLACEMENT_3D('',#3104,#2260,#2261);
#1987=AXIS2_PLACEMENT_3D('',#3106,#2262,#2263);
#1988=AXIS2_PLACEMENT_3D('',#3108,#2264,#2265);
#1989=AXIS2_PLACEMENT_3D('',#3109,#2266,#2267);
#1990=AXIS2_PLACEMENT_3D('',#3144,#2268,#2269);
#1991=AXIS2_PLACEMENT_3D('',#3184,#2270,#2271);
#1992=AXIS2_PLACEMENT_3D('',#3215,#2272,#2273);
#1993=AXIS2_PLACEMENT_3D('',#3224,#2274,#2275);
#1994=AXIS2_PLACEMENT_3D('',#3228,#2277,#2278);
#1995=AXIS2_PLACEMENT_3D('',#3256,#2280,#2281);
#1996=AXIS2_PLACEMENT_3D('',#3287,#2282,#2283);
#1997=AXIS2_PLACEMENT_3D('',#3341,#2284,#2285);
#1998=AXIS2_PLACEMENT_3D('',#3343,#2286,#2287);
#1999=AXIS2_PLACEMENT_3D('',#3345,#2288,#2289);
#2000=AXIS2_PLACEMENT_3D('',#3346,#2290,#2291);
#2001=AXIS2_PLACEMENT_3D('',#3347,#2292,#2293);
#2002=AXIS2_PLACEMENT_3D('',#3349,#2294,#2295);
#2003=AXIS2_PLACEMENT_3D('',#3351,#2297,#2298);
#2004=AXIS2_PLACEMENT_3D('',#3353,#2299,#2300);
#2005=AXIS2_PLACEMENT_3D('',#3354,#2301,#2302);
#2006=AXIS2_PLACEMENT_3D('',#3355,#2303,#2304);
#2007=AXIS2_PLACEMENT_3D('',#3357,#2305,#2306);
#2008=AXIS2_PLACEMENT_3D('',#3359,#2308,#2309);
#2009=AXIS2_PLACEMENT_3D('',#3361,#2310,#2311);
#2010=AXIS2_PLACEMENT_3D('',#3362,#2312,#2313);
#2011=AXIS2_PLACEMENT_3D('',#3363,#2314,#2315);
#2012=AXIS2_PLACEMENT_3D('',#3365,#2316,#2317);
#2013=AXIS2_PLACEMENT_3D('',#3367,#2319,#2320);
#2014=AXIS2_PLACEMENT_3D('',#3369,#2321,#2322);
#2015=AXIS2_PLACEMENT_3D('',#3370,#2323,#2324);
#2016=AXIS2_PLACEMENT_3D('',#3371,#2325,#2326);
#2017=AXIS2_PLACEMENT_3D('',#3373,#2327,#2328);
#2018=AXIS2_PLACEMENT_3D('',#3375,#2329,#2330);
#2019=AXIS2_PLACEMENT_3D('',#3376,#2331,#2332);
#2020=AXIS2_PLACEMENT_3D('',#3377,#2333,#2334);
#2021=AXIS2_PLACEMENT_3D('',#3379,#2335,#2336);
#2022=AXIS2_PLACEMENT_3D('',#3381,#2337,#2338);
#2023=AXIS2_PLACEMENT_3D('',#3382,#2339,#2340);
#2024=AXIS2_PLACEMENT_3D('',#3383,#2341,#2342);
#2025=AXIS2_PLACEMENT_3D('',#3386,#2344,#2345);
#2026=AXIS2_PLACEMENT_3D('',#3387,#2346,#2347);
#2027=AXIS2_PLACEMENT_3D('',#3389,#2348,#2349);
#2028=AXIS2_PLACEMENT_3D('',#3390,#2350,#2351);
#2029=AXIS2_PLACEMENT_3D('',#3391,#2352,#2353);
#2030=AXIS2_PLACEMENT_3D('',#3431,#2354,#2355);
#2031=AXIS2_PLACEMENT_3D('',#3443,#2356,#2357);
#2032=AXIS2_PLACEMENT_3D('',#3444,#2358,#2359);
#2033=AXIS2_PLACEMENT_3D('',#3446,#2360,#2361);
#2034=AXIS2_PLACEMENT_3D('',#3448,#2362,#2363);
#2035=AXIS2_PLACEMENT_3D('',#3449,#2364,#2365);
#2036=AXIS2_PLACEMENT_3D('',#3450,#2366,#2367);
#2037=AXIS2_PLACEMENT_3D('',#3452,#2368,#2369);
#2038=AXIS2_PLACEMENT_3D('',#3465,#2370,#2371);
#2039=AXIS2_PLACEMENT_3D('',#3504,#2372,#2373);
#2040=AXIS2_PLACEMENT_3D('',#3505,#2374,#2375);
#2041=AXIS2_PLACEMENT_3D('',#3507,#2377,#2378);
#2042=AXIS2_PLACEMENT_3D('',#3509,#2379,#2380);
#2043=AXIS2_PLACEMENT_3D('',#3511,#2382,#2383);
#2044=AXIS2_PLACEMENT_3D('',#3514,#2385,#2386);
#2045=AXIS2_PLACEMENT_3D('',#3515,#2387,#2388);
#2046=AXIS2_PLACEMENT_3D('',#3518,#2389,#2390);
#2047=AXIS2_PLACEMENT_3D('',#3522,#2392,#2393);
#2048=AXIS2_PLACEMENT_3D('',#3535,#2395,#2396);
#2049=AXIS2_PLACEMENT_3D('',#3536,#2397,#2398);
#2050=AXIS2_PLACEMENT_3D('',#3537,#2399,#2400);
#2051=AXIS2_PLACEMENT_3D('',#3538,#2401,#2402);
#2052=AXIS2_PLACEMENT_3D('',#3541,#2403,#2404);
#2053=AXIS2_PLACEMENT_3D('',#3555,#2407,#2408);
#2054=AXIS2_PLACEMENT_3D('',#3556,#2409,#2410);
#2055=AXIS2_PLACEMENT_3D('',#3557,#2411,#2412);
#2056=AXIS2_PLACEMENT_3D('',#3558,#2413,#2414);
#2057=AXIS2_PLACEMENT_3D('',#3561,#2415,#2416);
#2058=AXIS2_PLACEMENT_3D('',#3575,#2419,#2420);
#2059=AXIS2_PLACEMENT_3D('',#3576,#2421,#2422);
#2060=AXIS2_PLACEMENT_3D('',#3577,#2423,#2424);
#2061=AXIS2_PLACEMENT_3D('',#3578,#2425,#2426);
#2062=AXIS2_PLACEMENT_3D('',#3581,#2427,#2428);
#2063=AXIS2_PLACEMENT_3D('',#3584,#2431,#2432);
#2064=AXIS2_PLACEMENT_3D('',#3587,#2433,#2434);
#2065=AXIS2_PLACEMENT_3D('',#3588,#2435,#2436);
#2066=AXIS2_PLACEMENT_3D('',#3589,#2437,#2438);
#2067=AXIS2_PLACEMENT_3D('',#3590,#2439,#2440);
#2068=AXIS2_PLACEMENT_3D('',#3593,#2441,#2442);
#2069=AXIS2_PLACEMENT_3D('',#3596,#2445,#2446);
#2070=AXIS2_PLACEMENT_3D('',#3599,#2447,#2448);
#2071=AXIS2_PLACEMENT_3D('',#3600,#2449,#2450);
#2072=AXIS2_PLACEMENT_3D('',#3601,#2451,#2452);
#2073=AXIS2_PLACEMENT_3D('',#3602,#2453,#2454);
#2074=AXIS2_PLACEMENT_3D('',#3605,#2455,#2456);
#2075=AXIS2_PLACEMENT_3D('',#3617,#2459,#2460);
#2076=AXIS2_PLACEMENT_3D('',#3618,#2461,#2462);
#2077=AXIS2_PLACEMENT_3D('',#3619,#2463,#2464);
#2078=AXIS2_PLACEMENT_3D('',#3661,#2467,#2468);
#2079=AXIS2_PLACEMENT_3D('',#3664,#2470,#2471);
#2080=AXIS2_PLACEMENT_3D('',#3665,#2472,#2473);
#2081=AXIS2_PLACEMENT_3D('',#3669,#2475,#2476);
#2082=AXIS2_PLACEMENT_3D('',#3682,#2478,#2479);
#2083=AXIS2_PLACEMENT_3D('',#3686,#2482,#2483);
#2084=AXIS2_PLACEMENT_3D('',#3690,#2486,#2487);
#2085=AXIS2_PLACEMENT_3D('',#3691,#2488,#2489);
#2086=AXIS2_PLACEMENT_3D('',#3693,#2491,#2492);
#2087=AXIS2_PLACEMENT_3D('',#3705,#2493,#2494);
#2088=AXIS2_PLACEMENT_3D('',#3707,#2495,#2496);
#2089=AXIS2_PLACEMENT_3D('',#3709,#2497,#2498);
#2090=AXIS2_PLACEMENT_3D('',#3710,#2499,#2500);
#2091=AXIS2_PLACEMENT_3D('',#3711,#2501,#2502);
#2092=AXIS2_PLACEMENT_3D('',#3714,#2503,#2504);
#2093=AXIS2_PLACEMENT_3D('',#3728,#2507,#2508);
#2094=AXIS2_PLACEMENT_3D('',#3729,#2509,#2510);
#2095=AXIS2_PLACEMENT_3D('',#3730,#2511,#2512);
#2096=AXIS2_PLACEMENT_3D('',#3731,#2513,#2514);
#2097=AXIS2_PLACEMENT_3D('',#3734,#2515,#2516);
#2098=AXIS2_PLACEMENT_3D('',#3748,#2519,#2520);
#2099=AXIS2_PLACEMENT_3D('',#3749,#2521,#2522);
#2100=AXIS2_PLACEMENT_3D('',#3750,#2523,#2524);
#2101=AXIS2_PLACEMENT_3D('',#3751,#2525,#2526);
#2102=AXIS2_PLACEMENT_3D('',#3754,#2527,#2528);
#2103=AXIS2_PLACEMENT_3D('',#3757,#2531,#2532);
#2104=AXIS2_PLACEMENT_3D('',#3760,#2533,#2534);
#2105=AXIS2_PLACEMENT_3D('',#3761,#2535,#2536);
#2106=AXIS2_PLACEMENT_3D('',#3762,#2537,#2538);
#2107=AXIS2_PLACEMENT_3D('',#3763,#2539,#2540);
#2108=AXIS2_PLACEMENT_3D('',#3766,#2541,#2542);
#2109=AXIS2_PLACEMENT_3D('',#3769,#2545,#2546);
#2110=AXIS2_PLACEMENT_3D('',#3772,#2547,#2548);
#2111=AXIS2_PLACEMENT_3D('',#3773,#2549,#2550);
#2112=AXIS2_PLACEMENT_3D('',#3774,#2551,#2552);
#2113=AXIS2_PLACEMENT_3D('',#3775,#2553,#2554);
#2114=AXIS2_PLACEMENT_3D('',#3778,#2555,#2556);
#2115=AXIS2_PLACEMENT_3D('',#3792,#2559,#2560);
#2116=AXIS2_PLACEMENT_3D('',#3793,#2561,#2562);
#2117=AXIS2_PLACEMENT_3D('',#3794,#2563,#2564);
#2118=AXIS2_PLACEMENT_3D('',#3795,#2565,#2566);
#2119=AXIS2_PLACEMENT_3D('',#3798,#2569,#2570);
#2120=AXIS2_PLACEMENT_3D('',#3804,#2574,#2575);
#2121=AXIS2_PLACEMENT_3D('',#3807,#2577,#2578);
#2122=AXIS2_PLACEMENT_3D('',#3808,#2579,#2580);
#2123=AXIS2_PLACEMENT_3D('',#3812,#2583,#2584);
#2124=AXIS2_PLACEMENT_3D('',#3851,#2586,#2587);
#2125=AXIS2_PLACEMENT_3D('',#3853,#2589,#2590);
#2126=AXIS2_PLACEMENT_3D('',#3857,#2592,#2593);
#2127=AXIS2_PLACEMENT_3D('',#3859,#2595,#2596);
#2128=AXIS2_PLACEMENT_3D('',#3860,#2597,#2598);
#2129=AXIS2_PLACEMENT_3D('',#3864,#2600,#2601);
#2130=AXIS2_PLACEMENT_3D('',#3875,#2603,#2604);
#2131=AXIS2_PLACEMENT_3D('',#3876,#2605,#2606);
#2132=AXIS2_PLACEMENT_3D('',#3877,#2607,#2608);
#2133=AXIS2_PLACEMENT_3D('',#3901,#2611,#2612);
#2134=AXIS2_PLACEMENT_3D('',#3903,#2614,#2615);
#2135=AXIS2_PLACEMENT_3D('',#3904,#2616,#2617);
#2136=AXIS2_PLACEMENT_3D('',#3915,#2618,#2619);
#2137=AXIS2_PLACEMENT_3D('',#3916,#2620,#2621);
#2138=AXIS2_PLACEMENT_3D('',#3917,#2622,#2623);
#2139=AXIS2_PLACEMENT_3D('',#3918,#2624,#2625);
#2140=AXIS2_PLACEMENT_3D('',#3920,#2627,#2628);
#2141=AXIS2_PLACEMENT_3D('',#3922,#2630,#2631);
#2142=AXIS2_PLACEMENT_3D('',#3927,#2632,#2633);
#2143=AXIS2_PLACEMENT_3D('',#3929,#2635,#2636);
#2144=AXIS2_PLACEMENT_3D('',#3936,#2638,#2639);
#2145=AXIS2_PLACEMENT_3D('',#3938,#2641,#2642);
#2146=AXIS2_PLACEMENT_3D('',#3943,#2645,#2646);
#2147=AXIS2_PLACEMENT_3D('',#3945,#2648,#2649);
#2148=AXIS2_PLACEMENT_3D('',#3947,#2651,#2652);
#2149=AXIS2_PLACEMENT_3D('',#3949,#2654,#2655);
#2150=AXIS2_PLACEMENT_3D('',#3951,#2657,#2658);
#2151=AXIS2_PLACEMENT_3D('',#3989,#2659,#2660);
#2152=AXIS2_PLACEMENT_3D('',#3990,#2661,#2662);
#2153=AXIS2_PLACEMENT_3D('',#4068,#2663,#2664);
#2154=AXIS2_PLACEMENT_3D('',#4070,#2665,#2666);
#2155=AXIS2_PLACEMENT_3D('',#4073,#2668,#2669);
#2156=AXIS2_PLACEMENT_3D('',#4074,#2670,#2671);
#2157=AXIS2_PLACEMENT_3D('',#4075,#2672,#2673);
#2158=AXIS2_PLACEMENT_3D('',#4078,#2675,#2676);
#2159=AXIS2_PLACEMENT_3D('',#4079,#2677,#2678);
#2160=AXIS2_PLACEMENT_3D('',#4081,#2679,#2680);
#2161=AXIS2_PLACEMENT_3D('',#4084,#2682,#2683);
#2162=AXIS2_PLACEMENT_3D('',#4085,#2684,#2685);
#2163=AXIS2_PLACEMENT_3D('',#4088,#2687,#2688);
#2164=AXIS2_PLACEMENT_3D('',#4089,#2689,#2690);
#2165=AXIS2_PLACEMENT_3D('',#4091,#2691,#2692);
#2166=AXIS2_PLACEMENT_3D('',#4094,#2694,#2695);
#2167=AXIS2_PLACEMENT_3D('',#4095,#2696,#2697);
#2168=AXIS2_PLACEMENT_3D('',#4098,#2699,#2700);
#2169=AXIS2_PLACEMENT_3D('',#4099,#2701,#2702);
#2170=AXIS2_PLACEMENT_3D('',#4103,#2704,#2705);
#2171=AXIS2_PLACEMENT_3D('',#4114,#2707,#2708);
#2172=AXIS2_PLACEMENT_3D('',#4115,#2709,#2710);
#2173=AXIS2_PLACEMENT_3D('',#4116,#2711,#2712);
#2174=AXIS2_PLACEMENT_3D('',#4149,#2716,#2717);
#2175=AXIS2_PLACEMENT_3D('',#4150,#2718,#2719);
#2176=AXIS2_PLACEMENT_3D('',#4151,#2720,#2721);
#2177=AXIS2_PLACEMENT_3D('',#4155,#2724,#2725);
#2178=AXIS2_PLACEMENT_3D('',#4160,#2726,#2727);
#2179=AXIS2_PLACEMENT_3D('',#4162,#2729,#2730);
#2180=AXIS2_PLACEMENT_3D('',#4167,#2731,#2732);
#2181=AXIS2_PLACEMENT_3D('',#4169,#2734,#2735);
#2182=AXIS2_PLACEMENT_3D('',#4172,#2738,#2739);
#2183=AXIS2_PLACEMENT_3D('',#4175,#2741,#2742);
#2184=AXIS2_PLACEMENT_3D('',#4177,#2743,#2744);
#2185=AXIS2_PLACEMENT_3D('',#4179,#2745,#2746);
#2186=AXIS2_PLACEMENT_3D('',#4180,#2747,#2748);
#2187=AXIS2_PLACEMENT_3D('',#4181,#2749,#2750);
#2188=AXIS2_PLACEMENT_3D('',#4182,#2751,#2752);
#2189=AXIS2_PLACEMENT_3D('',#4260,#2753,#2754);
#2190=AXIS2_PLACEMENT_3D('',#4262,#2756,#2757);
#2191=AXIS2_PLACEMENT_3D('',#4263,#2758,#2759);
#2192=AXIS2_PLACEMENT_3D('',#4266,#2761,#2762);
#2193=AXIS2_PLACEMENT_3D('',#4267,#2763,#2764);
#2194=AXIS2_PLACEMENT_3D('',#4269,#2765,#2766);
#2195=AXIS2_PLACEMENT_3D('',#4271,#2767,#2768);
#2196=AXIS2_PLACEMENT_3D('',#4272,#2769,#2770);
#2197=AXIS2_PLACEMENT_3D('',#4274,#2771,#2772);
#2198=AXIS2_PLACEMENT_3D('',#4276,#2774,#2775);
#2199=AXIS2_PLACEMENT_3D('',#4278,#2777,#2778);
#2200=AXIS2_PLACEMENT_3D('',#4280,#2779,#2780);
#2201=AXIS2_PLACEMENT_3D('',#4282,#2782,#2783);
#2202=AXIS2_PLACEMENT_3D('',#4284,#2785,#2786);
#2203=AXIS2_PLACEMENT_3D('',#4286,#2787,#2788);
#2204=AXIS2_PLACEMENT_3D('',#4288,#2790,#2791);
#2205=AXIS2_PLACEMENT_3D('',#4290,#2793,#2794);
#2206=AXIS2_PLACEMENT_3D('',#4291,#2795,#2796);
#2207=DIRECTION('axis',(0.,0.,1.));
#2208=DIRECTION('refdir',(1.,0.,0.));
#2209=DIRECTION('center_axis',(-0.0519534826425381,0.998189318764977,-0.030313685767693));
#2210=DIRECTION('ref_axis',(0.501745572661534,0.0523359562429704,0.863430557716533));
#2211=DIRECTION('center_axis',(-0.0526050784544171,0.998143994406173,-0.0306801589255143));
#2212=DIRECTION('ref_axis',(0.483404708565016,0.0523359562429701,0.873831125230331));
#2213=DIRECTION('center_axis',(6.9424149177417E-14,1.,-3.49637843960391E-14));
#2214=DIRECTION('ref_axis',(0.449802277842077,0.,0.893128160371219));
#2215=DIRECTION('center_axis',(2.34640666589782E-32,-1.,0.));
#2216=DIRECTION('ref_axis',(0.864011957631683,2.02732341680239E-32,0.503471287234403));
#2217=DIRECTION('',(2.794458953781E-32,-1.,0.));
#2218=DIRECTION('center_axis',(0.,1.,0.));
#2219=DIRECTION('ref_axis',(0.449802277842077,0.,0.893128160371219));
#2220=DIRECTION('',(-2.34640666589782E-32,1.,0.));
#2221=DIRECTION('center_axis',(0.0526050784544756,0.99814399440617,0.0306801589255211));
#2222=DIRECTION('ref_axis',(0.483404708565,-0.0523359562430039,0.873831125230338));
#2223=DIRECTION('center_axis',(0.0519534826425094,0.998189318764979,0.0303136857676702));
#2224=DIRECTION('ref_axis',(0.501745572661561,-0.052335956242937,0.863430557716519));
#2225=DIRECTION('center_axis',(2.794458953781E-32,-1.,3.94430452610506E-31));
#2226=DIRECTION('ref_axis',(-0.999450451148031,-4.10038477472977E-32,-0.0331480874259421));
#2227=DIRECTION('center_axis',(2.39387382797261E-16,-1.,1.22833620917082E-14));
#2228=DIRECTION('ref_axis',(-0.999999577676635,-2.50676263183884E-16,-0.000919046544522862));
#2229=DIRECTION('',(0.0283128943609339,0.998629534754574,-0.0440162734539162));
#2230=DIRECTION('center_axis',(-4.40796050465921E-19,1.,4.79623003792898E-16));
#2231=DIRECTION('ref_axis',(-0.999999577676635,0.,-0.000919046544518507));
#2232=DIRECTION('center_axis',(-2.794458953781E-32,1.,0.));
#2233=DIRECTION('ref_axis',(0.,0.,1.));
#2234=DIRECTION('center_axis',(-2.794458953781E-32,1.,0.));
#2235=DIRECTION('ref_axis',(-0.999999577676635,0.,-0.000919046544523826));
#2236=DIRECTION('center_axis',(-0.841033136943031,0.,-0.54098360655732));
#2237=DIRECTION('ref_axis',(0.54098360655732,0.,-0.841033136943031));
#2238=DIRECTION('center_axis',(-2.794458953781E-32,1.,0.));
#2239=DIRECTION('ref_axis',(-0.998620557798074,-2.7906041591686E-32,-0.0525069666145691));
#2240=DIRECTION('center_axis',(5.80373453345182E-31,1.,-9.72157016874434E-16));
#2241=DIRECTION('ref_axis',(-0.999999577676635,-8.93457547092488E-19,-0.000919046544523826));
#2242=DIRECTION('',(-5.80373453345182E-31,-1.,9.72157016874434E-16));
#2243=DIRECTION('center_axis',(-5.80373453345182E-31,-1.,9.72157016874434E-16));
#2244=DIRECTION('ref_axis',(0.,9.39366558327751E-16,1.));
#2245=DIRECTION('center_axis',(-2.39387382797262E-16,-1.,-1.13112050748337E-14));
#2246=DIRECTION('ref_axis',(-0.999999577676635,2.49782805636792E-16,-0.000919046544522862));
#2247=DIRECTION('center_axis',(0.841033136943031,5.25921009128737E-16,0.54098360655732));
#2248=DIRECTION('ref_axis',(0.54098360655732,-8.17616265503084E-16,-0.841033136943031));
#2249=DIRECTION('center_axis',(5.80373453345182E-31,1.,-9.72157016874434E-16));
#2250=DIRECTION('ref_axis',(-0.999450451148031,-3.22251457870963E-17,-0.0331480874259421));
#2251=DIRECTION('center_axis',(4.40796050466474E-19,1.,-1.45178002066733E-15));
#2252=DIRECTION('ref_axis',(-0.999999577676635,-8.93457547087316E-19,-0.000919046544518507));
#2253=DIRECTION('',(0.0283128943609339,-0.998629534754574,-0.0440162734539153));
#2254=DIRECTION('center_axis',(-5.75892930466351E-31,-1.,9.72157016874434E-16));
#2255=DIRECTION('ref_axis',(0.,0.,1.));
#2256=DIRECTION('center_axis',(-5.75892930466351E-31,-1.,9.72157016874434E-16));
#2257=DIRECTION('ref_axis',(-0.999999577676635,-8.93457547090404E-19,-0.000919046544521707));
#2258=DIRECTION('center_axis',(-5.75892930466351E-31,-1.,9.72157016874434E-16));
#2259=DIRECTION('ref_axis',(-0.999999577676635,-8.93457547090404E-19,-0.000919046544521707));
#2260=DIRECTION('center_axis',(5.75892930466351E-31,1.,-9.72157016874434E-16));
#2261=DIRECTION('ref_axis',(0.,0.,-1.));
#2262=DIRECTION('center_axis',(3.56215777798369E-16,1.,-1.30893299798538E-15));
#2263=DIRECTION('ref_axis',(-0.687000777934989,-7.06424390673938E-16,-0.726656680363375));
#2264=DIRECTION('center_axis',(-1.,5.52428863807373E-31,-2.68523798137154E-46));
#2265=DIRECTION('ref_axis',(2.89118928435627E-32,0.052335956242946,0.998629534754574));
#2266=DIRECTION('center_axis',(-5.75892930466351E-31,-1.,9.72157016874434E-16));
#2267=DIRECTION('ref_axis',(-0.687000777934991,-7.06424390673935E-16,-0.726656680363373));
#2268=DIRECTION('center_axis',(0.0519534826425409,0.99818931876498,-0.0303136857676045));
#2269=DIRECTION('ref_axis',(-0.998557881115457,0.0523359562429695,0.0119626814026928));
#2270=DIRECTION('center_axis',(0.0526050784544183,0.998143994406175,-0.0306801589254281));
#2271=DIRECTION('ref_axis',(-0.998584247291421,0.0523359562428995,-0.00951045454054447));
#2272=DIRECTION('center_axis',(-1.42657860597217E-13,1.,7.71047564374949E-15));
#2273=DIRECTION('ref_axis',(-0.998798323398998,-1.42108547152023E-13,-0.0490092764214198));
#2274=DIRECTION('center_axis',(2.794458953781E-32,-1.,0.));
#2275=DIRECTION('ref_axis',(-0.864011957631731,0.,0.503471287234321));
#2276=DIRECTION('',(2.34640666589782E-32,-1.,0.));
#2277=DIRECTION('center_axis',(0.,1.,0.));
#2278=DIRECTION('ref_axis',(-0.998798323398997,0.,-0.0490092764214287));
#2279=DIRECTION('',(-2.794458953781E-32,1.,0.));
#2280=DIRECTION('center_axis',(-0.0526050784544866,0.998143994406171,0.0306801589254556));
#2281=DIRECTION('ref_axis',(-0.998584247291417,-0.0523359562429681,-0.00951045454052667));
#2282=DIRECTION('center_axis',(-0.0519534826425175,0.998189318764979,0.0303136857676691));
#2283=DIRECTION('ref_axis',(-0.998557881115459,-0.052335956242947,0.0119626814026932));
#2284=DIRECTION('center_axis',(-2.34640666589782E-32,1.,-3.94430452610506E-31));
#2285=DIRECTION('ref_axis',(0.,0.,1.));
#2286=DIRECTION('center_axis',(3.5621577779836E-16,1.,3.36775981110954E-16));
#2287=DIRECTION('ref_axis',(0.687000777935009,0.,-0.726656680363356));
#2288=DIRECTION('center_axis',(1.,0.,1.77879461559968E-14));
#2289=DIRECTION('ref_axis',(-1.77635683940025E-14,-0.0523359562429428,0.998629534754574));
#2290=DIRECTION('center_axis',(2.34640666589782E-32,-1.,3.94430452610506E-31));
#2291=DIRECTION('ref_axis',(0.687000777935014,-2.70495691279927E-31,-0.726656680363351));
#2292=DIRECTION('center_axis',(2.34640666589782E-32,-1.,3.94430452610506E-31));
#2293=DIRECTION('ref_axis',(0.707106781186546,-2.62312847098592E-31,-0.707106781186549));
#2294=DIRECTION('center_axis',(1.05000019830957E-16,-1.,-2.72425896408315E-15));
#2295=DIRECTION('ref_axis',(0.687000777935013,2.05173607059783E-15,-0.726656680363352));
#2296=DIRECTION('',(-2.38487493390741E-32,0.998629534754574,0.0523359562429438));
#2297=DIRECTION('center_axis',(-2.34640666589782E-32,1.,0.));
#2298=DIRECTION('ref_axis',(0.,0.,1.));
#2299=DIRECTION('center_axis',(-2.34640666589782E-32,1.,0.));
#2300=DIRECTION('ref_axis',(0.687000777935012,0.,-0.726656680363353));
#2301=DIRECTION('center_axis',(1.,0.,0.));
#2302=DIRECTION('ref_axis',(0.,0.,1.));
#2303=DIRECTION('center_axis',(-2.34640666589782E-32,1.,0.));
#2304=DIRECTION('ref_axis',(0.707106781186546,1.65916006487766E-32,-0.707106781186549));
#2305=DIRECTION('center_axis',(5.75892930466351E-31,1.,-9.72157016874434E-16));
#2306=DIRECTION('ref_axis',(0.687000777935012,-7.06424390673917E-16,-0.726656680363353));
#2307=DIRECTION('',(-5.75892930466351E-31,-1.,9.72157016874434E-16));
#2308=DIRECTION('center_axis',(-5.75892930466351E-31,-1.,9.72157016874434E-16));
#2309=DIRECTION('ref_axis',(0.,9.39560642327405E-16,1.));
#2310=DIRECTION('center_axis',(-1.05000019830957E-16,-1.,3.69641598095759E-15));
#2311=DIRECTION('ref_axis',(0.687000777935013,-2.75816046127174E-15,-0.726656680363352));
#2312=DIRECTION('center_axis',(-1.,5.52428863807373E-31,-2.68523798137154E-46));
#2313=DIRECTION('ref_axis',(2.68523798137154E-46,9.72157016874434E-16,1.));
#2314=DIRECTION('center_axis',(5.75892930466351E-31,1.,-9.72157016874434E-16));
#2315=DIRECTION('ref_axis',(0.707106781186546,-6.87418819009999E-16,-0.707106781186549));
#2316=DIRECTION('center_axis',(-3.5621577779836E-16,1.,-1.30893299798539E-15));
#2317=DIRECTION('ref_axis',(0.687000777935009,-7.0642439067392E-16,-0.726656680363356));
#2318=DIRECTION('',(-5.75520528588028E-31,-0.998629534754574,0.0523359562429448));
#2319=DIRECTION('center_axis',(-5.75892930466351E-31,-1.,9.72157016874434E-16));
#2320=DIRECTION('ref_axis',(0.,0.,1.));
#2321=DIRECTION('center_axis',(-5.75892930466351E-31,-1.,9.72157016874434E-16));
#2322=DIRECTION('ref_axis',(0.687000777935014,-7.06424390673915E-16,-0.726656680363351));
#2323=DIRECTION('center_axis',(-1.,-1.67402478075296E-29,-1.77879461559968E-14));
#2324=DIRECTION('ref_axis',(-1.77635683940025E-14,0.0523359562429437,0.998629534754574));
#2325=DIRECTION('center_axis',(-5.80373453345182E-31,-1.,9.72157016874434E-16));
#2326=DIRECTION('ref_axis',(0.,9.39366558327751E-16,1.));
#2327=DIRECTION('center_axis',(5.80373453345182E-31,1.,-9.72157016874434E-16));
#2328=DIRECTION('ref_axis',(0.999999577676635,-8.93457547085169E-19,-0.000919046544515161));
#2329=DIRECTION('center_axis',(0.84103313694297,-5.25921009128829E-16,-0.540983606557414));
#2330=DIRECTION('ref_axis',(-0.540983606557414,-6.1407537765508E-16,-0.84103313694297));
#2331=DIRECTION('center_axis',(-2.44916578480665E-16,-1.,7.23929133296395E-15));
#2332=DIRECTION('ref_axis',(0.999999577676635,-2.51569720730969E-16,-0.000919046544514841));
#2333=DIRECTION('center_axis',(2.34640666589782E-32,-1.,3.94430452610506E-31));
#2334=DIRECTION('ref_axis',(0.,0.,-1.));
#2335=DIRECTION('center_axis',(2.34640666589782E-32,-1.,3.94430452610506E-31));
#2336=DIRECTION('ref_axis',(-0.687000777934991,-3.02735355376409E-31,-0.726656680363373));
#2337=DIRECTION('center_axis',(1.,0.,0.));
#2338=DIRECTION('ref_axis',(0.,-0.052335956242945,0.998629534754574));
#2339=DIRECTION('center_axis',(-3.56215777798368E-16,1.,3.36775981110942E-16));
#2340=DIRECTION('ref_axis',(-0.687000777934989,0.,-0.726656680363375));
#2341=DIRECTION('center_axis',(2.34640666589782E-32,-1.,3.94430452610506E-31));
#2342=DIRECTION('ref_axis',(-0.707106781186546,-2.95496048396145E-31,-0.707106781186549));
#2343=DIRECTION('',(-2.38487493390741E-32,0.998629534754574,0.0523359562429438));
#2344=DIRECTION('center_axis',(7.16317512512596E-15,-1.,-9.59578731259581E-15));
#2345=DIRECTION('ref_axis',(-0.687000777934984,2.05173607059784E-15,-0.726656680363379));
#2346=DIRECTION('center_axis',(-2.34640666589782E-32,1.,0.));
#2347=DIRECTION('ref_axis',(0.,0.,1.));
#2348=DIRECTION('center_axis',(1.,0.,0.));
#2349=DIRECTION('ref_axis',(0.,0.,1.));
#2350=DIRECTION('center_axis',(-2.34640666589782E-32,1.,0.));
#2351=DIRECTION('ref_axis',(-0.687000777934988,0.,-0.726656680363376));
#2352=DIRECTION('center_axis',(-2.34640666589782E-32,1.,-3.94430452610506E-31));
#2353=DIRECTION('ref_axis',(0.,0.,1.));
#2354=DIRECTION('center_axis',(2.34640666589782E-32,-1.,3.94430452610506E-31));
#2355=DIRECTION('ref_axis',(-0.999999577676635,-2.38265566940804E-32,-0.000919046544521707));
#2356=DIRECTION('center_axis',(2.34640666589782E-32,-1.,3.94430452610506E-31));
#2357=DIRECTION('ref_axis',(-0.999999577676635,-2.38265566940804E-32,-0.000919046544521707));
#2358=DIRECTION('center_axis',(-2.794458953781E-32,1.,0.));
#2359=DIRECTION('ref_axis',(0.,0.,1.));
#2360=DIRECTION('center_axis',(2.44916578480665E-16,-1.,-6.26713431608952E-15));
#2361=DIRECTION('ref_axis',(0.999999577676635,2.50676263183884E-16,-0.000919046544514841));
#2362=DIRECTION('center_axis',(-0.84103313694297,0.,0.540983606557414));
#2363=DIRECTION('ref_axis',(-0.540983606557414,-2.03540887847945E-16,-0.84103313694297));
#2364=DIRECTION('center_axis',(-2.794458953781E-32,1.,0.));
#2365=DIRECTION('ref_axis',(0.999999577676635,0.,-0.000919046544515161));
#2366=DIRECTION('center_axis',(2.34640666589782E-32,-1.,3.94430452610506E-31));
#2367=DIRECTION('ref_axis',(0.,0.,-1.));
#2368=DIRECTION('center_axis',(2.34640666589782E-32,-1.,3.94430452610506E-31));
#2369=DIRECTION('ref_axis',(0.999999577676635,2.31015568050288E-32,-0.000919046544521707));
#2370=DIRECTION('center_axis',(2.34640666589782E-32,-1.,3.94430452610506E-31));
#2371=DIRECTION('ref_axis',(0.999999577676635,2.31015568050288E-32,-0.000919046544521707));
#2372=DIRECTION('center_axis',(4.40796050465921E-19,1.,4.79623003792898E-16));
#2373=DIRECTION('ref_axis',(0.999999577676635,0.,-0.000919046544518507));
#2374=DIRECTION('center_axis',(2.794458953781E-32,-1.,3.94430452610506E-31));
#2375=DIRECTION('ref_axis',(1.,2.794458953781E-32,-1.10221970994132E-62));
#2376=DIRECTION('',(0.0283128943609388,-0.998629534754574,0.044016273453913));
#2377=DIRECTION('center_axis',(5.75892930466351E-31,1.,-9.72157016874434E-16));
#2378=DIRECTION('ref_axis',(-0.707106781186546,-6.87418819009998E-16,-0.707106781186549));
#2379=DIRECTION('center_axis',(-7.16317512512596E-15,-1.,1.05679443294702E-14));
#2380=DIRECTION('ref_axis',(-0.687000777934984,-2.75816046127178E-15,-0.726656680363379));
#2381=DIRECTION('',(-5.75520528588028E-31,-0.998629534754574,0.0523359562429448));
#2382=DIRECTION('center_axis',(5.80373453345182E-31,1.,-9.72157016874434E-16));
#2383=DIRECTION('ref_axis',(1.,-5.80373453345183E-31,2.95690326940012E-46));
#2384=DIRECTION('',(0.0283128943609388,0.998629534754574,0.0440162734539121));
#2385=DIRECTION('center_axis',(-4.40796050465369E-19,1.,-1.45178002066733E-15));
#2386=DIRECTION('ref_axis',(0.999999577676635,-8.93457547088421E-19,-0.000919046544518507));
#2387=DIRECTION('center_axis',(1.,2.34640666589782E-32,-9.25494243238386E-63));
#2388=DIRECTION('ref_axis',(0.,-0.707106781186555,0.70710678118654));
#2389=DIRECTION('center_axis',(1.,0.,0.));
#2390=DIRECTION('ref_axis',(0.,0.,1.));
#2391=DIRECTION('',(1.,2.34640666589782E-32,-9.25494243238386E-63));
#2392=DIRECTION('center_axis',(-1.,0.,0.));
#2393=DIRECTION('ref_axis',(0.,-1.,0.));
#2394=DIRECTION('',(-1.,-2.34640666589782E-32,9.25494243238386E-63));
#2395=DIRECTION('center_axis',(-2.77555756156295E-16,-1.,0.));
#2396=DIRECTION('ref_axis',(1.,-2.77555756156295E-16,0.));
#2397=DIRECTION('center_axis',(-1.61928160408021E-78,-3.94430452610506E-31,
-1.));
#2398=DIRECTION('ref_axis',(0.707106781186547,-0.707106781186548,2.78904447747368E-31));
#2399=DIRECTION('center_axis',(1.61928160408021E-78,3.94430452610506E-31,
1.));
#2400=DIRECTION('ref_axis',(0.707106781186547,-0.707106781186548,0.));
#2401=DIRECTION('center_axis',(3.07155771096356E-32,-1.,3.94430452610506E-31));
#2402=DIRECTION('ref_axis',(0.707106781186535,0.,0.70710678118656));
#2403=DIRECTION('center_axis',(0.,-1.,0.));
#2404=DIRECTION('ref_axis',(1.,0.,0.));
#2405=DIRECTION('',(3.07155771096356E-32,-1.,3.94430452610506E-31));
#2406=DIRECTION('',(-3.07155771096356E-32,1.,-3.94430452610506E-31));
#2407=DIRECTION('center_axis',(1.,0.,0.));
#2408=DIRECTION('ref_axis',(0.,1.,0.));
#2409=DIRECTION('center_axis',(-1.61928160408021E-78,-3.94430452610506E-31,
-1.));
#2410=DIRECTION('ref_axis',(0.707106781186548,0.707106781186548,-2.78904447747368E-31));
#2411=DIRECTION('center_axis',(1.61928160408021E-78,3.94430452610506E-31,
1.));
#2412=DIRECTION('ref_axis',(0.707106781186548,0.707106781186548,0.));
#2413=DIRECTION('center_axis',(1.,-5.75892930466351E-31,2.27149709219033E-61));
#2414=DIRECTION('ref_axis',(0.,0.707106781186585,0.70710678118651));
#2415=DIRECTION('center_axis',(1.,0.,0.));
#2416=DIRECTION('ref_axis',(0.,1.,0.));
#2417=DIRECTION('',(1.,-5.75892930466351E-31,2.27149709219033E-61));
#2418=DIRECTION('',(-1.,5.75892930466351E-31,-2.27149709219033E-61));
#2419=DIRECTION('center_axis',(0.0523359562429007,0.998629534754576,0.));
#2420=DIRECTION('ref_axis',(-0.998629534754576,0.0523359562429007,0.));
#2421=DIRECTION('center_axis',(-1.61928160408021E-78,-3.94430452610506E-31,
-1.));
#2422=DIRECTION('ref_axis',(-0.688354575693749,0.725374371012292,-2.86109741470439E-31));
#2423=DIRECTION('center_axis',(1.61928160408021E-78,3.94430452610506E-31,
1.));
#2424=DIRECTION('ref_axis',(-0.688354575693749,0.725374371012292,0.));
#2425=DIRECTION('center_axis',(0.0523359562429438,0.998629534754574,-3.93889899383466E-31));
#2426=DIRECTION('ref_axis',(-0.706137715918113,0.0370071095592381,0.707106781186562));
#2427=DIRECTION('center_axis',(0.0523359562429716,0.998629534754573,0.));
#2428=DIRECTION('ref_axis',(-0.998629534754573,0.0523359562429716,0.));
#2429=DIRECTION('',(0.0523359562429438,0.998629534754574,-3.93889899383466E-31));
#2430=DIRECTION('',(-0.0523359562429438,-0.998629534754574,3.93889899383466E-31));
#2431=DIRECTION('center_axis',(1.61928160408021E-78,3.94430452610506E-31,
1.));
#2432=DIRECTION('ref_axis',(1.,0.,0.));
#2433=DIRECTION('center_axis',(0.,1.,0.));
#2434=DIRECTION('ref_axis',(-1.,0.,0.));
#2435=DIRECTION('center_axis',(-1.61928160408021E-78,-3.94430452610506E-31,
-1.));
#2436=DIRECTION('ref_axis',(-0.999657324975557,0.0261769483078732,-1.03249855690363E-32));
#2437=DIRECTION('center_axis',(1.61928160408021E-78,3.94430452610506E-31,
1.));
#2438=DIRECTION('ref_axis',(-0.999657324975557,0.0261769483078732,0.));
#2439=DIRECTION('center_axis',(2.34640666589782E-32,-1.,3.94430452610506E-31));
#2440=DIRECTION('ref_axis',(-0.70710678118656,0.,0.707106781186535));
#2441=DIRECTION('center_axis',(0.,1.,0.));
#2442=DIRECTION('ref_axis',(-1.,0.,0.));
#2443=DIRECTION('',(-2.34640666589782E-32,1.,-3.94430452610506E-31));
#2444=DIRECTION('',(2.34640666589782E-32,-1.,3.94430452610506E-31));
#2445=DIRECTION('center_axis',(-1.61928160408021E-78,-3.94430452610506E-31,
-1.));
#2446=DIRECTION('ref_axis',(-1.,0.,0.));
#2447=DIRECTION('center_axis',(-0.0523359562429443,0.998629534754574,0.));
#2448=DIRECTION('ref_axis',(-0.998629534754574,-0.0523359562429443,0.));
#2449=DIRECTION('center_axis',(-1.61928160408021E-78,-3.94430452610506E-31,
-1.));
#2450=DIRECTION('ref_axis',(-0.999657324975557,-0.0261769483078732,1.03249855690362E-32));
#2451=DIRECTION('center_axis',(1.61928160408021E-78,3.94430452610506E-31,
1.));
#2452=DIRECTION('ref_axis',(-0.999657324975557,-0.0261769483078731,0.));
#2453=DIRECTION('center_axis',(0.0523359562429438,-0.998629534754574,3.93889899383466E-31));
#2454=DIRECTION('ref_axis',(-0.706137715918125,-0.0370071095592681,0.707106781186549));
#2455=DIRECTION('center_axis',(-0.0523359562429432,0.998629534754574,0.));
#2456=DIRECTION('ref_axis',(-0.998629534754574,-0.0523359562429432,0.));
#2457=DIRECTION('',(-0.0523359562429438,0.998629534754574,-3.93889899383466E-31));
#2458=DIRECTION('',(0.0523359562429438,-0.998629534754574,3.93889899383466E-31));
#2459=DIRECTION('center_axis',(1.61928160408021E-78,3.94430452610506E-31,
1.));
#2460=DIRECTION('ref_axis',(-0.688354575693749,-0.725374371012293,0.));
#2461=DIRECTION('center_axis',(-1.61928160408021E-78,-3.94430452610506E-31,
-1.));
#2462=DIRECTION('ref_axis',(-0.688354575693748,-0.725374371012293,2.8610974147044E-31));
#2463=DIRECTION('center_axis',(2.54742951844076E-17,9.72157016874434E-16,
1.));
#2464=DIRECTION('ref_axis',(-0.688354575693745,0.725374371012296,-7.05177784640483E-16));
#2465=DIRECTION('',(2.54742951844076E-17,9.72157016874434E-16,1.));
#2466=DIRECTION('',(-2.54742951844076E-17,-9.72157016874434E-16,-1.));
#2467=DIRECTION('center_axis',(5.75892930466351E-31,1.,-9.72157016874434E-16));
#2468=DIRECTION('ref_axis',(1.,-5.75892930466351E-31,2.91334555184089E-46));
#2469=DIRECTION('',(-2.68523798137154E-46,-9.72157016874434E-16,-1.));
#2470=DIRECTION('center_axis',(-5.75892930466351E-31,-1.,9.72157016874434E-16));
#2471=DIRECTION('ref_axis',(0.999999577676635,-8.93457547091556E-19,-0.000919046544521707));
#2472=DIRECTION('center_axis',(-2.68523798137154E-46,-9.72157016874434E-16,
-1.));
#2473=DIRECTION('ref_axis',(0.707106781186553,0.707106781186543,-6.87418819009993E-16));
#2474=DIRECTION('',(2.68523798137154E-46,9.72157016874434E-16,1.));
#2475=DIRECTION('center_axis',(-2.68523798137154E-46,-9.72157016874434E-16,
-1.));
#2476=DIRECTION('ref_axis',(0.707106781186553,0.707106781186543,-6.87418819009993E-16));
#2477=DIRECTION('',(-2.68523798137154E-46,-9.72157016874434E-16,-1.));
#2478=DIRECTION('center_axis',(1.,3.07155771096356E-32,-1.21151589815465E-62));
#2479=DIRECTION('ref_axis',(-1.61928160408021E-78,-3.94430452610506E-31,
-1.));
#2480=DIRECTION('',(2.15904213877361E-78,3.94430452610506E-31,1.));
#2481=DIRECTION('',(3.07155771096356E-32,-1.,0.));
#2482=DIRECTION('center_axis',(2.15904213877361E-78,3.94430452610506E-31,
1.));
#2483=DIRECTION('ref_axis',(0.707106781186553,-0.707106781186543,0.));
#2484=DIRECTION('',(-2.15904213877361E-78,-3.94430452610506E-31,-1.));
#2485=DIRECTION('',(-2.15904213877361E-78,-3.94430452610506E-31,-1.));
#2486=DIRECTION('center_axis',(1.61928160408021E-78,3.94430452610506E-31,
1.));
#2487=DIRECTION('ref_axis',(0.707106781186553,-0.707106781186543,0.));
#2488=DIRECTION('center_axis',(-2.34640666589782E-32,1.,-3.94430452610506E-31));
#2489=DIRECTION('ref_axis',(1.,2.34640666589782E-32,-9.25494243238386E-63));
#2490=DIRECTION('',(2.54742951844076E-17,3.94430452610506E-31,1.));
#2491=DIRECTION('center_axis',(1.61928160408021E-78,3.94430452610506E-31,
1.));
#2492=DIRECTION('ref_axis',(1.,2.34640666589782E-32,-9.25494243238386E-63));
#2493=DIRECTION('center_axis',(-1.,0.,0.));
#2494=DIRECTION('ref_axis',(0.,-1.,0.));
#2495=DIRECTION('center_axis',(-1.61928160408021E-78,-3.94430452610506E-31,
-1.));
#2496=DIRECTION('ref_axis',(-0.707106781186547,-0.707106781186548,2.78904447747368E-31));
#2497=DIRECTION('center_axis',(2.77555756156295E-16,-1.,0.));
#2498=DIRECTION('ref_axis',(0.,0.,1.));
#2499=DIRECTION('center_axis',(1.61928160408021E-78,3.94430452610506E-31,
1.));
#2500=DIRECTION('ref_axis',(-0.707106781186547,-0.707106781186548,0.));
#2501=DIRECTION('center_axis',(3.07155771096356E-32,-1.,3.94430452610506E-31));
#2502=DIRECTION('ref_axis',(-0.70710678118656,0.,0.707106781186535));
#2503=DIRECTION('center_axis',(0.,-1.,0.));
#2504=DIRECTION('ref_axis',(0.,0.,1.));
#2505=DIRECTION('',(3.07155771096356E-32,-1.,3.94430452610506E-31));
#2506=DIRECTION('',(-3.07155771096356E-32,1.,-3.94430452610506E-31));
#2507=DIRECTION('center_axis',(-1.,0.,0.));
#2508=DIRECTION('ref_axis',(0.,0.,1.));
#2509=DIRECTION('center_axis',(1.61928160408021E-78,3.94430452610506E-31,
1.));
#2510=DIRECTION('ref_axis',(-0.70710678118653,0.707106781186565,0.));
#2511=DIRECTION('center_axis',(-1.61928160408021E-78,-3.94430452610506E-31,
-1.));
#2512=DIRECTION('ref_axis',(-0.70710678118653,0.707106781186565,-2.78904447747375E-31));
#2513=DIRECTION('center_axis',(1.,-5.75892930466351E-31,2.27149709219033E-61));
#2514=DIRECTION('ref_axis',(0.,0.707106781186585,0.70710678118651));
#2515=DIRECTION('center_axis',(-1.,0.,0.));
#2516=DIRECTION('ref_axis',(0.,0.,1.));
#2517=DIRECTION('',(-1.,5.75892930466351E-31,-2.27149709219033E-61));
#2518=DIRECTION('',(1.,-5.75892930466351E-31,2.27149709219033E-61));
#2519=DIRECTION('center_axis',(-0.0523359562429697,0.998629534754573,0.));
#2520=DIRECTION('ref_axis',(0.,0.,1.));
#2521=DIRECTION('center_axis',(1.61928160408021E-78,3.94430452610506E-31,
1.));
#2522=DIRECTION('ref_axis',(0.688354575693731,0.725374371012309,0.));
#2523=DIRECTION('center_axis',(-1.61928160408021E-78,-3.94430452610506E-31,
-1.));
#2524=DIRECTION('ref_axis',(0.688354575693732,0.725374371012309,-2.86109741470446E-31));
#2525=DIRECTION('center_axis',(-0.0523359562429438,0.998629534754574,-3.93889899383466E-31));
#2526=DIRECTION('ref_axis',(0.706137715918137,0.037007109559287,0.707106781186536));
#2527=DIRECTION('center_axis',(-0.052335956242897,0.998629534754576,0.));
#2528=DIRECTION('ref_axis',(0.,0.,1.));
#2529=DIRECTION('',(-0.0523359562429438,0.998629534754574,-3.93889899383466E-31));
#2530=DIRECTION('',(0.0523359562429438,-0.998629534754574,3.93889899383466E-31));
#2531=DIRECTION('center_axis',(1.61928160408021E-78,3.94430452610506E-31,
1.));
#2532=DIRECTION('ref_axis',(1.,0.,0.));
#2533=DIRECTION('center_axis',(0.,1.,0.));
#2534=DIRECTION('ref_axis',(0.,0.,1.));
#2535=DIRECTION('center_axis',(1.61928160408021E-78,3.94430452610506E-31,
1.));
#2536=DIRECTION('ref_axis',(0.999657324975557,0.0261769483078729,0.));
#2537=DIRECTION('center_axis',(-1.61928160408021E-78,-3.94430452610506E-31,
-1.));
#2538=DIRECTION('ref_axis',(0.999657324975557,0.0261769483078729,-1.03249855690361E-32));
#2539=DIRECTION('center_axis',(2.34640666589782E-32,-1.,3.94430452610506E-31));
#2540=DIRECTION('ref_axis',(0.70710678118656,0.,0.707106781186535));
#2541=DIRECTION('center_axis',(0.,1.,0.));
#2542=DIRECTION('ref_axis',(0.,0.,1.));
#2543=DIRECTION('',(-2.34640666589782E-32,1.,-3.94430452610506E-31));
#2544=DIRECTION('',(2.34640666589782E-32,-1.,3.94430452610506E-31));
#2545=DIRECTION('center_axis',(-1.61928160408021E-78,-3.94430452610506E-31,
-1.));
#2546=DIRECTION('ref_axis',(-1.,0.,0.));
#2547=DIRECTION('center_axis',(0.0523359562429468,0.998629534754574,0.));
#2548=DIRECTION('ref_axis',(0.,0.,1.));
#2549=DIRECTION('center_axis',(1.61928160408021E-78,3.94430452610506E-31,
1.));
#2550=DIRECTION('ref_axis',(0.999657324975557,-0.0261769483078729,0.));
#2551=DIRECTION('center_axis',(-1.61928160408021E-78,-3.94430452610506E-31,
-1.));
#2552=DIRECTION('ref_axis',(0.999657324975557,-0.0261769483078729,1.03249855690361E-32));
#2553=DIRECTION('center_axis',(-0.0523359562429438,-0.998629534754574,3.93889899383466E-31));
#2554=DIRECTION('ref_axis',(0.706137715918112,-0.0370071095592686,0.707106781186561));
#2555=DIRECTION('center_axis',(0.0523359562429439,0.998629534754574,0.));
#2556=DIRECTION('ref_axis',(0.,0.,1.));
#2557=DIRECTION('',(0.0523359562429438,0.998629534754574,-3.93889899383466E-31));
#2558=DIRECTION('',(-0.0523359562429438,-0.998629534754574,3.93889899383466E-31));
#2559=DIRECTION('center_axis',(1.,0.,0.));
#2560=DIRECTION('ref_axis',(0.,0.,1.));
#2561=DIRECTION('center_axis',(1.61928160408021E-78,3.94430452610506E-31,
1.));
#2562=DIRECTION('ref_axis',(0.688354575693749,-0.725374371012293,0.));
#2563=DIRECTION('center_axis',(-1.61928160408021E-78,-3.94430452610506E-31,
-1.));
#2564=DIRECTION('ref_axis',(0.688354575693748,-0.725374371012293,2.8610974147044E-31));
#2565=DIRECTION('center_axis',(1.,2.34640666589782E-32,-9.25494243238386E-63));
#2566=DIRECTION('ref_axis',(0.,-0.707106781186555,0.70710678118654));
#2567=DIRECTION('',(-1.,-2.34640666589782E-32,9.25494243238386E-63));
#2568=DIRECTION('',(1.,2.34640666589782E-32,-9.25494243238386E-63));
#2569=DIRECTION('center_axis',(1.,2.34640666589782E-32,0.));
#2570=DIRECTION('ref_axis',(0.,0.,-1.));
#2571=DIRECTION('',(-1.14053785234676E-47,4.86078508437218E-16,1.));
#2572=DIRECTION('',(5.75892930466351E-31,1.,-9.72157016874434E-16));
#2573=DIRECTION('',(-1.14053785234678E-47,4.86078508437217E-16,1.));
#2574=DIRECTION('center_axis',(-1.14053785234676E-47,4.86078508437218E-16,
1.));
#2575=DIRECTION('ref_axis',(0.999657324975557,-0.0261769483078732,3.70201200247062E-17));
#2576=DIRECTION('',(1.14053785234676E-47,-4.86078508437218E-16,-1.));
#2577=DIRECTION('center_axis',(1.55431223447522E-15,-4.07010982659888E-17,
-1.));
#2578=DIRECTION('ref_axis',(1.,2.03540887847945E-16,1.55431223447522E-15));
#2579=DIRECTION('center_axis',(0.998629534754574,-0.0523359562429438,2.54393835482056E-17));
#2580=DIRECTION('ref_axis',(2.54393835482056E-17,-6.6615370236219E-19,-1.));
#2581=DIRECTION('',(-2.54742951844076E-17,3.94430452610506E-31,1.));
#2582=DIRECTION('',(-0.0523359562429438,-0.998629534754574,-6.66153702361485E-19));
#2583=DIRECTION('center_axis',(2.54742951844076E-17,-3.94430452610506E-31,
-1.));
#2584=DIRECTION('ref_axis',(0.688354575693745,-0.725374371012296,0.));
#2585=DIRECTION('',(2.54742951844076E-17,-3.94430452610506E-31,-1.));
#2586=DIRECTION('center_axis',(-2.34640666589782E-32,1.,-3.94430452610506E-31));
#2587=DIRECTION('ref_axis',(1.,2.34640666589782E-32,-9.25494243238386E-63));
#2588=DIRECTION('',(2.15904213877361E-78,3.94430452610506E-31,1.));
#2589=DIRECTION('center_axis',(2.15904213877361E-78,3.94430452610506E-31,
1.));
#2590=DIRECTION('ref_axis',(-0.707106781186553,-0.707106781186543,0.));
#2591=DIRECTION('',(-2.15904213877361E-78,-3.94430452610506E-31,-1.));
#2592=DIRECTION('center_axis',(1.61928160408021E-78,3.94430452610506E-31,
1.));
#2593=DIRECTION('ref_axis',(-0.707106781186553,-0.707106781186543,0.));
#2594=DIRECTION('',(2.15904213877361E-78,3.94430452610506E-31,1.));
#2595=DIRECTION('center_axis',(1.61928160408021E-78,3.94430452610506E-31,
1.));
#2596=DIRECTION('ref_axis',(1.,2.34640666589782E-32,-9.25494243238386E-63));
#2597=DIRECTION('center_axis',(-1.14053785234678E-47,4.86078508437217E-16,
1.));
#2598=DIRECTION('ref_axis',(-0.999657324975557,0.0261769483078731,-2.54481039778582E-17));
#2599=DIRECTION('',(-1.14053785234678E-47,4.86078508437217E-16,1.));
#2600=DIRECTION('center_axis',(-2.68523798137154E-46,-9.72157016874434E-16,
-1.));
#2601=DIRECTION('ref_axis',(-1.,5.52428863807373E-31,-2.68523798137154E-46));
#2602=DIRECTION('',(1.14053785234678E-47,-4.86078508437217E-16,-1.));
#2603=DIRECTION('center_axis',(2.71733909024855E-31,1.,-4.86078508437217E-16));
#2604=DIRECTION('ref_axis',(-0.877776624932962,-4.65731395823781E-16,-0.479070137580395));
#2605=DIRECTION('center_axis',(-2.71733909024855E-31,-1.,4.86078508437217E-16));
#2606=DIRECTION('ref_axis',(-0.877776624932963,-2.3286569791189E-16,-0.479070137580393));
#2607=DIRECTION('center_axis',(1.,-2.71733909024855E-31,-4.35577175592272E-48));
#2608=DIRECTION('ref_axis',(1.4460901811663E-32,0.0261769483078741,0.999657324975557));
#2609=DIRECTION('',(-1.,2.71733909024855E-31,4.35577175592272E-48));
#2610=DIRECTION('',(1.,-2.71733909024855E-31,-4.35577175592272E-48));
#2611=DIRECTION('center_axis',(-1.,5.52428863807373E-31,-2.68523798137154E-46));
#2612=DIRECTION('ref_axis',(2.68523798137154E-46,9.72157016874434E-16,1.));
#2613=DIRECTION('',(-1.,2.71733909024855E-31,4.35577175592272E-48));
#2614=DIRECTION('center_axis',(-5.75892930466351E-31,-1.,9.72157016874434E-16));
#2615=DIRECTION('ref_axis',(0.,9.39560642327405E-16,1.));
#2616=DIRECTION('center_axis',(5.75892930466351E-31,1.,-9.72157016874434E-16));
#2617=DIRECTION('ref_axis',(-0.687000777934988,-7.06424390673939E-16,-0.726656680363376));
#2618=DIRECTION('center_axis',(2.71733909024855E-31,1.,-4.86078508437217E-16));
#2619=DIRECTION('ref_axis',(0.877776624932939,-4.65731395823823E-16,-0.479070137580437));
#2620=DIRECTION('center_axis',(-1.55431223447522E-15,9.31455918608446E-16,
1.));
#2621=DIRECTION('ref_axis',(1.,-2.03540887847944E-16,1.55431223447522E-15));
#2622=DIRECTION('center_axis',(-2.71733909024855E-31,-1.,4.86078508437217E-16));
#2623=DIRECTION('ref_axis',(0.87777662493294,-2.32865697911911E-16,-0.479070137580435));
#2624=DIRECTION('center_axis',(1.14053785234678E-47,-4.86078508437217E-16,
-1.));
#2625=DIRECTION('ref_axis',(0.999657324975557,0.0261769483078732,1.1572016046848E-17));
#2626=DIRECTION('',(1.14053785234678E-47,-4.86078508437217E-16,-1.));
#2627=DIRECTION('center_axis',(0.998629534754574,-0.0523359562429438,2.54393835482056E-17));
#2628=DIRECTION('ref_axis',(2.54393835482056E-17,9.71490863172072E-16,1.));
#2629=DIRECTION('',(-0.0523359562429438,-0.998629534754574,9.71490863172072E-16));
#2630=DIRECTION('center_axis',(-5.80373453345182E-31,-1.,9.72157016874434E-16));
#2631=DIRECTION('ref_axis',(-0.877776624932963,-4.6573139582378E-16,-0.479070137580394));
#2632=DIRECTION('center_axis',(-1.42214539724491E-32,-0.0523359562429448,
-0.998629534754574));
#2633=DIRECTION('ref_axis',(1.,-5.75476091098382E-31,1.59184532370591E-32));
#2634=DIRECTION('',(-1.,5.75892930466351E-31,-1.5940298862652E-32));
#2635=DIRECTION('center_axis',(-5.80373453345182E-31,-1.,9.72157016874434E-16));
#2636=DIRECTION('ref_axis',(0.877776624932941,-4.6573139582382E-16,-0.479070137580434));
#2637=DIRECTION('',(-0.0523359562429438,0.998629534754574,-9.71490863172072E-16));
#2638=DIRECTION('center_axis',(-0.998629534754574,-0.0523359562429438,2.54393835482056E-17));
#2639=DIRECTION('ref_axis',(2.54393835482056E-17,-9.71490863172072E-16,
-1.));
#2640=DIRECTION('',(-2.54742951844076E-17,9.72157016874434E-16,1.));
#2641=DIRECTION('center_axis',(-2.68523798137154E-46,-9.72157016874434E-16,
-1.));
#2642=DIRECTION('ref_axis',(-0.707106781186553,0.707106781186543,-6.87418819009993E-16));
#2643=DIRECTION('',(2.68523798137154E-46,9.72157016874434E-16,1.));
#2644=DIRECTION('',(2.68523798137154E-46,9.72157016874434E-16,1.));
#2645=DIRECTION('center_axis',(-2.68523798137154E-46,-9.72157016874434E-16,
-1.));
#2646=DIRECTION('ref_axis',(-0.707106781186553,0.707106781186543,-6.87418819009993E-16));
#2647=DIRECTION('',(-2.68523798137154E-46,-9.72157016874434E-16,-1.));
#2648=DIRECTION('center_axis',(5.75892930466351E-31,1.,-9.72157016874434E-16));
#2649=DIRECTION('ref_axis',(1.,-5.75892930466351E-31,2.91334555184089E-46));
#2650=DIRECTION('',(2.54742951844076E-17,-9.72157016874434E-16,-1.));
#2651=DIRECTION('center_axis',(5.75892930466351E-31,1.,-9.72157016874434E-16));
#2652=DIRECTION('ref_axis',(1.,-5.75892930466351E-31,2.91334555184089E-46));
#2653=DIRECTION('',(1.,-5.75892930466351E-31,1.5940298862652E-32));
#2654=DIRECTION('center_axis',(-5.75892930466351E-31,-1.,9.72157016874434E-16));
#2655=DIRECTION('ref_axis',(0.999999577676635,-8.93457547091556E-19,-0.000919046544521707));
#2656=DIRECTION('',(-1.,5.75892930466351E-31,-2.91334555184089E-46));
#2657=DIRECTION('center_axis',(-2.54742951844076E-17,9.72157016874434E-16,
1.));
#2658=DIRECTION('ref_axis',(0.688354575693745,0.725374371012296,-7.05177784640483E-16));
#2659=DIRECTION('center_axis',(1.,-5.75892930466351E-31,1.5940298862652E-32));
#2660=DIRECTION('ref_axis',(4.00717739613305E-31,0.725374371012288,0.688354575693754));
#2661=DIRECTION('center_axis',(5.75892930466351E-31,1.,-9.72157016874434E-16));
#2662=DIRECTION('ref_axis',(0.,0.,-1.));
#2663=DIRECTION('center_axis',(2.68523798137154E-46,9.72157016874434E-16,
1.));
#2664=DIRECTION('ref_axis',(-1.,5.75892930466351E-31,-2.91334555184089E-46));
#2665=DIRECTION('center_axis',(2.68523798137154E-46,9.72157016874434E-16,
1.));
#2666=DIRECTION('ref_axis',(-1.,5.75892930466351E-31,-2.91334555184089E-46));
#2667=DIRECTION('',(0.707106781186549,7.74014424633545E-16,0.707106781186546));
#2668=DIRECTION('center_axis',(-2.68523798137154E-46,-9.72157016874434E-16,
-1.));
#2669=DIRECTION('ref_axis',(-1.,5.75892930466351E-31,-2.91334555184089E-46));
#2670=DIRECTION('center_axis',(-2.68523798137154E-46,-9.72157016874434E-16,
-1.));
#2671=DIRECTION('ref_axis',(-1.,5.75892930466351E-31,-2.91334555184089E-46));
#2672=DIRECTION('center_axis',(2.68523798137154E-46,9.72157016874434E-16,
1.));
#2673=DIRECTION('ref_axis',(-1.,5.75892930466351E-31,-2.91334555184089E-46));
#2674=DIRECTION('',(-2.68523798137154E-46,-9.72157016874434E-16,-1.));
#2675=DIRECTION('center_axis',(-2.68523798137154E-46,-9.72157016874434E-16,
-1.));
#2676=DIRECTION('ref_axis',(-1.,5.75892930466351E-31,-2.91334555184089E-46));
#2677=DIRECTION('center_axis',(2.68523798137154E-46,9.72157016874434E-16,
1.));
#2678=DIRECTION('ref_axis',(-1.,5.80373453345182E-31,-2.95690326940012E-46));
#2679=DIRECTION('center_axis',(2.68523798137154E-46,9.72157016874434E-16,
1.));
#2680=DIRECTION('ref_axis',(-1.,5.80373453345182E-31,-2.95690326940012E-46));
#2681=DIRECTION('',(0.707106781186549,7.74014424633545E-16,0.707106781186546));
#2682=DIRECTION('center_axis',(-2.68523798137154E-46,-9.72157016874434E-16,
-1.));
#2683=DIRECTION('ref_axis',(-1.,5.80373453345182E-31,-2.95690326940012E-46));
#2684=DIRECTION('center_axis',(2.68523798137154E-46,9.72157016874434E-16,
1.));
#2685=DIRECTION('ref_axis',(-1.,5.80373453345182E-31,-2.95690326940012E-46));
#2686=DIRECTION('',(-2.68523798137154E-46,-9.72157016874434E-16,-1.));
#2687=DIRECTION('center_axis',(-2.68523798137154E-46,-9.72157016874434E-16,
-1.));
#2688=DIRECTION('ref_axis',(-1.,5.80373453345182E-31,-2.95690326940012E-46));
#2689=DIRECTION('center_axis',(2.68523798137154E-46,9.72157016874434E-16,
1.));
#2690=DIRECTION('ref_axis',(-1.,5.80373453345182E-31,-2.95690326940012E-46));
#2691=DIRECTION('center_axis',(2.68523798137154E-46,9.72157016874434E-16,
1.));
#2692=DIRECTION('ref_axis',(-1.,5.80373453345182E-31,-2.95690326940012E-46));
#2693=DIRECTION('',(0.707106781186549,7.74014424633545E-16,0.707106781186546));
#2694=DIRECTION('center_axis',(-2.68523798137154E-46,-9.72157016874434E-16,
-1.));
#2695=DIRECTION('ref_axis',(-1.,5.80373453345182E-31,-2.95690326940012E-46));
#2696=DIRECTION('center_axis',(2.68523798137154E-46,9.72157016874434E-16,
1.));
#2697=DIRECTION('ref_axis',(-1.,5.80373453345182E-31,-2.95690326940012E-46));
#2698=DIRECTION('',(-2.68523798137154E-46,-9.72157016874434E-16,-1.));
#2699=DIRECTION('center_axis',(-2.68523798137154E-46,-9.72157016874434E-16,
-1.));
#2700=DIRECTION('ref_axis',(-1.,5.80373453345182E-31,-2.95690326940012E-46));
#2701=DIRECTION('center_axis',(1.14053785234676E-47,-4.86078508437218E-16,
-1.));
#2702=DIRECTION('ref_axis',(-0.999657324975557,-0.0261769483078731,0.));
#2703=DIRECTION('',(1.14053785234676E-47,-4.86078508437218E-16,-1.));
#2704=DIRECTION('center_axis',(0.,0.,1.));
#2705=DIRECTION('ref_axis',(-1.,0.,0.));
#2706=DIRECTION('',(-1.14053785234676E-47,4.86078508437218E-16,1.));
#2707=DIRECTION('center_axis',(-2.80694954782518E-31,-1.,4.86078508437218E-16));
#2708=DIRECTION('ref_axis',(-0.877776624932963,-2.3286569791189E-16,-0.479070137580393));
#2709=DIRECTION('center_axis',(2.80694954782518E-31,1.,-4.86078508437218E-16));
#2710=DIRECTION('ref_axis',(-0.877776624932962,0.,-0.479070137580395));
#2711=DIRECTION('center_axis',(-1.,2.80694954782518E-31,0.));
#2712=DIRECTION('ref_axis',(0.,-0.0261769483078731,0.999657324975557));
#2713=DIRECTION('',(-1.,2.80694954782518E-31,0.));
#2714=DIRECTION('',(1.,-2.80694954782518E-31,0.));
#2715=DIRECTION('',(-1.,2.80694954782518E-31,0.));
#2716=DIRECTION('center_axis',(-2.80694954782518E-31,-1.,4.86078508437218E-16));
#2717=DIRECTION('ref_axis',(0.87777662493294,-2.32865697911911E-16,-0.479070137580435));
#2718=DIRECTION('center_axis',(2.80694954782518E-31,1.,-4.86078508437218E-16));
#2719=DIRECTION('ref_axis',(0.877776624932939,0.,-0.479070137580437));
#2720=DIRECTION('center_axis',(-0.998629534754574,-0.0523359562429438,2.54393835482056E-17));
#2721=DIRECTION('ref_axis',(2.54393835482056E-17,6.6615370236219E-19,1.));
#2722=DIRECTION('',(-0.0523359562429438,0.998629534754574,6.66153702361454E-19));
#2723=DIRECTION('',(-2.54742951844076E-17,-3.94430452610506E-31,-1.));
#2724=DIRECTION('center_axis',(-2.794458953781E-32,1.,-3.94430452610506E-31));
#2725=DIRECTION('ref_axis',(-0.877776624932963,-1.41719888398509E-31,-0.479070137580394));
#2726=DIRECTION('center_axis',(-1.4690438871113E-32,-0.0523359562429438,
0.998629534754574));
#2727=DIRECTION('ref_axis',(1.,2.30472272910098E-32,1.59184532370588E-32));
#2728=DIRECTION('',(-1.,-2.34640666589782E-32,-1.59402988626517E-32));
#2729=DIRECTION('center_axis',(-2.794458953781E-32,1.,-3.94430452610506E-31));
#2730=DIRECTION('ref_axis',(0.877776624932941,-1.41719888398521E-31,-0.479070137580434));
#2731=DIRECTION('center_axis',(-1.,-2.34640666589782E-32,0.));
#2732=DIRECTION('ref_axis',(0.,0.,1.));
#2733=DIRECTION('',(-5.75892930466351E-31,-1.,9.72157016874434E-16));
#2734=DIRECTION('center_axis',(-2.34640666589782E-32,1.,-3.94430452610506E-31));
#2735=DIRECTION('ref_axis',(1.,2.34640666589782E-32,-9.25494243238386E-63));
#2736=DIRECTION('',(-1.,-2.34640666589782E-32,9.25494243238386E-63));
#2737=DIRECTION('',(1.,2.34640666589782E-32,1.59402988626517E-32));
#2738=DIRECTION('center_axis',(-1.61928160408021E-78,-3.94430452610506E-31,
-1.));
#2739=DIRECTION('ref_axis',(-1.,-2.34640666589782E-32,9.25494243238386E-63));
#2740=DIRECTION('',(-5.83144440917008E-31,-1.,9.72157016874434E-16));
#2741=DIRECTION('center_axis',(0.,0.,1.));
#2742=DIRECTION('ref_axis',(-1.,-2.34640666589782E-32,0.));
#2743=DIRECTION('center_axis',(0.,0.,1.));
#2744=DIRECTION('ref_axis',(-1.,-2.794458953781E-32,0.));
#2745=DIRECTION('center_axis',(0.,0.,1.));
#2746=DIRECTION('ref_axis',(-1.,-2.794458953781E-32,0.));
#2747=DIRECTION('center_axis',(-1.,-3.07155771096356E-32,1.21151589815465E-62));
#2748=DIRECTION('ref_axis',(1.61928160408021E-78,3.94430452610506E-31,1.));
#2749=DIRECTION('center_axis',(-1.,-2.34640666589782E-32,-1.59402988626517E-32));
#2750=DIRECTION('ref_axis',(0.,-0.725374371012287,0.688354575693755));
#2751=DIRECTION('center_axis',(-2.54742951844076E-17,-3.94430452610506E-31,
-1.));
#2752=DIRECTION('ref_axis',(-0.688354575693745,-0.725374371012296,0.));
#2753=DIRECTION('center_axis',(-2.794458953781E-32,1.,0.));
#2754=DIRECTION('ref_axis',(-0.877776624932963,0.,-0.479070137580394));
#2755=DIRECTION('',(-2.794458953781E-32,1.,0.));
#2756=DIRECTION('center_axis',(-2.794458953781E-32,1.,0.));
#2757=DIRECTION('ref_axis',(1.,2.794458953781E-32,0.));
#2758=DIRECTION('center_axis',(0.,0.,1.));
#2759=DIRECTION('ref_axis',(1.,2.34640666589782E-32,0.));
#2760=DIRECTION('',(-5.75892930466351E-31,-1.,9.72157016874434E-16));
#2761=DIRECTION('center_axis',(0.,0.,1.));
#2762=DIRECTION('ref_axis',(-1.,-2.34640666589782E-32,0.));
#2763=DIRECTION('center_axis',(0.,0.,1.));
#2764=DIRECTION('ref_axis',(-1.,-2.34640666589782E-32,0.));
#2765=DIRECTION('center_axis',(0.,0.,1.));
#2766=DIRECTION('ref_axis',(-1.,-2.794458953781E-32,0.));
#2767=DIRECTION('center_axis',(0.,0.,1.));
#2768=DIRECTION('ref_axis',(-1.,-2.794458953781E-32,0.));
#2769=DIRECTION('center_axis',(0.,0.,1.));
#2770=DIRECTION('ref_axis',(-1.,-2.34640666589782E-32,0.));
#2771=DIRECTION('center_axis',(0.,0.,-1.));
#2772=DIRECTION('ref_axis',(-1.,-2.34640666589782E-32,0.));
#2773=DIRECTION('',(0.707106781186549,-8.65956056235495E-17,0.707106781186546));
#2774=DIRECTION('center_axis',(0.,0.,-1.));
#2775=DIRECTION('ref_axis',(-1.,-2.34640666589782E-32,0.));
#2776=DIRECTION('',(0.,0.,-1.));
#2777=DIRECTION('center_axis',(0.,0.,1.));
#2778=DIRECTION('ref_axis',(-1.,-2.794458953781E-32,0.));
#2779=DIRECTION('center_axis',(0.,0.,-1.));
#2780=DIRECTION('ref_axis',(-1.,-2.794458953781E-32,0.));
#2781=DIRECTION('',(0.707106781186549,-8.65956056235495E-17,0.707106781186546));
#2782=DIRECTION('center_axis',(0.,0.,-1.));
#2783=DIRECTION('ref_axis',(-1.,-2.794458953781E-32,0.));
#2784=DIRECTION('',(0.,0.,-1.));
#2785=DIRECTION('center_axis',(0.,0.,1.));
#2786=DIRECTION('ref_axis',(-1.,-2.794458953781E-32,0.));
#2787=DIRECTION('center_axis',(0.,0.,-1.));
#2788=DIRECTION('ref_axis',(-1.,-2.794458953781E-32,0.));
#2789=DIRECTION('',(0.707106781186549,-8.65956056235495E-17,0.707106781186546));
#2790=DIRECTION('center_axis',(0.,0.,-1.));
#2791=DIRECTION('ref_axis',(-1.,-2.794458953781E-32,0.));
#2792=DIRECTION('',(0.,0.,-1.));
#2793=DIRECTION('center_axis',(-2.34640666589782E-32,1.,0.));
#2794=DIRECTION('ref_axis',(-0.707106781186546,-1.65916006487766E-32,-0.707106781186549));
#2795=DIRECTION('center_axis',(-2.794458953781E-32,1.,0.));
#2796=DIRECTION('ref_axis',(0.877776624932941,0.,-0.479070137580434));
#2797=CARTESIAN_POINT('',(0.,0.,0.));
#2798=CARTESIAN_POINT('Ctrl Pts',(-131.64808844748,250.,38.7841291807423));
#2799=CARTESIAN_POINT('Ctrl Pts',(-131.646478361246,250.,38.7855825609865));
#2800=CARTESIAN_POINT('Ctrl Pts',(-131.644869592763,249.999994234358,38.7870355760584));
#2801=CARTESIAN_POINT('Ctrl Pts',(-131.495895619192,249.998624196798,38.9215831066308));
#2802=CARTESIAN_POINT('Ctrl Pts',(-131.280391947687,249.909278360201,39.1243595088227));
#2803=CARTESIAN_POINT('Ctrl Pts',(-131.008460860962,249.57295852803,39.3966151817862));
#2804=CARTESIAN_POINT('Ctrl Pts',(-130.920871297819,249.264916187925,39.4902778930673));
#2805=CARTESIAN_POINT('Ctrl Pts',(-130.91302535933,249.052335956242,39.4986038953605));
#2806=CARTESIAN_POINT('Ctrl Pts',(-131.64808844748,250.,38.7841291807423));
#2807=CARTESIAN_POINT('Ctrl Pts',(-131.646332569445,250.000002230996,38.7853254826145));
#2808=CARTESIAN_POINT('Ctrl Pts',(-131.644568210758,249.999994046112,38.7865294057031));
#2809=CARTESIAN_POINT('Ctrl Pts',(-131.482058546003,249.998443885411,38.8971469628278));
#2810=CARTESIAN_POINT('Ctrl Pts',(-131.243110124673,249.921875878365,39.0623872272776));
#2811=CARTESIAN_POINT('Ctrl Pts',(-130.90804250486,249.613448135482,39.3038648622889));
#2812=CARTESIAN_POINT('Ctrl Pts',(-130.776265878792,249.29335935319,39.4031131761466));
#2813=CARTESIAN_POINT('Ctrl Pts',(-130.76467683216,249.057429809702,39.4120887636653));
#2814=CARTESIAN_POINT('Ctrl Pts',(-131.64808844748,250.,38.7841291807423));
#2815=CARTESIAN_POINT('Ctrl Pts',(-131.64618433793,250.000002230996,38.7850718257674));
#2816=CARTESIAN_POINT('Ctrl Pts',(-131.644269399687,249.999994046112,38.7860181223909));
#2817=CARTESIAN_POINT('Ctrl Pts',(-131.468129224842,249.998443885412,38.8733099548515));
#2818=CARTESIAN_POINT('Ctrl Pts',(-131.206817629986,249.921875878365,39.0002601428396));
#2819=CARTESIAN_POINT('Ctrl Pts',(-130.831750542414,249.613448135482,39.1731603653303));
#2820=CARTESIAN_POINT('Ctrl Pts',(-130.680462913085,249.29335935319,39.2389258035391));
#2821=CARTESIAN_POINT('Ctrl Pts',(-130.666943345073,249.057429809702,39.2445870265338));
#2822=CARTESIAN_POINT('Ctrl Pts',(-131.64808844748,250.,38.7841291807423));
#2823=CARTESIAN_POINT('Ctrl Pts',(-131.646031908024,250.,38.784818627835));
#2824=CARTESIAN_POINT('Ctrl Pts',(-131.643976329871,249.999994234358,38.785507090585));
#2825=CARTESIAN_POINT('Ctrl Pts',(-131.453630230401,249.998624196799,38.849261471911));
#2826=CARTESIAN_POINT('Ctrl Pts',(-131.171147187078,249.909278360202,38.9373420443379));
#2827=CARTESIAN_POINT('Ctrl Pts',(-130.800370154609,249.57295852803,39.0401064424298));
#2828=CARTESIAN_POINT('Ctrl Pts',(-130.675728234065,249.264916187925,39.0701463803677));
#2829=CARTESIAN_POINT('Ctrl Pts',(-130.664619205104,249.052335956242,39.0728699572036));
#2830=CARTESIAN_POINT('',(-130.91302535933,249.052335956242,39.4986038953605));
#2831=CARTESIAN_POINT('',(-130.664619205104,249.052335956242,39.0728699572036));
#2832=CARTESIAN_POINT('Origin',(-131.163898145661,249.026167978121,39.0668886165022));
#2833=CARTESIAN_POINT('',(-131.64808844748,249.999999999999,38.7841291807423));
#2834=CARTESIAN_POINT('Ctrl Pts',(-130.664619205104,249.052335956242,39.0728699572036));
#2835=CARTESIAN_POINT('Ctrl Pts',(-130.675728234065,249.264916187925,39.0701463803677));
#2836=CARTESIAN_POINT('Ctrl Pts',(-130.800370154609,249.57295852803,39.0401064424298));
#2837=CARTESIAN_POINT('Ctrl Pts',(-131.171147187078,249.909278360202,38.9373420443379));
#2838=CARTESIAN_POINT('Ctrl Pts',(-131.453630230401,249.998624196799,38.849261471911));
#2839=CARTESIAN_POINT('Ctrl Pts',(-131.643976329871,249.999994234358,38.785507090585));
#2840=CARTESIAN_POINT('Ctrl Pts',(-131.646031908024,250.,38.784818627835));
#2841=CARTESIAN_POINT('Ctrl Pts',(-131.64808844748,250.,38.7841291807423));
#2842=CARTESIAN_POINT('Ctrl Pts',(-131.64808844748,250.,38.7841291807423));
#2843=CARTESIAN_POINT('Ctrl Pts',(-131.646478361246,250.,38.7855825609865));
#2844=CARTESIAN_POINT('Ctrl Pts',(-131.644869592763,249.999994234358,38.7870355760584));
#2845=CARTESIAN_POINT('Ctrl Pts',(-131.495895619192,249.998624196798,38.9215831066308));
#2846=CARTESIAN_POINT('Ctrl Pts',(-131.280391947687,249.909278360201,39.1243595088227));
#2847=CARTESIAN_POINT('Ctrl Pts',(-131.008460860962,249.57295852803,39.3966151817862));
#2848=CARTESIAN_POINT('Ctrl Pts',(-130.920871297819,249.264916187925,39.4902778930673));
#2849=CARTESIAN_POINT('Ctrl Pts',(-130.91302535933,249.052335956242,39.4986038953605));
#2850=CARTESIAN_POINT('Ctrl Pts',(-130.564357672217,247.138004160851,39.1206132084565));
#2851=CARTESIAN_POINT('Ctrl Pts',(-130.597951581719,247.776099887218,39.1047360682539));
#2852=CARTESIAN_POINT('Ctrl Pts',(-130.631365195409,248.414211254818,39.0888206446204));
#2853=CARTESIAN_POINT('Ctrl Pts',(-130.664619205104,249.052335956242,39.0728699572036));
#2854=CARTESIAN_POINT('Ctrl Pts',(-130.563551390863,247.141187220784,39.2227879615178));
#2855=CARTESIAN_POINT('Ctrl Pts',(-130.597938494347,247.779184166641,39.2055059142254));
#2856=CARTESIAN_POINT('Ctrl Pts',(-130.632022923144,248.417207526977,39.1882489378979));
#2857=CARTESIAN_POINT('Ctrl Pts',(-130.665947285086,249.055246729648,39.1709939968209));
#2858=CARTESIAN_POINT('Ctrl Pts',(-130.618771874619,247.143776059509,39.4016954997545));
#2859=CARTESIAN_POINT('Ctrl Pts',(-130.652876088349,247.781689564219,39.3815570869814));
#2860=CARTESIAN_POINT('Ctrl Pts',(-130.686737056312,248.419631792757,39.3615741291063));
#2861=CARTESIAN_POINT('Ctrl Pts',(-130.720365433624,249.057599393234,39.341729289022));
#2862=CARTESIAN_POINT('Ctrl Pts',(-130.754951500885,247.1403914558,39.5250787608401));
#2863=CARTESIAN_POINT('Ctrl Pts',(-130.786565885689,247.778413947767,39.5037074352675));
#2864=CARTESIAN_POINT('Ctrl Pts',(-130.81806059843,248.416457778778,39.4825399417249));
#2865=CARTESIAN_POINT('Ctrl Pts',(-130.849447419114,249.054519036297,39.4615259817768));
#2866=CARTESIAN_POINT('Ctrl Pts',(-130.82194744158,247.138004160851,39.5622839983419));
#2867=CARTESIAN_POINT('Ctrl Pts',(-130.852367786334,247.776099887218,39.5408954123965));
#2868=CARTESIAN_POINT('Ctrl Pts',(-130.882724135991,248.414211254818,39.5196749144855));
#2869=CARTESIAN_POINT('Ctrl Pts',(-130.91302535933,249.052335956242,39.4986038953605));
#2870=CARTESIAN_POINT('',(-130.82194744158,247.138004160851,39.5622839983419));
#2871=CARTESIAN_POINT('Ctrl Pts',(-130.91302535933,249.052335956242,39.4986038953605));
#2872=CARTESIAN_POINT('Ctrl Pts',(-130.882724135991,248.414211254818,39.5196749144855));
#2873=CARTESIAN_POINT('Ctrl Pts',(-130.852367786334,247.776099887218,39.5408954123965));
#2874=CARTESIAN_POINT('Ctrl Pts',(-130.82194744158,247.138004160851,39.5622839983419));
#2875=CARTESIAN_POINT('',(-130.564357672217,247.138004160851,39.1206132084565));
#2876=CARTESIAN_POINT('Origin',(-131.063649795862,247.111836182729,39.1253684357268));
#2877=CARTESIAN_POINT('Ctrl Pts',(-130.564357672217,247.138004160851,39.1206132084565));
#2878=CARTESIAN_POINT('Ctrl Pts',(-130.597951581719,247.776099887218,39.1047360682539));
#2879=CARTESIAN_POINT('Ctrl Pts',(-130.631365195409,248.414211254818,39.0888206446204));
#2880=CARTESIAN_POINT('Ctrl Pts',(-130.664619205104,249.052335956242,39.0728699572036));
#2881=CARTESIAN_POINT('Ctrl Pts',(-130.397596646798,240.857689411697,39.1980185528426));
#2882=CARTESIAN_POINT('Ctrl Pts',(-130.397596646798,242.952447337627,39.1980185528426));
#2883=CARTESIAN_POINT('Ctrl Pts',(-130.454281468388,245.04713411735,39.1724172558941));
#2884=CARTESIAN_POINT('Ctrl Pts',(-130.564357672217,247.138004160851,39.1206132084565));
#2885=CARTESIAN_POINT('Ctrl Pts',(-130.392213648517,240.857689411697,39.3077228792733));
#2886=CARTESIAN_POINT('Ctrl Pts',(-130.392213648517,242.95370426302,39.3077228792733));
#2887=CARTESIAN_POINT('Ctrl Pts',(-130.45077290332,245.04957975598,39.2793124183117));
#2888=CARTESIAN_POINT('Ctrl Pts',(-130.563551390863,247.141187220784,39.2227879615178));
#2889=CARTESIAN_POINT('Ctrl Pts',(-130.448526600834,240.857689411697,39.5023037452698));
#2890=CARTESIAN_POINT('Ctrl Pts',(-130.448526600834,242.954718856115,39.5023037452698));
#2891=CARTESIAN_POINT('Ctrl Pts',(-130.506893214788,245.051594101455,39.4677764371302));
#2892=CARTESIAN_POINT('Ctrl Pts',(-130.618771858132,247.143776060715,39.4016955107471));
#2893=CARTESIAN_POINT('Ctrl Pts',(-130.598521240671,240.857689411697,39.6320338030149));
#2894=CARTESIAN_POINT('Ctrl Pts',(-130.598521240671,242.953383492848,39.6320338030149));
#2895=CARTESIAN_POINT('Ctrl Pts',(-130.651440296401,245.048970294345,39.5952381663559));
#2896=CARTESIAN_POINT('Ctrl Pts',(-130.754951500885,247.1403914558,39.5250787608401));
#2897=CARTESIAN_POINT('Ctrl Pts',(-130.672094669577,240.857689411697,39.6690872712389));
#2898=CARTESIAN_POINT('Ctrl Pts',(-130.672094669577,242.952447337627,39.6690872712389));
#2899=CARTESIAN_POINT('Ctrl Pts',(-130.722462377393,245.04713411735,39.6324762046797));
#2900=CARTESIAN_POINT('Ctrl Pts',(-130.82194744158,247.138004160851,39.5622839983419));
#2901=CARTESIAN_POINT('',(-130.672094669577,240.857689411697,39.6690872712389));
#2902=CARTESIAN_POINT('Ctrl Pts',(-130.82194744158,247.138004160851,39.5622839983419));
#2903=CARTESIAN_POINT('Ctrl Pts',(-130.722462377393,245.04713411735,39.6324762046797));
#2904=CARTESIAN_POINT('Ctrl Pts',(-130.672094669577,242.952447337627,39.6690872712389));
#2905=CARTESIAN_POINT('Ctrl Pts',(-130.672094669577,240.857689411697,39.6690872712389));
#2906=CARTESIAN_POINT('',(-130.397596646798,240.857689411697,39.1980185528426));
#2907=CARTESIAN_POINT('Origin',(-130.896995808498,240.857689411697,39.2225231910533));
#2908=CARTESIAN_POINT('Ctrl Pts',(-130.397596646798,240.857689411697,39.1980185528426));
#2909=CARTESIAN_POINT('Ctrl Pts',(-130.397596646798,242.952447337627,39.1980185528426));
#2910=CARTESIAN_POINT('Ctrl Pts',(-130.454281468388,245.04713411735,39.1724172558941));
#2911=CARTESIAN_POINT('Ctrl Pts',(-130.564357672217,247.138004160851,39.1206132084565));
#2912=CARTESIAN_POINT('Origin',(-130.896995808498,-1.66562597977151E-30,
39.2225231910534));
#2913=CARTESIAN_POINT('',(-130.672094669577,9.14231058830202,39.669087271239));
#2914=CARTESIAN_POINT('',(-130.672094669577,-2.5767557056312E-32,39.669087271239));
#2915=CARTESIAN_POINT('',(-130.397596646798,9.14231058830202,39.1980185528427));
#2916=CARTESIAN_POINT('Origin',(-130.896995808498,9.14231058830202,39.2225231910534));
#2917=CARTESIAN_POINT('',(-130.397596646798,-1.65390804455196E-30,39.1980185528427));
#2918=CARTESIAN_POINT('Ctrl Pts',(-130.564357672217,2.86199583914879,39.1206132084566));
#2919=CARTESIAN_POINT('Ctrl Pts',(-130.454281468388,4.95286588264968,39.1724172558942));
#2920=CARTESIAN_POINT('Ctrl Pts',(-130.397596646798,7.04755266237291,39.1980185528427));
#2921=CARTESIAN_POINT('Ctrl Pts',(-130.397596646798,9.14231058830204,39.1980185528427));
#2922=CARTESIAN_POINT('Ctrl Pts',(-130.563551390863,2.85881277921579,39.2227879615179));
#2923=CARTESIAN_POINT('Ctrl Pts',(-130.45077290332,4.95042024401988,39.2793124183118));
#2924=CARTESIAN_POINT('Ctrl Pts',(-130.392213648517,7.04629573697955,39.3077228792734));
#2925=CARTESIAN_POINT('Ctrl Pts',(-130.392213648517,9.14231058830204,39.3077228792734));
#2926=CARTESIAN_POINT('Ctrl Pts',(-130.618767291926,2.85622360504972,39.4016985553335));
#2927=CARTESIAN_POINT('Ctrl Pts',(-130.506888648582,4.94840556430958,39.4677794817165));
#2928=CARTESIAN_POINT('Ctrl Pts',(-130.448520565272,7.04528114388405,39.502307806728));
#2929=CARTESIAN_POINT('Ctrl Pts',(-130.448520565272,9.14231058830204,39.502307806728));
#2930=CARTESIAN_POINT('Ctrl Pts',(-130.754951500885,2.85960854419904,39.5250787608402));
#2931=CARTESIAN_POINT('Ctrl Pts',(-130.651440296401,4.9510297056541,39.5952381663561));
#2932=CARTESIAN_POINT('Ctrl Pts',(-130.598521240671,7.04661650715153,39.632033803015));
#2933=CARTESIAN_POINT('Ctrl Pts',(-130.598521240671,9.14231058830204,39.632033803015));
#2934=CARTESIAN_POINT('Ctrl Pts',(-130.82194744158,2.86199583914879,39.562283998342));
#2935=CARTESIAN_POINT('Ctrl Pts',(-130.722462377393,4.95286588264972,39.6324762046798));
#2936=CARTESIAN_POINT('Ctrl Pts',(-130.672094669577,7.04755266237289,39.669087271239));
#2937=CARTESIAN_POINT('Ctrl Pts',(-130.672094669577,9.14231058830204,39.669087271239));
#2938=CARTESIAN_POINT('',(-130.82194744158,2.86199583914877,39.562283998342));
#2939=CARTESIAN_POINT('Ctrl Pts',(-130.672094669577,9.14231058830204,39.669087271239));
#2940=CARTESIAN_POINT('Ctrl Pts',(-130.672094669577,7.04755266237289,39.669087271239));
#2941=CARTESIAN_POINT('Ctrl Pts',(-130.722462377393,4.95286588264972,39.6324762046798));
#2942=CARTESIAN_POINT('Ctrl Pts',(-130.82194744158,2.86199583914879,39.562283998342));
#2943=CARTESIAN_POINT('',(-130.564357672217,2.86199583914879,39.1206132084566));
#2944=CARTESIAN_POINT('Origin',(-131.063649795862,2.88816381727027,39.1253684357269));
#2945=CARTESIAN_POINT('Ctrl Pts',(-130.564357672217,2.86199583914879,39.1206132084566));
#2946=CARTESIAN_POINT('Ctrl Pts',(-130.454281468388,4.95286588264968,39.1724172558942));
#2947=CARTESIAN_POINT('Ctrl Pts',(-130.397596646798,7.04755266237291,39.1980185528427));
#2948=CARTESIAN_POINT('Ctrl Pts',(-130.397596646798,9.14231058830204,39.1980185528427));
#2949=CARTESIAN_POINT('Ctrl Pts',(-130.664619205104,0.947664043757017,39.0728699572037));
#2950=CARTESIAN_POINT('Ctrl Pts',(-130.631365195409,1.5857887451817,39.0888206446205));
#2951=CARTESIAN_POINT('Ctrl Pts',(-130.597951581719,2.22390011278157,39.104736068254));
#2952=CARTESIAN_POINT('Ctrl Pts',(-130.564357672217,2.86199583914873,39.1206132084566));
#2953=CARTESIAN_POINT('Ctrl Pts',(-130.665947285086,0.944753270351349,39.170993996821));
#2954=CARTESIAN_POINT('Ctrl Pts',(-130.632022923144,1.58279247302206,39.188248937898));
#2955=CARTESIAN_POINT('Ctrl Pts',(-130.597938494347,2.22081583335888,39.2055059142255));
#2956=CARTESIAN_POINT('Ctrl Pts',(-130.563551390863,2.85881277921572,39.2227879615179));
#2957=CARTESIAN_POINT('Ctrl Pts',(-130.720361277185,0.942400306690625,39.3417320465349));
#2958=CARTESIAN_POINT('Ctrl Pts',(-130.686732899873,1.5803679071673,39.3615768866192));
#2959=CARTESIAN_POINT('Ctrl Pts',(-130.652871227456,2.21831007997535,39.3815603280547));
#2960=CARTESIAN_POINT('Ctrl Pts',(-130.618767013726,2.8562235846861,39.4016987408278));
#2961=CARTESIAN_POINT('Ctrl Pts',(-130.849447419114,0.945480963702766,39.461525981777));
#2962=CARTESIAN_POINT('Ctrl Pts',(-130.81806059843,1.58354222122184,39.482539941725));
#2963=CARTESIAN_POINT('Ctrl Pts',(-130.786565885689,2.22158605223213,39.5037074352676));
#2964=CARTESIAN_POINT('Ctrl Pts',(-130.754951500885,2.85960854419897,39.5250787608402));
#2965=CARTESIAN_POINT('Ctrl Pts',(-130.91302535933,0.947664043757017,39.4986038953606));
#2966=CARTESIAN_POINT('Ctrl Pts',(-130.882724135991,1.58578874518169,39.5196749144856));
#2967=CARTESIAN_POINT('Ctrl Pts',(-130.852367786334,2.22390011278157,39.5408954123966));
#2968=CARTESIAN_POINT('Ctrl Pts',(-130.82194744158,2.86199583914873,39.562283998342));
#2969=CARTESIAN_POINT('',(-130.91302535933,0.94766404375702,39.4986038953606));
#2970=CARTESIAN_POINT('Ctrl Pts',(-130.82194744158,2.86199583914873,39.562283998342));
#2971=CARTESIAN_POINT('Ctrl Pts',(-130.852367786334,2.22390011278157,39.5408954123966));
#2972=CARTESIAN_POINT('Ctrl Pts',(-130.882724135991,1.58578874518169,39.5196749144856));
#2973=CARTESIAN_POINT('Ctrl Pts',(-130.91302535933,0.947664043757017,39.4986038953606));
#2974=CARTESIAN_POINT('',(-130.664619205104,0.947664043757018,39.0728699572037));
#2975=CARTESIAN_POINT('Origin',(-131.163898145661,0.973832021878489,39.0668886165024));
#2976=CARTESIAN_POINT('Ctrl Pts',(-130.664619205104,0.947664043757017,39.0728699572037));
#2977=CARTESIAN_POINT('Ctrl Pts',(-130.631365195409,1.5857887451817,39.0888206446205));
#2978=CARTESIAN_POINT('Ctrl Pts',(-130.597951581719,2.22390011278157,39.104736068254));
#2979=CARTESIAN_POINT('Ctrl Pts',(-130.564357672217,2.86199583914873,39.1206132084566));
#2980=CARTESIAN_POINT('Ctrl Pts',(-130.91302535933,0.947664043757023,39.4986038953606));
#2981=CARTESIAN_POINT('Ctrl Pts',(-130.920871297819,0.735083812076304,39.4902778930674));
#2982=CARTESIAN_POINT('Ctrl Pts',(-131.008690982359,0.427905921550007,39.3963993922863));
#2983=CARTESIAN_POINT('Ctrl Pts',(-131.280244141242,0.0903065769448713,
39.1245644483369));
#2984=CARTESIAN_POINT('Ctrl Pts',(-131.495907549831,0.00142985494761441,
38.9215761763782));
#2985=CARTESIAN_POINT('Ctrl Pts',(-131.644869502628,5.36083052285734E-6,
38.787035630056));
#2986=CARTESIAN_POINT('Ctrl Pts',(-131.646478361242,-3.57916810889066E-14,
38.7855825609775));
#2987=CARTESIAN_POINT('Ctrl Pts',(-131.64808844748,-3.58046925441613E-14,
38.7841291807424));
#2988=CARTESIAN_POINT('Ctrl Pts',(-130.76467683216,0.942570190297104,39.4120887636654));
#2989=CARTESIAN_POINT('Ctrl Pts',(-130.776482354307,0.70906431776701,39.403213749895));
#2990=CARTESIAN_POINT('Ctrl Pts',(-130.908720479488,0.387903681889312,39.3034358498681));
#2991=CARTESIAN_POINT('Ctrl Pts',(-131.24376246887,0.0786850733447297,39.0621735551092));
#2992=CARTESIAN_POINT('Ctrl Pts',(-131.481957187155,0.00148980876910024,
38.8973704960928));
#2993=CARTESIAN_POINT('Ctrl Pts',(-131.644570726993,3.07479242991336E-6,
38.7865268627758));
#2994=CARTESIAN_POINT('Ctrl Pts',(-131.646329543503,-3.57939427853842E-14,
38.7853279165921));
#2995=CARTESIAN_POINT('Ctrl Pts',(-131.64808844748,-3.58046925441613E-14,
38.7841291807424));
#2996=CARTESIAN_POINT('Ctrl Pts',(-130.666943345073,0.942570190297103,39.2445870265339));
#2997=CARTESIAN_POINT('Ctrl Pts',(-130.680482108819,0.70906431776701,39.2386864655453));
#2998=CARTESIAN_POINT('Ctrl Pts',(-130.832457453548,0.387903681889312,39.1727813438841));
#2999=CARTESIAN_POINT('Ctrl Pts',(-131.20732442543,0.0786850733447299,38.9997960127089));
#3000=CARTESIAN_POINT('Ctrl Pts',(-131.467884174235,0.00148980876910034,
38.8732896947032));
#3001=CARTESIAN_POINT('Ctrl Pts',(-131.644272857314,3.07479242993642E-6,
38.7860171703839));
#3002=CARTESIAN_POINT('Ctrl Pts',(-131.646180725764,-3.57962044818619E-14,
38.7850732722068));
#3003=CARTESIAN_POINT('Ctrl Pts',(-131.64808844748,-3.58046925441613E-14,
38.7841291807424));
#3004=CARTESIAN_POINT('Ctrl Pts',(-130.664619205104,0.947664043757023,39.0728699572037));
#3005=CARTESIAN_POINT('Ctrl Pts',(-130.675728234065,0.735083812076304,39.0701463803678));
#3006=CARTESIAN_POINT('Ctrl Pts',(-130.800671132596,0.427905921550007,39.0400120317813));
#3007=CARTESIAN_POINT('Ctrl Pts',(-131.170895777812,0.0903065769448723,
38.9373688569996));
#3008=CARTESIAN_POINT('Ctrl Pts',(-131.453642106883,0.00142985494761474,
38.8492544066722));
#3009=CARTESIAN_POINT('Ctrl Pts',(-131.6439762387,5.36083052292629E-6,38.7855071431176));
#3010=CARTESIAN_POINT('Ctrl Pts',(-131.646031908025,-3.57984661783395E-14,
38.7848186278215));
#3011=CARTESIAN_POINT('Ctrl Pts',(-131.64808844748,-3.58046925441613E-14,
38.7841291807424));
#3012=CARTESIAN_POINT('',(-131.64808844748,-3.5527136788005E-14,38.7841291807424));
#3013=CARTESIAN_POINT('Ctrl Pts',(-130.91302535933,0.947664043757023,39.4986038953606));
#3014=CARTESIAN_POINT('Ctrl Pts',(-130.920871297819,0.735083812076304,39.4902778930674));
#3015=CARTESIAN_POINT('Ctrl Pts',(-131.008690982359,0.427905921550007,39.3963993922863));
#3016=CARTESIAN_POINT('Ctrl Pts',(-131.280244141242,0.0903065769448713,
39.1245644483369));
#3017=CARTESIAN_POINT('Ctrl Pts',(-131.495907549831,0.00142985494761441,
38.9215761763782));
#3018=CARTESIAN_POINT('Ctrl Pts',(-131.644869502628,5.36083052285734E-6,
38.787035630056));
#3019=CARTESIAN_POINT('Ctrl Pts',(-131.646478361242,-3.57916810889066E-14,
38.7855825609775));
#3020=CARTESIAN_POINT('Ctrl Pts',(-131.64808844748,-3.58046925441613E-14,
38.7841291807424));
#3021=CARTESIAN_POINT('Ctrl Pts',(-131.64808844748,-3.58046925441613E-14,
38.7841291807424));
#3022=CARTESIAN_POINT('Ctrl Pts',(-131.646031908025,-3.57984661783395E-14,
38.7848186278215));
#3023=CARTESIAN_POINT('Ctrl Pts',(-131.6439762387,5.36083052292629E-6,38.7855071431176));
#3024=CARTESIAN_POINT('Ctrl Pts',(-131.453642106883,0.00142985494761474,
38.8492544066722));
#3025=CARTESIAN_POINT('Ctrl Pts',(-131.170895777812,0.0903065769448723,
38.9373688569996));
#3026=CARTESIAN_POINT('Ctrl Pts',(-130.800671132596,0.427905921550007,39.0400120317813));
#3027=CARTESIAN_POINT('Ctrl Pts',(-130.675728234065,0.735083812076304,39.0701463803678));
#3028=CARTESIAN_POINT('Ctrl Pts',(-130.664619205104,0.947664043757023,39.0728699572037));
#3029=CARTESIAN_POINT('Origin',(-129.75,5.99999999999941,41.5));
#3030=CARTESIAN_POINT('',(-130.947984301179,2.86199583914877,43.3624307328651));
#3031=CARTESIAN_POINT('Origin',(-129.75,2.86199583914875,41.5));
#3032=CARTESIAN_POINT('',(-131.002258956602,0.947664043757021,43.4468081209304));
#3033=CARTESIAN_POINT('',(-130.859016393443,5.99999999999941,43.2241179307332));
#3034=CARTESIAN_POINT('Origin',(-129.75,0.947664043757022,41.5));
#3035=CARTESIAN_POINT('Origin',(-129.75,9.14231058830202,41.5));
#3036=CARTESIAN_POINT('',(-130.859016393443,9.14231058830202,43.2241179307332));
#3037=CARTESIAN_POINT('Origin',(-129.75,9.14231058830202,41.5));
#3038=CARTESIAN_POINT('Origin',(-195.777049180321,9.14231058830202,144.148094363897));
#3039=CARTESIAN_POINT('Origin',(-129.75,-10.,41.5));
#3040=CARTESIAN_POINT('',(-130.859016393443,240.857689411697,43.2241179307331));
#3041=CARTESIAN_POINT('Origin',(-129.75,240.857689411697,41.4999999999999));
#3042=CARTESIAN_POINT('',(-130.859016393443,259.999999999999,43.2241179307331));
#3043=CARTESIAN_POINT('Origin',(-129.75,240.857689411697,41.4999999999999));
#3044=CARTESIAN_POINT('',(-130.947984301179,247.138004160851,43.362430732865));
#3045=CARTESIAN_POINT('Origin',(-129.75,247.138004160851,41.4999999999999));
#3046=CARTESIAN_POINT('Origin',(-195.777049180321,240.857689411698,144.148094363897));
#3047=CARTESIAN_POINT('Origin',(-129.75,244.,41.4999999999999));
#3048=CARTESIAN_POINT('',(-131.002258956602,249.052335956242,43.4468081209303));
#3049=CARTESIAN_POINT('Origin',(-129.75,249.052335956242,41.4999999999999));
#3050=CARTESIAN_POINT('',(-130.859016393443,244.,43.2241179307331));
#3051=CARTESIAN_POINT('Origin',(-129.75,249.,41.4999999999999));
#3052=CARTESIAN_POINT('',(-133.,249.999999999999,40.8548689580009));
#3053=CARTESIAN_POINT('Origin',(-129.75,249.999999999999,41.4999999999999));
#3054=CARTESIAN_POINT('',(-133.,249.999999999999,42.1451310419989));
#3055=CARTESIAN_POINT('Ctrl Pts',(-133.,249.999999999999,40.8548689580008));
#3056=CARTESIAN_POINT('Ctrl Pts',(-133.000562664861,249.999999999999,40.8605933777409));
#3057=CARTESIAN_POINT('Ctrl Pts',(-133.00111791174,249.999999525191,40.8663185201971));
#3058=CARTESIAN_POINT('Ctrl Pts',(-133.021632324609,249.999965353581,41.0807357872764));
#3059=CARTESIAN_POINT('Ctrl Pts',(-133.031705621207,249.999497250413,41.2901456725269));
#3060=CARTESIAN_POINT('Ctrl Pts',(-133.031705621207,249.999497250413,41.7098543274722));
#3061=CARTESIAN_POINT('Ctrl Pts',(-133.021632324609,249.999965353581,41.9192642127187));
#3062=CARTESIAN_POINT('Ctrl Pts',(-133.001117911748,249.999999525191,42.1336814797161));
#3063=CARTESIAN_POINT('Ctrl Pts',(-133.000562664853,249.999999999999,42.1394066223455));
#3064=CARTESIAN_POINT('Ctrl Pts',(-133.000000000001,249.999999999999,42.145131041999));
#3065=CARTESIAN_POINT('',(-131.663411242413,249.999999999999,44.2050973141011));
#3066=CARTESIAN_POINT('Origin',(-129.75,249.999999999999,41.4999999999999));
#3067=CARTESIAN_POINT('Ctrl Pts',(-131.002258956602,249.052335956242,43.4468081209303));
#3068=CARTESIAN_POINT('Ctrl Pts',(-131.006012318051,249.096557929342,43.4471494492084));
#3069=CARTESIAN_POINT('Ctrl Pts',(-131.011361564198,249.140625504453,43.449955187655));
#3070=CARTESIAN_POINT('Ctrl Pts',(-131.018309826758,249.184150843075,43.4551680703882));
#3071=CARTESIAN_POINT('Ctrl Pts',(-131.025257679416,249.227673613988,43.4603806455955));
#3072=CARTESIAN_POINT('Ctrl Pts',(-131.033804368109,249.270653761055,43.4679999734561));
#3073=CARTESIAN_POINT('Ctrl Pts',(-131.043924225323,249.312713060736,43.4779264384008));
#3074=CARTESIAN_POINT('Ctrl Pts',(-131.054043409647,249.354769563808,43.4878522433147));
#3075=CARTESIAN_POINT('Ctrl Pts',(-131.065735526693,249.395904906021,43.5000847222462));
#3076=CARTESIAN_POINT('Ctrl Pts',(-131.07894625564,249.435757146052,43.5144839057438));
#3077=CARTESIAN_POINT('Ctrl Pts',(-131.092156033333,249.475606516475,43.528882052411));
#3078=CARTESIAN_POINT('Ctrl Pts',(-131.1068841429,249.514172556658,43.5454463898016));
#3079=CARTESIAN_POINT('Ctrl Pts',(-131.123048279947,249.55111598077,43.5639992982403));
#3080=CARTESIAN_POINT('Ctrl Pts',(-131.139215449471,249.588066335661,43.5825556873009));
#3081=CARTESIAN_POINT('Ctrl Pts',(-131.156819091134,249.623393081521,43.6031011513849));
#3082=CARTESIAN_POINT('Ctrl Pts',(-131.17575001322,249.65678531399,43.625423607148));
#3083=CARTESIAN_POINT('Ctrl Pts',(-131.194678201197,249.690172723766,43.6477428389776));
#3084=CARTESIAN_POINT('Ctrl Pts',(-131.214933157976,249.721625833503,43.6718382679853));
#3085=CARTESIAN_POINT('Ctrl Pts',(-131.236380580743,249.750867909756,43.6974674857296));
#3086=CARTESIAN_POINT('Ctrl Pts',(-131.257825223183,249.780106195227,43.7230933810432));
#3087=CARTESIAN_POINT('Ctrl Pts',(-131.280461863762,249.807133718245,43.7502523544941));
#3088=CARTESIAN_POINT('Ctrl Pts',(-131.304133252206,249.831712744429,43.7786761417027));
#3089=CARTESIAN_POINT('Ctrl Pts',(-131.327801981841,249.856289009857,43.8070967363049));
#3090=CARTESIAN_POINT('Ctrl Pts',(-131.352505040362,249.878417074677,43.8367815216126));
#3091=CARTESIAN_POINT('Ctrl Pts',(-131.378064826112,249.897902343801,43.8674412717767));
#3092=CARTESIAN_POINT('Ctrl Pts',(-131.403628102291,249.917390273822,43.8981052088177));
#3093=CARTESIAN_POINT('Ctrl Pts',(-131.430048128917,249.934234483334,43.9297440185588));
#3094=CARTESIAN_POINT('Ctrl Pts',(-131.457129802559,249.948286803333,43.9620525333933));
#3095=CARTESIAN_POINT('Ctrl Pts',(-131.48420645172,249.962336516196,43.9943550540075));
#3096=CARTESIAN_POINT('Ctrl Pts',(-131.511944269518,249.973595231397,44.0273266585911));
#3097=CARTESIAN_POINT('Ctrl Pts',(-131.54013417213,249.98196394902,44.0606520235167));
#3098=CARTESIAN_POINT('Ctrl Pts',(-131.568325297005,249.990333029496,44.0939788333683));
#3099=CARTESIAN_POINT('Ctrl Pts',(-131.596968296196,249.99581177474,44.1276590550257));
#3100=CARTESIAN_POINT('Ctrl Pts',(-131.625843589709,249.998352004988,44.1613726407515));
#3101=CARTESIAN_POINT('Ctrl Pts',(-131.638328879191,249.999450366464,44.1759499428682));
#3102=CARTESIAN_POINT('Ctrl Pts',(-131.650857487682,250.,44.1905334571385));
#3103=CARTESIAN_POINT('Ctrl Pts',(-131.663411242413,250.,44.205097314101));
#3104=CARTESIAN_POINT('Origin',(-128.4,248.999999999999,39.0999999999999));
#3105=CARTESIAN_POINT('',(-128.4,249.052335956242,36.8352182923414));
#3106=CARTESIAN_POINT('Origin',(-128.4,249.052335956242,39.0999999999999));
#3107=CARTESIAN_POINT('',(-128.4,249.999999999999,35.8365887575868));
#3108=CARTESIAN_POINT('Origin',(-128.4,248.999999999999,35.8365887575868));
#3109=CARTESIAN_POINT('Origin',(-128.4,249.999999999999,39.0999999999999));
#3110=CARTESIAN_POINT('Ctrl Pts',(-114.351911552521,249.999999999999,38.7841291807425));
#3111=CARTESIAN_POINT('Ctrl Pts',(-114.353967943759,249.999999999999,38.7848185781444));
#3112=CARTESIAN_POINT('Ctrl Pts',(-114.3560233739,249.999994235113,38.7855069913538));
#3113=CARTESIAN_POINT('Ctrl Pts',(-114.546369372736,249.998624307522,38.849261345533));
#3114=CARTESIAN_POINT('Ctrl Pts',(-114.828852537307,249.909278597295,38.9373419658374));
#3115=CARTESIAN_POINT('Ctrl Pts',(-115.199629806641,249.572958765403,39.0401064356121));
#3116=CARTESIAN_POINT('Ctrl Pts',(-115.324271762379,249.264916255976,39.070146379496));
#3117=CARTESIAN_POINT('Ctrl Pts',(-115.335380794897,249.052335956242,39.0728699572037));
#3118=CARTESIAN_POINT('Ctrl Pts',(-114.351911552521,249.999999999999,38.7841291807425));
#3119=CARTESIAN_POINT('Ctrl Pts',(-114.35381552482,250.000002231088,38.7850717575922));
#3120=CARTESIAN_POINT('Ctrl Pts',(-114.355730325209,249.999994046599,38.7860179865672));
#3121=CARTESIAN_POINT('Ctrl Pts',(-114.531870413824,249.99844398355,38.8733097683105));
#3122=CARTESIAN_POINT('Ctrl Pts',(-114.793182106218,249.921876088536,39.0002600082835));
#3123=CARTESIAN_POINT('Ctrl Pts',(-115.168249400955,249.613448373859,39.1731603347711));
#3124=CARTESIAN_POINT('Ctrl Pts',(-115.319537082219,249.293359431622,39.2389258011754));
#3125=CARTESIAN_POINT('Ctrl Pts',(-115.333056654927,249.057429809702,39.2445870265339));
#3126=CARTESIAN_POINT('Ctrl Pts',(-114.351911552521,249.999999999999,38.7841291807425));
#3127=CARTESIAN_POINT('Ctrl Pts',(-114.353667303789,250.000002231088,38.7853253964981));
#3128=CARTESIAN_POINT('Ctrl Pts',(-114.355431535875,249.999994046599,38.7865292326856));
#3129=CARTESIAN_POINT('Ctrl Pts',(-114.517941114049,249.998443983551,38.8971467396245));
#3130=CARTESIAN_POINT('Ctrl Pts',(-114.756889628427,249.921876088536,39.062387063745));
#3131=CARTESIAN_POINT('Ctrl Pts',(-115.09195744061,249.613448373859,39.3038648280918));
#3132=CARTESIAN_POINT('Ctrl Pts',(-115.223734116835,249.293359431622,39.4031131732255));
#3133=CARTESIAN_POINT('Ctrl Pts',(-115.235323167841,249.057429809702,39.4120887636654));
#3134=CARTESIAN_POINT('Ctrl Pts',(-114.351911552521,249.999999999999,38.7841291807425));
#3135=CARTESIAN_POINT('Ctrl Pts',(-114.35352152271,249.999999999999,38.785582456243));
#3136=CARTESIAN_POINT('Ctrl Pts',(-114.355130175383,249.999994235113,38.7870353666748));
#3137=CARTESIAN_POINT('Ctrl Pts',(-114.504104075811,249.998624307523,38.9215828229288));
#3138=CARTESIAN_POINT('Ctrl Pts',(-114.719607848387,249.909278597295,39.1243593074338));
#3139=CARTESIAN_POINT('Ctrl Pts',(-114.991539113953,249.572958765404,39.396615151453));
#3140=CARTESIAN_POINT('Ctrl Pts',(-115.07912869967,249.264916255976,39.4902778904021));
#3141=CARTESIAN_POINT('Ctrl Pts',(-115.08697464067,249.052335956242,39.4986038953606));
#3142=CARTESIAN_POINT('',(-115.335380794897,249.052335956242,39.0728699572037));
#3143=CARTESIAN_POINT('',(-115.08697464067,249.052335956242,39.4986038953606));
#3144=CARTESIAN_POINT('Origin',(-114.836101854339,249.026167978121,39.0668886165024));
#3145=CARTESIAN_POINT('',(-114.351911552521,249.999999999999,38.7841291807425));
#3146=CARTESIAN_POINT('Ctrl Pts',(-115.08697464067,249.052335956242,39.4986038953606));
#3147=CARTESIAN_POINT('Ctrl Pts',(-115.07912869967,249.264916255976,39.4902778904021));
#3148=CARTESIAN_POINT('Ctrl Pts',(-114.991539113953,249.572958765404,39.396615151453));
#3149=CARTESIAN_POINT('Ctrl Pts',(-114.719607848387,249.909278597295,39.1243593074338));
#3150=CARTESIAN_POINT('Ctrl Pts',(-114.504104075811,249.998624307523,38.9215828229288));
#3151=CARTESIAN_POINT('Ctrl Pts',(-114.355130175383,249.999994235113,38.7870353666748));
#3152=CARTESIAN_POINT('Ctrl Pts',(-114.35352152271,249.999999999999,38.785582456243));
#3153=CARTESIAN_POINT('Ctrl Pts',(-114.351911552521,249.999999999999,38.7841291807425));
#3154=CARTESIAN_POINT('Ctrl Pts',(-114.351911552521,249.999999999999,38.7841291807425));
#3155=CARTESIAN_POINT('Ctrl Pts',(-114.353967943759,249.999999999999,38.7848185781444));
#3156=CARTESIAN_POINT('Ctrl Pts',(-114.3560233739,249.999994235113,38.7855069913538));
#3157=CARTESIAN_POINT('Ctrl Pts',(-114.546369372736,249.998624307522,38.849261345533));
#3158=CARTESIAN_POINT('Ctrl Pts',(-114.828852537307,249.909278597295,38.9373419658374));
#3159=CARTESIAN_POINT('Ctrl Pts',(-115.199629806641,249.572958765403,39.0401064356121));
#3160=CARTESIAN_POINT('Ctrl Pts',(-115.324271762379,249.264916255976,39.070146379496));
#3161=CARTESIAN_POINT('Ctrl Pts',(-115.335380794897,249.052335956242,39.0728699572037));
#3162=CARTESIAN_POINT('Ctrl Pts',(-115.335380794897,249.052335956242,39.0728699572038));
#3163=CARTESIAN_POINT('Ctrl Pts',(-115.368634804592,248.414211254818,39.0888206446206));
#3164=CARTESIAN_POINT('Ctrl Pts',(-115.402048418281,247.776099887218,39.104736068254));
#3165=CARTESIAN_POINT('Ctrl Pts',(-115.435642327784,247.138004160851,39.1206132084567));
#3166=CARTESIAN_POINT('Ctrl Pts',(-115.334052714914,249.055246729648,39.170993996821));
#3167=CARTESIAN_POINT('Ctrl Pts',(-115.367977076856,248.417207526977,39.188248937898));
#3168=CARTESIAN_POINT('Ctrl Pts',(-115.402061505654,247.779184166641,39.2055059142255));
#3169=CARTESIAN_POINT('Ctrl Pts',(-115.436448609138,247.141187220784,39.2227879615179));
#3170=CARTESIAN_POINT('Ctrl Pts',(-115.27963468492,249.057599401792,39.3417293676677));
#3171=CARTESIAN_POINT('Ctrl Pts',(-115.313263062232,248.419631801315,39.361574207752));
#3172=CARTESIAN_POINT('Ctrl Pts',(-115.347124050287,247.781689574367,39.3815571794185));
#3173=CARTESIAN_POINT('Ctrl Pts',(-115.381228264017,247.143776069657,39.4016955921916));
#3174=CARTESIAN_POINT('Ctrl Pts',(-115.150552580886,249.054519036297,39.461525981777));
#3175=CARTESIAN_POINT('Ctrl Pts',(-115.18193940157,248.416457778778,39.482539941725));
#3176=CARTESIAN_POINT('Ctrl Pts',(-115.213434114312,247.778413947767,39.5037074352677));
#3177=CARTESIAN_POINT('Ctrl Pts',(-115.245048499116,247.140391455801,39.5250787608402));
#3178=CARTESIAN_POINT('Ctrl Pts',(-115.08697464067,249.052335956242,39.4986038953606));
#3179=CARTESIAN_POINT('Ctrl Pts',(-115.117275864009,248.414211254818,39.5196749144856));
#3180=CARTESIAN_POINT('Ctrl Pts',(-115.147632213667,247.776099887218,39.5408954123966));
#3181=CARTESIAN_POINT('Ctrl Pts',(-115.178052558421,247.138004160851,39.5622839983421));
#3182=CARTESIAN_POINT('',(-115.435642327784,247.138004160851,39.1206132084567));
#3183=CARTESIAN_POINT('',(-115.178052558421,247.138004160851,39.5622839983421));
#3184=CARTESIAN_POINT('Origin',(-114.936350204138,247.111836182729,39.1253684357269));
#3185=CARTESIAN_POINT('Ctrl Pts',(-115.178052558421,247.138004160851,39.5622839983421));
#3186=CARTESIAN_POINT('Ctrl Pts',(-115.147632213667,247.776099887218,39.5408954123966));
#3187=CARTESIAN_POINT('Ctrl Pts',(-115.117275864009,248.414211254818,39.5196749144856));
#3188=CARTESIAN_POINT('Ctrl Pts',(-115.08697464067,249.052335956242,39.4986038953606));
#3189=CARTESIAN_POINT('Ctrl Pts',(-115.335380794897,249.052335956242,39.0728699572038));
#3190=CARTESIAN_POINT('Ctrl Pts',(-115.368634804592,248.414211254818,39.0888206446206));
#3191=CARTESIAN_POINT('Ctrl Pts',(-115.402048418281,247.776099887218,39.104736068254));
#3192=CARTESIAN_POINT('Ctrl Pts',(-115.435642327784,247.138004160851,39.1206132084567));
#3193=CARTESIAN_POINT('Ctrl Pts',(-115.435642327784,247.138004160851,39.1206132084567));
#3194=CARTESIAN_POINT('Ctrl Pts',(-115.545718531612,245.04713411735,39.1724172558943));
#3195=CARTESIAN_POINT('Ctrl Pts',(-115.602403353202,242.952447337627,39.1980185528427));
#3196=CARTESIAN_POINT('Ctrl Pts',(-115.602403353202,240.857689411698,39.1980185528427));
#3197=CARTESIAN_POINT('Ctrl Pts',(-115.436448609138,247.141187220784,39.2227879615179));
#3198=CARTESIAN_POINT('Ctrl Pts',(-115.549227096681,245.04957975598,39.2793124183118));
#3199=CARTESIAN_POINT('Ctrl Pts',(-115.607786351484,242.95370426302,39.3077228792734));
#3200=CARTESIAN_POINT('Ctrl Pts',(-115.607786351484,240.857689411698,39.3077228792734));
#3201=CARTESIAN_POINT('Ctrl Pts',(-115.381228280072,247.143776070832,39.4016956028963));
#3202=CARTESIAN_POINT('Ctrl Pts',(-115.493106923416,245.051594111572,39.4677765292793));
#3203=CARTESIAN_POINT('Ctrl Pts',(-115.551473581842,242.954718856116,39.5023038681961));
#3204=CARTESIAN_POINT('Ctrl Pts',(-115.551473581842,240.857689411698,39.5023038681961));
#3205=CARTESIAN_POINT('Ctrl Pts',(-115.245048499116,247.1403914558,39.5250787608402));
#3206=CARTESIAN_POINT('Ctrl Pts',(-115.3485597036,245.048970294345,39.595238166356));
#3207=CARTESIAN_POINT('Ctrl Pts',(-115.401478759329,242.953383492848,39.632033803015));
#3208=CARTESIAN_POINT('Ctrl Pts',(-115.401478759329,240.857689411698,39.632033803015));
#3209=CARTESIAN_POINT('Ctrl Pts',(-115.178052558421,247.138004160851,39.562283998342));
#3210=CARTESIAN_POINT('Ctrl Pts',(-115.277537622607,245.04713411735,39.6324762046798));
#3211=CARTESIAN_POINT('Ctrl Pts',(-115.327905330424,242.952447337627,39.669087271239));
#3212=CARTESIAN_POINT('Ctrl Pts',(-115.327905330424,240.857689411698,39.669087271239));
#3213=CARTESIAN_POINT('',(-115.602403353202,240.857689411697,39.1980185528427));
#3214=CARTESIAN_POINT('',(-115.327905330424,240.857689411697,39.669087271239));
#3215=CARTESIAN_POINT('Origin',(-115.103004191503,240.857689411698,39.2225231910534));
#3216=CARTESIAN_POINT('Ctrl Pts',(-115.327905330424,240.857689411698,39.669087271239));
#3217=CARTESIAN_POINT('Ctrl Pts',(-115.327905330424,242.952447337627,39.669087271239));
#3218=CARTESIAN_POINT('Ctrl Pts',(-115.277537622607,245.04713411735,39.6324762046798));
#3219=CARTESIAN_POINT('Ctrl Pts',(-115.178052558421,247.138004160851,39.562283998342));
#3220=CARTESIAN_POINT('Ctrl Pts',(-115.435642327784,247.138004160851,39.1206132084567));
#3221=CARTESIAN_POINT('Ctrl Pts',(-115.545718531612,245.04713411735,39.1724172558943));
#3222=CARTESIAN_POINT('Ctrl Pts',(-115.602403353202,242.952447337627,39.1980185528427));
#3223=CARTESIAN_POINT('Ctrl Pts',(-115.602403353202,240.857689411698,39.1980185528427));
#3224=CARTESIAN_POINT('Origin',(-115.103004191503,-10.,39.2225231910536));
#3225=CARTESIAN_POINT('',(-115.602403353202,9.14231058830202,39.1980185528428));
#3226=CARTESIAN_POINT('',(-115.602403353202,-10.,39.1980185528428));
#3227=CARTESIAN_POINT('',(-115.327905330424,9.14231058830202,39.6690872712391));
#3228=CARTESIAN_POINT('Origin',(-115.103004191503,9.14231058830202,39.2225231910536));
#3229=CARTESIAN_POINT('',(-115.327905330424,-10.,39.6690872712391));
#3230=CARTESIAN_POINT('Ctrl Pts',(-115.178052558421,2.86199583914879,39.5622839983422));
#3231=CARTESIAN_POINT('Ctrl Pts',(-115.277537622608,4.95286588264968,39.6324762046799));
#3232=CARTESIAN_POINT('Ctrl Pts',(-115.327905330424,7.04755266237291,39.6690872712391));
#3233=CARTESIAN_POINT('Ctrl Pts',(-115.327905330424,9.14231058830203,39.6690872712391));
#3234=CARTESIAN_POINT('Ctrl Pts',(-115.267380479347,2.85881277921579,39.5126770150064));
#3235=CARTESIAN_POINT('Ctrl Pts',(-115.372282449416,4.95042024401989,39.5828567008694));
#3236=CARTESIAN_POINT('Ctrl Pts',(-115.426003235631,7.04629573697956,39.6196826469405));
#3237=CARTESIAN_POINT('Ctrl Pts',(-115.426003235631,9.14231058830203,39.6196826469405));
#3238=CARTESIAN_POINT('Ctrl Pts',(-115.39591438418,2.85622355248307,39.3765266435401));
#3239=CARTESIAN_POINT('Ctrl Pts',(-115.508629654433,4.94840551174292,39.4411600344182));
#3240=CARTESIAN_POINT('Ctrl Pts',(-115.567533988365,7.04528114388403,39.4747586993365));
#3241=CARTESIAN_POINT('Ctrl Pts',(-115.567533988365,9.14231058830203,39.4747586993365));
#3242=CARTESIAN_POINT('Ctrl Pts',(-115.436247038799,2.85960854419904,39.1972442732527));
#3243=CARTESIAN_POINT('Ctrl Pts',(-115.548311538037,4.9510297056541,39.2525684450459));
#3244=CARTESIAN_POINT('Ctrl Pts',(-115.606440601914,7.04661650715153,39.2802967976659));
#3245=CARTESIAN_POINT('Ctrl Pts',(-115.606440601914,9.14231058830203,39.2802967976659));
#3246=CARTESIAN_POINT('Ctrl Pts',(-115.435642327784,2.86199583914879,39.1206132084568));
#3247=CARTESIAN_POINT('Ctrl Pts',(-115.545718531612,4.95286588264971,39.1724172558944));
#3248=CARTESIAN_POINT('Ctrl Pts',(-115.602403353202,7.04755266237288,39.1980185528428));
#3249=CARTESIAN_POINT('Ctrl Pts',(-115.602403353202,9.14231058830204,39.1980185528428));
#3250=CARTESIAN_POINT('',(-115.435642327784,2.86199583914878,39.1206132084568));
#3251=CARTESIAN_POINT('Ctrl Pts',(-115.602403353202,9.14231058830204,39.1980185528428));
#3252=CARTESIAN_POINT('Ctrl Pts',(-115.602403353202,7.04755266237288,39.1980185528428));
#3253=CARTESIAN_POINT('Ctrl Pts',(-115.545718531612,4.95286588264971,39.1724172558944));
#3254=CARTESIAN_POINT('Ctrl Pts',(-115.435642327784,2.86199583914879,39.1206132084568));
#3255=CARTESIAN_POINT('',(-115.178052558421,2.86199583914879,39.5622839983422));
#3256=CARTESIAN_POINT('Origin',(-114.936350204138,2.88816381727027,39.125368435727));
#3257=CARTESIAN_POINT('Ctrl Pts',(-115.178052558421,2.86199583914879,39.5622839983422));
#3258=CARTESIAN_POINT('Ctrl Pts',(-115.277537622608,4.95286588264968,39.6324762046799));
#3259=CARTESIAN_POINT('Ctrl Pts',(-115.327905330424,7.04755266237291,39.6690872712391));
#3260=CARTESIAN_POINT('Ctrl Pts',(-115.327905330424,9.14231058830203,39.6690872712391));
#3261=CARTESIAN_POINT('Ctrl Pts',(-115.08697464067,0.947664043757024,39.4986038953608));
#3262=CARTESIAN_POINT('Ctrl Pts',(-115.117275864009,1.58578874518172,39.5196749144857));
#3263=CARTESIAN_POINT('Ctrl Pts',(-115.147632213667,2.22390011278159,39.5408954123967));
#3264=CARTESIAN_POINT('Ctrl Pts',(-115.178052558421,2.86199583914876,39.5622839983422));
#3265=CARTESIAN_POINT('Ctrl Pts',(-115.171745227625,0.944753270351356,39.4491666772492));
#3266=CARTESIAN_POINT('Ctrl Pts',(-115.203505734669,1.58279247302208,39.4701691710257));
#3267=CARTESIAN_POINT('Ctrl Pts',(-115.235353580408,2.2208158333589,39.4913021470671));
#3268=CARTESIAN_POINT('Ctrl Pts',(-115.267380479347,2.85881277921576,39.5126770150064));
#3269=CARTESIAN_POINT('Ctrl Pts',(-115.293611836049,0.942400258108502,39.3177856545567));
#3270=CARTESIAN_POINT('Ctrl Pts',(-115.327465337475,1.58036785858519,39.3372413025338));
#3271=CARTESIAN_POINT('Ctrl Pts',(-115.361559838311,2.21831002237065,39.3568222773127));
#3272=CARTESIAN_POINT('Ctrl Pts',(-115.395914756444,2.85622352708141,39.3765268316573));
#3273=CARTESIAN_POINT('Ctrl Pts',(-115.33438473491,0.945480963702773,39.1464629869168));
#3274=CARTESIAN_POINT('Ctrl Pts',(-115.368132203061,1.58354222122187,39.1633869556318));
#3275=CARTESIAN_POINT('Ctrl Pts',(-115.402069672307,2.22158605223215,39.1803194571941));
#3276=CARTESIAN_POINT('Ctrl Pts',(-115.436247038799,2.85960854419901,39.1972442732527));
#3277=CARTESIAN_POINT('Ctrl Pts',(-115.335380794897,0.947664043757023,39.0728699572039));
#3278=CARTESIAN_POINT('Ctrl Pts',(-115.368634804592,1.58578874518172,39.0888206446207));
#3279=CARTESIAN_POINT('Ctrl Pts',(-115.402048418281,2.22390011278159,39.1047360682541));
#3280=CARTESIAN_POINT('Ctrl Pts',(-115.435642327784,2.86199583914876,39.1206132084568));
#3281=CARTESIAN_POINT('',(-115.335380794897,0.947664043757022,39.0728699572039));
#3282=CARTESIAN_POINT('Ctrl Pts',(-115.435642327784,2.86199583914876,39.1206132084568));
#3283=CARTESIAN_POINT('Ctrl Pts',(-115.402048418281,2.22390011278159,39.1047360682541));
#3284=CARTESIAN_POINT('Ctrl Pts',(-115.368634804592,1.58578874518172,39.0888206446207));
#3285=CARTESIAN_POINT('Ctrl Pts',(-115.335380794897,0.947664043757023,39.0728699572039));
#3286=CARTESIAN_POINT('',(-115.08697464067,0.947664043757023,39.4986038953608));
#3287=CARTESIAN_POINT('Origin',(-114.836101854339,0.973832021878495,39.0668886165025));
#3288=CARTESIAN_POINT('Ctrl Pts',(-115.08697464067,0.947664043757024,39.4986038953608));
#3289=CARTESIAN_POINT('Ctrl Pts',(-115.117275864009,1.58578874518172,39.5196749144857));
#3290=CARTESIAN_POINT('Ctrl Pts',(-115.147632213667,2.22390011278159,39.5408954123967));
#3291=CARTESIAN_POINT('Ctrl Pts',(-115.178052558421,2.86199583914876,39.5622839983422));
#3292=CARTESIAN_POINT('Ctrl Pts',(-115.335380794897,0.947664043757021,39.0728699572039));
#3293=CARTESIAN_POINT('Ctrl Pts',(-115.324271762379,0.735083744022981,39.0701463794961));
#3294=CARTESIAN_POINT('Ctrl Pts',(-115.199328985345,0.427905371681667,39.0400120724497));
#3295=CARTESIAN_POINT('Ctrl Pts',(-114.829104112868,0.0903061260962238,
38.9373688351339));
#3296=CARTESIAN_POINT('Ctrl Pts',(-114.546357537293,0.00142968766345515,
38.8492542945134));
#3297=CARTESIAN_POINT('Ctrl Pts',(-114.356023464755,5.3605188418354E-6,
38.7855070437747));
#3298=CARTESIAN_POINT('Ctrl Pts',(-114.353967943768,-3.58315710994839E-14,
38.7848185781356));
#3299=CARTESIAN_POINT('Ctrl Pts',(-114.351911552521,-3.58046925441613E-14,
38.7841291807426));
#3300=CARTESIAN_POINT('Ctrl Pts',(-115.333056654927,0.942570190297102,39.2445870265341));
#3301=CARTESIAN_POINT('Ctrl Pts',(-115.319517886847,0.709064243014763,39.2386864636565));
#3302=CARTESIAN_POINT('Ctrl Pts',(-115.167542739366,0.387902913981729,39.1727814396086));
#3303=CARTESIAN_POINT('Ctrl Pts',(-114.792675572846,0.0786844957866517,
38.9997960158321));
#3304=CARTESIAN_POINT('Ctrl Pts',(-114.532115521623,0.00148961389148732,
38.873289546124));
#3305=CARTESIAN_POINT('Ctrl Pts',(-114.355726867365,3.07497739387973E-6,
38.7860170341676));
#3306=CARTESIAN_POINT('Ctrl Pts',(-114.353819136754,-3.58338326329691E-14,
38.7850732041696));
#3307=CARTESIAN_POINT('Ctrl Pts',(-114.351911552521,-3.58046925441613E-14,
38.7841291807426));
#3308=CARTESIAN_POINT('Ctrl Pts',(-115.235323167841,0.942570190297102,39.4120887636655));
#3309=CARTESIAN_POINT('Ctrl Pts',(-115.223517641914,0.709064243014763,39.403213747054));
#3310=CARTESIAN_POINT('Ctrl Pts',(-115.091279698636,0.387902913981729,39.3034359708943));
#3311=CARTESIAN_POINT('Ctrl Pts',(-114.756237532914,0.078684495786651,39.0621735521946));
#3312=CARTESIAN_POINT('Ctrl Pts',(-114.518042534045,0.00148961389148823,
38.8973703041288));
#3313=CARTESIAN_POINT('Ctrl Pts',(-114.355429019192,3.07497739390955E-6,
38.7865266897603));
#3314=CARTESIAN_POINT('Ctrl Pts',(-114.35367032974,-3.58360941664544E-14,
38.7853278302037));
#3315=CARTESIAN_POINT('Ctrl Pts',(-114.351911552521,-3.58046925441613E-14,
38.7841291807426));
#3316=CARTESIAN_POINT('Ctrl Pts',(-115.08697464067,0.947664043757021,39.4986038953608));
#3317=CARTESIAN_POINT('Ctrl Pts',(-115.07912869967,0.735083744022979,39.4902778904022));
#3318=CARTESIAN_POINT('Ctrl Pts',(-114.991309110935,0.427905371681667,39.3963994751022));
#3319=CARTESIAN_POINT('Ctrl Pts',(-114.719755785784,0.090306126096224,39.1245643640654));
#3320=CARTESIAN_POINT('Ctrl Pts',(-114.504092177683,0.00142968766345829,
38.9215759215334));
#3321=CARTESIAN_POINT('Ctrl Pts',(-114.355130265266,5.36051884192189E-6,
38.7870354204494));
#3322=CARTESIAN_POINT('Ctrl Pts',(-114.353521522726,-3.58383556999396E-14,
38.7855824562377));
#3323=CARTESIAN_POINT('Ctrl Pts',(-114.351911552521,-3.58046925441613E-14,
38.7841291807426));
#3324=CARTESIAN_POINT('',(-114.351911552521,-3.5527136788005E-14,38.7841291807426));
#3325=CARTESIAN_POINT('Ctrl Pts',(-115.335380794897,0.947664043757021,39.0728699572039));
#3326=CARTESIAN_POINT('Ctrl Pts',(-115.324271762379,0.735083744022981,39.0701463794961));
#3327=CARTESIAN_POINT('Ctrl Pts',(-115.199328985345,0.427905371681667,39.0400120724497));
#3328=CARTESIAN_POINT('Ctrl Pts',(-114.829104112868,0.0903061260962238,
38.9373688351339));
#3329=CARTESIAN_POINT('Ctrl Pts',(-114.546357537293,0.00142968766345515,
38.8492542945134));
#3330=CARTESIAN_POINT('Ctrl Pts',(-114.356023464755,5.3605188418354E-6,
38.7855070437747));
#3331=CARTESIAN_POINT('Ctrl Pts',(-114.353967943768,-3.58315710994839E-14,
38.7848185781356));
#3332=CARTESIAN_POINT('Ctrl Pts',(-114.351911552521,-3.58046925441613E-14,
38.7841291807426));
#3333=CARTESIAN_POINT('Ctrl Pts',(-114.351911552521,-3.58046925441613E-14,
38.7841291807426));
#3334=CARTESIAN_POINT('Ctrl Pts',(-114.353521522726,-3.58383556999396E-14,
38.7855824562377));
#3335=CARTESIAN_POINT('Ctrl Pts',(-114.355130265266,5.36051884192189E-6,
38.7870354204494));
#3336=CARTESIAN_POINT('Ctrl Pts',(-114.504092177683,0.00142968766345829,
38.9215759215334));
#3337=CARTESIAN_POINT('Ctrl Pts',(-114.719755785784,0.090306126096224,39.1245643640654));
#3338=CARTESIAN_POINT('Ctrl Pts',(-114.991309110935,0.427905371681667,39.3963994751022));
#3339=CARTESIAN_POINT('Ctrl Pts',(-115.07912869967,0.735083744022979,39.4902778904022));
#3340=CARTESIAN_POINT('Ctrl Pts',(-115.08697464067,0.947664043757021,39.4986038953608));
#3341=CARTESIAN_POINT('Origin',(-117.6,0.999999999999964,39.1));
#3342=CARTESIAN_POINT('',(-117.6,0.947664043757022,36.8352182923415));
#3343=CARTESIAN_POINT('Origin',(-117.6,0.947664043757021,39.1));
#3344=CARTESIAN_POINT('',(-117.6,-3.5527136788005E-14,35.8365887575869));
#3345=CARTESIAN_POINT('Origin',(-117.6,0.999999999999964,35.8365887575869));
#3346=CARTESIAN_POINT('Origin',(-117.6,-3.5527136788005E-14,39.1));
#3347=CARTESIAN_POINT('Origin',(-117.6,5.99999999999941,39.1));
#3348=CARTESIAN_POINT('',(-117.6,2.86199583914876,36.9355441705489));
#3349=CARTESIAN_POINT('Origin',(-117.6,2.86199583914876,39.1));
#3350=CARTESIAN_POINT('',(-117.6,5.99999999999941,37.1));
#3351=CARTESIAN_POINT('Origin',(-117.6,9.14231058830202,39.1));
#3352=CARTESIAN_POINT('',(-117.6,9.14231058830202,37.1));
#3353=CARTESIAN_POINT('Origin',(-117.6,9.14231058830202,39.1));
#3354=CARTESIAN_POINT('Origin',(-117.6,9.14231058830202,-82.9));
#3355=CARTESIAN_POINT('Origin',(-117.6,-2.88671497438249E-30,39.1));
#3356=CARTESIAN_POINT('',(-117.6,240.857689411697,37.0999999999999));
#3357=CARTESIAN_POINT('Origin',(-117.6,240.857689411697,39.0999999999999));
#3358=CARTESIAN_POINT('',(-117.6,249.999999999999,37.0999999999999));
#3359=CARTESIAN_POINT('Origin',(-117.6,240.857689411697,39.0999999999999));
#3360=CARTESIAN_POINT('',(-117.6,247.138004160851,36.9355441705488));
#3361=CARTESIAN_POINT('Origin',(-117.6,247.138004160851,39.0999999999999));
#3362=CARTESIAN_POINT('Origin',(-117.6,240.857689411697,-82.9000000000001));
#3363=CARTESIAN_POINT('Origin',(-117.6,244.,39.0999999999999));
#3364=CARTESIAN_POINT('',(-117.6,249.052335956242,36.8352182923414));
#3365=CARTESIAN_POINT('Origin',(-117.6,249.052335956242,39.0999999999999));
#3366=CARTESIAN_POINT('',(-117.6,244.,37.0999999999999));
#3367=CARTESIAN_POINT('Origin',(-117.6,248.999999999999,39.0999999999999));
#3368=CARTESIAN_POINT('',(-117.6,249.999999999999,35.8365887575868));
#3369=CARTESIAN_POINT('Origin',(-117.6,249.999999999999,39.0999999999999));
#3370=CARTESIAN_POINT('Origin',(-117.6,248.999999999999,35.8365887575868));
#3371=CARTESIAN_POINT('Origin',(-116.25,240.857689411697,41.4999999999999));
#3372=CARTESIAN_POINT('',(-115.140983606558,240.857689411697,43.224117930733));
#3373=CARTESIAN_POINT('Origin',(-116.25,240.857689411697,41.4999999999999));
#3374=CARTESIAN_POINT('',(-115.052015698822,247.138004160851,43.3624307328648));
#3375=CARTESIAN_POINT('Origin',(-50.222950819668,240.857689411698,144.148094363889));
#3376=CARTESIAN_POINT('Origin',(-116.25,247.138004160851,41.4999999999999));
#3377=CARTESIAN_POINT('Origin',(-128.4,0.999999999999964,39.1));
#3378=CARTESIAN_POINT('',(-128.4,-3.5527136788005E-14,35.8365887575869));
#3379=CARTESIAN_POINT('Origin',(-128.4,-3.5527136788005E-14,39.1));
#3380=CARTESIAN_POINT('',(-128.4,0.947664043757019,36.8352182923415));
#3381=CARTESIAN_POINT('Origin',(-128.4,0.999999999999964,35.8365887575869));
#3382=CARTESIAN_POINT('Origin',(-128.4,0.947664043757019,39.1));
#3383=CARTESIAN_POINT('Origin',(-128.4,5.99999999999941,39.1));
#3384=CARTESIAN_POINT('',(-128.4,2.86199583914869,36.9355441705489));
#3385=CARTESIAN_POINT('',(-128.4,5.99999999999941,37.1));
#3386=CARTESIAN_POINT('Origin',(-128.4,2.86199583914877,39.1));
#3387=CARTESIAN_POINT('Origin',(-128.4,9.14231058830202,39.1));
#3388=CARTESIAN_POINT('',(-128.4,9.14231058830195,37.1));
#3389=CARTESIAN_POINT('Origin',(-128.4,9.14231058830195,-82.9));
#3390=CARTESIAN_POINT('Origin',(-128.4,9.14231058830202,39.1));
#3391=CARTESIAN_POINT('Origin',(-129.75,0.999999999999964,41.5));
#3392=CARTESIAN_POINT('',(-131.663411242413,-3.5527136788005E-14,44.2050973141012));
#3393=CARTESIAN_POINT('Ctrl Pts',(-131.002258956602,0.94766404375702,43.4468081209304));
#3394=CARTESIAN_POINT('Ctrl Pts',(-131.006012318051,0.903442070657821,43.4471494492086));
#3395=CARTESIAN_POINT('Ctrl Pts',(-131.011361564198,0.859374495546603,43.4499551876551));
#3396=CARTESIAN_POINT('Ctrl Pts',(-131.018309826758,0.815849156924134,43.4551680703883));
#3397=CARTESIAN_POINT('Ctrl Pts',(-131.025257679416,0.772326386011265,43.4603806455956));
#3398=CARTESIAN_POINT('Ctrl Pts',(-131.033804368109,0.72934623894411,43.4679999734562));
#3399=CARTESIAN_POINT('Ctrl Pts',(-131.043924225323,0.687286939263307,43.477926438401));
#3400=CARTESIAN_POINT('Ctrl Pts',(-131.054043409647,0.645230436191012,43.4878522433149));
#3401=CARTESIAN_POINT('Ctrl Pts',(-131.065735526693,0.604095093977996,43.5000847222463));
#3402=CARTESIAN_POINT('Ctrl Pts',(-131.07894625564,0.564242853947293,43.5144839057439));
#3403=CARTESIAN_POINT('Ctrl Pts',(-131.092156033333,0.524393483524629,43.5288820524112));
#3404=CARTESIAN_POINT('Ctrl Pts',(-131.1068841429,0.485827443341616,43.5454463898018));
#3405=CARTESIAN_POINT('Ctrl Pts',(-131.123048279948,0.448884019229297,43.5639992982404));
#3406=CARTESIAN_POINT('Ctrl Pts',(-131.139215449471,0.41193366433873,43.5825556873011));
#3407=CARTESIAN_POINT('Ctrl Pts',(-131.156819091134,0.376606918478353,43.603101151385));
#3408=CARTESIAN_POINT('Ctrl Pts',(-131.17575001322,0.343214686009583,43.6254236071482));
#3409=CARTESIAN_POINT('Ctrl Pts',(-131.194678201197,0.309827276233122,43.6477428389778));
#3410=CARTESIAN_POINT('Ctrl Pts',(-131.214933157976,0.278374166496923,43.6718382679855));
#3411=CARTESIAN_POINT('Ctrl Pts',(-131.236380580743,0.249132090243844,43.6974674857298));
#3412=CARTESIAN_POINT('Ctrl Pts',(-131.257825223183,0.219893804772581,43.7230933810434));
#3413=CARTESIAN_POINT('Ctrl Pts',(-131.280461863762,0.192866281754589,43.7502523544943));
#3414=CARTESIAN_POINT('Ctrl Pts',(-131.304133252206,0.168287255570348,43.7786761417028));
#3415=CARTESIAN_POINT('Ctrl Pts',(-131.327801981841,0.143710990142532,43.8070967363051));
#3416=CARTESIAN_POINT('Ctrl Pts',(-131.352505040362,0.121582925322701,43.8367815216128));
#3417=CARTESIAN_POINT('Ctrl Pts',(-131.378064826112,0.102097656198342,43.8674412717769));
#3418=CARTESIAN_POINT('Ctrl Pts',(-131.403628102291,0.0826097261774713,
43.8981052088179));
#3419=CARTESIAN_POINT('Ctrl Pts',(-131.430048128917,0.0657655166650408,
43.929744018559));
#3420=CARTESIAN_POINT('Ctrl Pts',(-131.457129802559,0.0517131966662439,
43.9620525333935));
#3421=CARTESIAN_POINT('Ctrl Pts',(-131.48420645172,0.0376634838037782,43.9943550540077));
#3422=CARTESIAN_POINT('Ctrl Pts',(-131.511944269518,0.0264047686029123,
44.0273266585913));
#3423=CARTESIAN_POINT('Ctrl Pts',(-131.54013417213,0.0180360509792055,44.0606520235169));
#3424=CARTESIAN_POINT('Ctrl Pts',(-131.568325297005,0.00966697050339298,
44.0939788333685));
#3425=CARTESIAN_POINT('Ctrl Pts',(-131.596968296197,0.00418822525978243,
44.1276590550259));
#3426=CARTESIAN_POINT('Ctrl Pts',(-131.625843589709,0.00164799501118507,
44.1613726407517));
#3427=CARTESIAN_POINT('Ctrl Pts',(-131.638328879191,0.000549633535163665,
44.1759499428684));
#3428=CARTESIAN_POINT('Ctrl Pts',(-131.650857487682,-3.58013513134663E-14,
44.1905334571386));
#3429=CARTESIAN_POINT('Ctrl Pts',(-131.663411242413,-3.574918139293E-14,
44.2050973141012));
#3430=CARTESIAN_POINT('',(-133.,-3.5527136788005E-14,42.145131041999));
#3431=CARTESIAN_POINT('Origin',(-129.75,-3.5527136788005E-14,41.5));
#3432=CARTESIAN_POINT('',(-133.,-3.5527136788005E-14,40.854868958001));
#3433=CARTESIAN_POINT('Ctrl Pts',(-133.,-3.58046925441613E-14,40.854868958001));
#3434=CARTESIAN_POINT('Ctrl Pts',(-133.000562664861,-3.58184700340817E-14,
40.860593377741));
#3435=CARTESIAN_POINT('Ctrl Pts',(-133.00111791174,4.74808156246451E-7,
40.8663185201972));
#3436=CARTESIAN_POINT('Ctrl Pts',(-133.021632324609,3.46464188039032E-5,
41.0807357872765));
#3437=CARTESIAN_POINT('Ctrl Pts',(-133.031705621207,0.000502749586585583,
41.290145672527));
#3438=CARTESIAN_POINT('Ctrl Pts',(-133.031705621207,0.000502749586585582,
41.7098543274723));
#3439=CARTESIAN_POINT('Ctrl Pts',(-133.021632324609,3.46464188045801E-5,
41.9192642127188));
#3440=CARTESIAN_POINT('Ctrl Pts',(-133.001117911748,4.74808170042547E-7,
42.1336814797163));
#3441=CARTESIAN_POINT('Ctrl Pts',(-133.000562664853,-3.60742154481025E-14,
42.1394066223456));
#3442=CARTESIAN_POINT('Ctrl Pts',(-133.000000000001,-3.58046925441613E-14,
42.1451310419992));
#3443=CARTESIAN_POINT('Origin',(-129.75,-3.5527136788005E-14,41.5));
#3444=CARTESIAN_POINT('Origin',(-116.25,9.14231058830202,41.5));
#3445=CARTESIAN_POINT('',(-115.052015698822,2.86199583914876,43.3624307328649));
#3446=CARTESIAN_POINT('Origin',(-116.25,2.86199583914875,41.5));
#3447=CARTESIAN_POINT('',(-115.140983606558,9.14231058830203,43.2241179307331));
#3448=CARTESIAN_POINT('Origin',(-50.222950819668,9.14231058830205,144.14809436389));
#3449=CARTESIAN_POINT('Origin',(-116.25,9.14231058830202,41.5));
#3450=CARTESIAN_POINT('Origin',(-116.25,0.999999999999964,41.5));
#3451=CARTESIAN_POINT('',(-113.,-3.5527136788005E-14,40.8548689580032));
#3452=CARTESIAN_POINT('Origin',(-116.25,-3.5527136788005E-14,41.5));
#3453=CARTESIAN_POINT('',(-113.,-3.5527136788005E-14,42.1451310419969));
#3454=CARTESIAN_POINT('Ctrl Pts',(-113.,-3.58046925441613E-14,42.1451310419969));
#3455=CARTESIAN_POINT('Ctrl Pts',(-112.999437335139,-3.58084750983535E-14,
42.1394066222479));
#3456=CARTESIAN_POINT('Ctrl Pts',(-112.998882088261,4.74808154832111E-7,
42.1336814798097));
#3457=CARTESIAN_POINT('Ctrl Pts',(-112.978367675385,3.46464188156392E-5,
41.9192642126461));
#3458=CARTESIAN_POINT('Ctrl Pts',(-112.968294378794,0.000502749586578366,
41.7098543274579));
#3459=CARTESIAN_POINT('Ctrl Pts',(-112.968294378794,0.000502749586578366,
41.2901456725421));
#3460=CARTESIAN_POINT('Ctrl Pts',(-112.978367675385,3.46464188156393E-5,
41.0807357873539));
#3461=CARTESIAN_POINT('Ctrl Pts',(-112.998882088261,4.74808154858122E-7,
40.8663185201905));
#3462=CARTESIAN_POINT('Ctrl Pts',(-112.999437335139,-3.58093496552314E-14,
40.8605933777519));
#3463=CARTESIAN_POINT('Ctrl Pts',(-113.,-3.58046925441613E-14,40.8548689580031));
#3464=CARTESIAN_POINT('',(-114.336588757587,-3.5527136788005E-14,44.205097314101));
#3465=CARTESIAN_POINT('Origin',(-116.25,-3.5527136788005E-14,41.5));
#3466=CARTESIAN_POINT('',(-114.997741043398,0.947664043757021,43.4468081209302));
#3467=CARTESIAN_POINT('Ctrl Pts',(-114.336588757587,-3.574918139293E-14,
44.205097314101));
#3468=CARTESIAN_POINT('Ctrl Pts',(-114.365622364938,-3.57224055375592E-14,
44.171414857052));
#3469=CARTESIAN_POINT('Ctrl Pts',(-114.394521016175,0.00294337296665152,
44.1376271961935));
#3470=CARTESIAN_POINT('Ctrl Pts',(-114.423061786042,0.00880423510290052,
44.1040546386047));
#3471=CARTESIAN_POINT('Ctrl Pts',(-114.451601929692,0.0146649686451063,
44.0704828176364));
#3472=CARTESIAN_POINT('Ctrl Pts',(-114.479783951765,0.0234430024486893,
44.0371264706431));
#3473=CARTESIAN_POINT('Ctrl Pts',(-114.507393770169,0.0350611465330832,
44.0043036632616));
#3474=CARTESIAN_POINT('Ctrl Pts',(-114.535003397986,0.0466792104191651,
43.9714810824509));
#3475=CARTESIAN_POINT('Ctrl Pts',(-114.562040589621,0.061137225003518,43.9391924099717));
#3476=CARTESIAN_POINT('Ctrl Pts',(-114.588303822454,0.0783080549249546,
43.9077478063234));
#3477=CARTESIAN_POINT('Ctrl Pts',(-114.614567224523,0.0954789954923919,
43.8763030000513));
#3478=CARTESIAN_POINT('Ctrl Pts',(-114.640056437044,0.115362608588261,43.8457026388135));
#3479=CARTESIAN_POINT('Ctrl Pts',(-114.664585951501,0.137784047050045,43.8162434233503));
#3480=CARTESIAN_POINT('Ctrl Pts',(-114.689123547465,0.160212872491332,43.7867745022378));
#3481=CARTESIAN_POINT('Ctrl Pts',(-114.712700614313,0.185180965781805,43.758447828315));
#3482=CARTESIAN_POINT('Ctrl Pts',(-114.735150639422,0.212468624913102,43.7315415520646));
#3483=CARTESIAN_POINT('Ctrl Pts',(-114.757599573657,0.239754958102584,43.7046365832242));
#3484=CARTESIAN_POINT('Ctrl Pts',(-114.778921405072,0.269360348470093,43.6791521985356));
#3485=CARTESIAN_POINT('Ctrl Pts',(-114.798971589996,0.301024314239161,43.655342610437));
#3486=CARTESIAN_POINT('Ctrl Pts',(-114.819021085746,0.332687191638528,43.6315338407336));
#3487=CARTESIAN_POINT('Ctrl Pts',(-114.837798881416,0.366408174474953,43.6094000473031));
#3488=CARTESIAN_POINT('Ctrl Pts',(-114.855184731414,0.401890590447447,43.5891668696357));
#3489=CARTESIAN_POINT('Ctrl Pts',(-114.872570186115,0.437372199667505,43.5689341520036));
#3490=CARTESIAN_POINT('Ctrl Pts',(-114.888563649247,0.474614794017706,43.5506022234345));
#3491=CARTESIAN_POINT('Ctrl Pts',(-114.903071044248,0.513290733431396,43.5343639981545));
#3492=CARTESIAN_POINT('Ctrl Pts',(-114.917582061553,0.551976329716202,43.5181217184042));
#3493=CARTESIAN_POINT('Ctrl Pts',(-114.930606191502,0.59209558673649,43.5039744092429));
#3494=CARTESIAN_POINT('Ctrl Pts',(-114.942076861305,0.633295381304616,43.4920787853224));
#3495=CARTESIAN_POINT('Ctrl Pts',(-114.953545963596,0.674489545757703,43.480184786986));
#3496=CARTESIAN_POINT('Ctrl Pts',(-114.963461989571,0.716763524755459,43.4705420336433));
#3497=CARTESIAN_POINT('Ctrl Pts',(-114.971786838072,0.759745331016586,43.463267870377));
#3498=CARTESIAN_POINT('Ctrl Pts',(-114.980112433663,0.802730994551611,43.4559930543127));
#3499=CARTESIAN_POINT('Ctrl Pts',(-114.986846559272,0.846424166723022,43.4510873826596));
#3500=CARTESIAN_POINT('Ctrl Pts',(-114.991979913703,0.890440303318286,43.4486266296064));
#3501=CARTESIAN_POINT('Ctrl Pts',(-114.994198674351,0.9094651481967,43.4475630322819));
#3502=CARTESIAN_POINT('Ctrl Pts',(-114.996118747528,0.928550210650053,43.4469556514741));
#3503=CARTESIAN_POINT('Ctrl Pts',(-114.997741043398,0.947664043757021,43.4468081209302));
#3504=CARTESIAN_POINT('Origin',(-116.25,0.947664043757022,41.5));
#3505=CARTESIAN_POINT('Origin',(-116.25,5.99999999999941,41.5));
#3506=CARTESIAN_POINT('',(-115.140983606558,5.99999999999941,43.2241179307331));
#3507=CARTESIAN_POINT('Origin',(-128.4,244.,39.0999999999999));
#3508=CARTESIAN_POINT('',(-128.4,247.138004160851,36.9355441705488));
#3509=CARTESIAN_POINT('Origin',(-128.4,247.138004160851,39.0999999999999));
#3510=CARTESIAN_POINT('',(-128.4,244.,37.0999999999999));
#3511=CARTESIAN_POINT('Origin',(-116.25,244.,41.4999999999999));
#3512=CARTESIAN_POINT('',(-114.997741043398,249.052335956242,43.4468081209301));
#3513=CARTESIAN_POINT('',(-115.140983606558,244.,43.224117930733));
#3514=CARTESIAN_POINT('Origin',(-116.25,249.052335956242,41.4999999999999));
#3515=CARTESIAN_POINT('Origin',(-128.,0.499999999999964,45.));
#3516=CARTESIAN_POINT('',(-114.336588757587,0.499999999999964,45.5));
#3517=CARTESIAN_POINT('',(-114.336588757587,-3.5527136788005E-14,45.));
#3518=CARTESIAN_POINT('Origin',(-114.336588757587,0.499999999999964,45.));
#3519=CARTESIAN_POINT('',(-113.,-3.5527136788005E-14,45.));
#3520=CARTESIAN_POINT('',(-128.,-3.5527136788005E-14,45.));
#3521=CARTESIAN_POINT('',(-113.,0.499999999999964,45.5));
#3522=CARTESIAN_POINT('Origin',(-113.,0.499999999999964,45.));
#3523=CARTESIAN_POINT('',(-128.,0.499999999999964,45.5));
#3524=CARTESIAN_POINT('Ctrl Pts',(-112.5,0.999999999999965,45.5));
#3525=CARTESIAN_POINT('Ctrl Pts',(-112.5,0.499999999999958,45.5));
#3526=CARTESIAN_POINT('Ctrl Pts',(-113.,0.499999999999958,45.5));
#3527=CARTESIAN_POINT('Ctrl Pts',(-112.,0.999999999999965,45.5));
#3528=CARTESIAN_POINT('Ctrl Pts',(-112.,-4.91273688396632E-14,45.5));
#3529=CARTESIAN_POINT('Ctrl Pts',(-113.,-4.94049245958195E-14,45.5));
#3530=CARTESIAN_POINT('Ctrl Pts',(-112.,0.999999999999965,45.));
#3531=CARTESIAN_POINT('Ctrl Pts',(-112.,-4.91273688396632E-14,45.));
#3532=CARTESIAN_POINT('Ctrl Pts',(-113.,-4.94049245958195E-14,45.));
#3533=CARTESIAN_POINT('',(-112.,0.999999999999965,45.));
#3534=CARTESIAN_POINT('',(-112.5,0.999999999999965,45.5));
#3535=CARTESIAN_POINT('Origin',(-112.5,0.999999999999965,45.));
#3536=CARTESIAN_POINT('Origin',(-113.,0.999999999999965,45.5));
#3537=CARTESIAN_POINT('Origin',(-113.,0.999999999999965,45.));
#3538=CARTESIAN_POINT('Origin',(-112.5,-5.00000000000004,45.));
#3539=CARTESIAN_POINT('',(-112.,249.,45.));
#3540=CARTESIAN_POINT('',(-112.5,249.,45.5));
#3541=CARTESIAN_POINT('Origin',(-112.5,249.,45.));
#3542=CARTESIAN_POINT('',(-112.5,-5.00000000000004,45.5));
#3543=CARTESIAN_POINT('',(-112.,-5.00000000000004,45.));
#3544=CARTESIAN_POINT('Ctrl Pts',(-112.,249.,44.9999999999998));
#3545=CARTESIAN_POINT('Ctrl Pts',(-112.,250.,44.9999999999998));
#3546=CARTESIAN_POINT('Ctrl Pts',(-113.,250.,44.9999999999998));
#3547=CARTESIAN_POINT('Ctrl Pts',(-112.,249.,45.4999999999998));
#3548=CARTESIAN_POINT('Ctrl Pts',(-112.,250.,45.4999999999998));
#3549=CARTESIAN_POINT('Ctrl Pts',(-113.,250.,45.4999999999998));
#3550=CARTESIAN_POINT('Ctrl Pts',(-112.5,249.,45.4999999999998));
#3551=CARTESIAN_POINT('Ctrl Pts',(-112.5,249.499999999999,45.4999999999998));
#3552=CARTESIAN_POINT('Ctrl Pts',(-113.,249.499999999999,45.4999999999998));
#3553=CARTESIAN_POINT('',(-113.,249.999999999999,44.9999999999998));
#3554=CARTESIAN_POINT('',(-113.,249.499999999999,45.5));
#3555=CARTESIAN_POINT('Origin',(-113.,249.499999999999,44.9999999999998));
#3556=CARTESIAN_POINT('Origin',(-113.,249.,45.5));
#3557=CARTESIAN_POINT('Origin',(-113.,249.,44.9999999999998));
#3558=CARTESIAN_POINT('Origin',(-128.,249.499999999999,45.));
#3559=CARTESIAN_POINT('',(-114.336588757587,249.999999999999,45.));
#3560=CARTESIAN_POINT('',(-114.336588757587,249.499999999999,45.5));
#3561=CARTESIAN_POINT('Origin',(-114.336588757587,249.499999999999,45.));
#3562=CARTESIAN_POINT('',(-128.,249.499999999999,45.5));
#3563=CARTESIAN_POINT('',(-128.,249.999999999999,45.));
#3564=CARTESIAN_POINT('Ctrl Pts',(-114.336588757587,250.,44.9999999999998));
#3565=CARTESIAN_POINT('Ctrl Pts',(-115.285553324302,250.,44.9999999999998));
#3566=CARTESIAN_POINT('Ctrl Pts',(-115.335218292342,249.052335956242,44.9999999999998));
#3567=CARTESIAN_POINT('Ctrl Pts',(-114.336588757587,250.,45.4999999999998));
#3568=CARTESIAN_POINT('Ctrl Pts',(-115.285553324302,250.,45.4999999999998));
#3569=CARTESIAN_POINT('Ctrl Pts',(-115.335218292342,249.052335956242,45.4999999999998));
#3570=CARTESIAN_POINT('Ctrl Pts',(-114.336588757587,249.499999999999,45.4999999999998));
#3571=CARTESIAN_POINT('Ctrl Pts',(-114.811071040945,249.499999999999,45.4999999999998));
#3572=CARTESIAN_POINT('Ctrl Pts',(-114.835903524964,249.026167978121,45.4999999999998));
#3573=CARTESIAN_POINT('',(-115.335218292342,249.052335956242,44.9999999999998));
#3574=CARTESIAN_POINT('',(-114.835903524964,249.026167978121,45.5));
#3575=CARTESIAN_POINT('Origin',(-114.835903524964,249.026167978121,44.9999999999998));
#3576=CARTESIAN_POINT('Origin',(-114.336588757587,249.,45.5));
#3577=CARTESIAN_POINT('Origin',(-114.336588757587,249.,44.9999999999998));
#3578=CARTESIAN_POINT('Origin',(-121.343743378369,124.849186193463,45.));
#3579=CARTESIAN_POINT('',(-115.435544170549,247.138004160851,45.));
#3580=CARTESIAN_POINT('',(-114.936229403172,247.11183618273,45.5));
#3581=CARTESIAN_POINT('Origin',(-114.936229403172,247.11183618273,45.));
#3582=CARTESIAN_POINT('',(-121.343743378369,124.849186193463,45.5));
#3583=CARTESIAN_POINT('',(-121.843058145746,124.875354171584,45.));
#3584=CARTESIAN_POINT('Origin',(4.39999999999973,240.857689411698,44.9999999999999));
#3585=CARTESIAN_POINT('',(-115.6,240.857689411698,44.9999999999999));
#3586=CARTESIAN_POINT('',(-115.1,240.857689411698,45.5));
#3587=CARTESIAN_POINT('Origin',(-115.1,240.857689411698,44.9999999999999));
#3588=CARTESIAN_POINT('Origin',(4.39999999999973,240.857689411698,45.5));
#3589=CARTESIAN_POINT('Origin',(4.39999999999973,240.857689411698,44.9999999999999));
#3590=CARTESIAN_POINT('Origin',(-115.1,-1.77635683940025E-14,45.));
#3591=CARTESIAN_POINT('',(-115.6,9.1423105883017,45.));
#3592=CARTESIAN_POINT('',(-115.1,9.1423105883017,45.5));
#3593=CARTESIAN_POINT('Origin',(-115.1,9.1423105883017,45.));
#3594=CARTESIAN_POINT('',(-115.1,-1.77635683940025E-14,45.5));
#3595=CARTESIAN_POINT('',(-115.6,-1.77635683940025E-14,45.));
#3596=CARTESIAN_POINT('Origin',(4.39999999999973,9.1423105883017,45.));
#3597=CARTESIAN_POINT('',(-115.435544170549,2.86199583914844,45.));
#3598=CARTESIAN_POINT('',(-114.936229403172,2.88816381726991,45.5));
#3599=CARTESIAN_POINT('Origin',(-114.936229403172,2.88816381726991,45.));
#3600=CARTESIAN_POINT('Origin',(4.39999999999973,9.1423105883017,45.5));
#3601=CARTESIAN_POINT('Origin',(4.39999999999973,9.1423105883017,45.));
#3602=CARTESIAN_POINT('Origin',(-114.810714424141,0.493195346019597,45.));
#3603=CARTESIAN_POINT('',(-115.335218292342,0.947664043757021,45.));
#3604=CARTESIAN_POINT('',(-114.835903524964,0.973832021878493,45.5));
#3605=CARTESIAN_POINT('Origin',(-114.835903524964,0.973832021878493,45.));
#3606=CARTESIAN_POINT('',(-114.810714424141,0.493195346019597,45.5));
#3607=CARTESIAN_POINT('',(-115.310029191518,0.467027367898124,45.));
#3608=CARTESIAN_POINT('Ctrl Pts',(-114.336588757587,0.499999999999975,45.5));
#3609=CARTESIAN_POINT('Ctrl Pts',(-114.811071040945,0.499999999999975,45.5));
#3610=CARTESIAN_POINT('Ctrl Pts',(-114.835903524964,0.973832021878493,45.5));
#3611=CARTESIAN_POINT('Ctrl Pts',(-114.336588757587,-6.74460487459783E-14,
45.5));
#3612=CARTESIAN_POINT('Ctrl Pts',(-115.285553324302,-6.74460487459783E-14,
45.5));
#3613=CARTESIAN_POINT('Ctrl Pts',(-115.335218292342,0.947664043757019,45.5));
#3614=CARTESIAN_POINT('Ctrl Pts',(-114.336588757587,-4.96824803519758E-14,
45.));
#3615=CARTESIAN_POINT('Ctrl Pts',(-115.285553324302,-4.96824803519758E-14,
45.));
#3616=CARTESIAN_POINT('Ctrl Pts',(-115.335218292342,0.94766404375702,45.));
#3617=CARTESIAN_POINT('Origin',(-114.336588757587,0.999999999999964,45.));
#3618=CARTESIAN_POINT('Origin',(-114.336588757587,0.999999999999964,45.5));
#3619=CARTESIAN_POINT('Origin',(-114.336588757587,249.,41.5971111047611));
#3620=CARTESIAN_POINT('',(-114.336588757587,249.999999999999,44.2050973141009));
#3621=CARTESIAN_POINT('',(-114.336588757587,249.999999999999,41.5971111047611));
#3622=CARTESIAN_POINT('',(-115.335218292342,249.052335956242,44.0651510676759));
#3623=CARTESIAN_POINT('Ctrl Pts',(-115.335218292342,249.052335956242,44.0651510676759));
#3624=CARTESIAN_POINT('Ctrl Pts',(-115.332897784079,249.096613891584,44.0692375308519));
#3625=CARTESIAN_POINT('Ctrl Pts',(-115.327628114466,249.140737036468,44.0733239940279));
#3626=CARTESIAN_POINT('Ctrl Pts',(-115.319455778983,249.184316082459,44.0774104572039));
#3627=CARTESIAN_POINT('Ctrl Pts',(-115.311283751832,249.227893484263,44.0814967662023));
#3628=CARTESIAN_POINT('Ctrl Pts',(-115.300209363353,249.270926373982,44.0855830752007));
#3629=CARTESIAN_POINT('Ctrl Pts',(-115.286330318013,249.313035091323,44.0896693841991));
#3630=CARTESIAN_POINT('Ctrl Pts',(-115.272451748305,249.355142365607,44.0937555531604));
#3631=CARTESIAN_POINT('Ctrl Pts',(-115.255768858913,249.396325092028,44.0978417221218));
#3632=CARTESIAN_POINT('Ctrl Pts',(-115.236428825584,249.436219958309,44.1019278910831));
#3633=CARTESIAN_POINT('Ctrl Pts',(-115.216082749808,249.478190101721,44.1062266170422));
#3634=CARTESIAN_POINT('Ctrl Pts',(-115.192795679006,249.518734193448,44.1105253430013));
#3635=CARTESIAN_POINT('Ctrl Pts',(-115.166794915593,249.557456487278,44.1148240689604));
#3636=CARTESIAN_POINT('Ctrl Pts',(-115.142074320573,249.594272257986,44.118911143707));
#3637=CARTESIAN_POINT('Ctrl Pts',(-115.114901337474,249.629441051076,44.1229982184536));
#3638=CARTESIAN_POINT('Ctrl Pts',(-115.085515791218,249.662652471735,44.1270852932002));
#3639=CARTESIAN_POINT('Ctrl Pts',(-115.056133034204,249.695860740003,44.1311719800063));
#3640=CARTESIAN_POINT('Ctrl Pts',(-115.024538441121,249.727111661587,44.1352586668124));
#3641=CARTESIAN_POINT('Ctrl Pts',(-114.991010808602,249.756129472475,44.1393453536185));
#3642=CARTESIAN_POINT('Ctrl Pts',(-114.957485894259,249.78514493081,44.1434317091058));
#3643=CARTESIAN_POINT('Ctrl Pts',(-114.922028603906,249.811927338526,44.1475180645931));
#3644=CARTESIAN_POINT('Ctrl Pts',(-114.884951768749,249.836240400835,44.1516044200804));
#3645=CARTESIAN_POINT('Ctrl Pts',(-114.847877426452,249.860551828456,44.1556905008217));
#3646=CARTESIAN_POINT('Ctrl Pts',(-114.809184143885,249.882393989791,44.159776581563));
#3647=CARTESIAN_POINT('Ctrl Pts',(-114.769213256856,249.90157420251,44.1638626623043));
#3648=CARTESIAN_POINT('Ctrl Pts',(-114.729235125686,249.920757891363,44.1679494835883));
#3649=CARTESIAN_POINT('Ctrl Pts',(-114.687979343096,249.937278465188,44.1720363048723));
#3650=CARTESIAN_POINT('Ctrl Pts',(-114.645809981768,249.950990133763,44.1761231261563));
#3651=CARTESIAN_POINT('Ctrl Pts',(-114.603647298774,249.964699630831,44.1802093002133));
#3652=CARTESIAN_POINT('Ctrl Pts',(-114.56057176639,249.97560097064,44.1842954742702));
#3653=CARTESIAN_POINT('Ctrl Pts',(-114.516963396095,249.983597981791,44.1883816483271));
#3654=CARTESIAN_POINT('Ctrl Pts',(-114.473352794074,249.9915954022,44.1924680315003));
#3655=CARTESIAN_POINT('Ctrl Pts',(-114.42920975415,249.99668811287,44.1965544146734));
#3656=CARTESIAN_POINT('Ctrl Pts',(-114.384923745084,249.998831181423,44.2006407978466));
#3657=CARTESIAN_POINT('Ctrl Pts',(-114.368824641396,249.999610241979,44.2021263032647));
#3658=CARTESIAN_POINT('Ctrl Pts',(-114.352706700226,250.,44.2036118086828));
#3659=CARTESIAN_POINT('Ctrl Pts',(-114.336588757587,250.,44.2050973141009));
#3660=CARTESIAN_POINT('',(-115.335218292342,249.052335956242,41.5971111047611));
#3661=CARTESIAN_POINT('Origin',(-123.,249.999999999999,39.7499999999999));
#3662=CARTESIAN_POINT('',(-113.,249.999999999999,42.1451310419967));
#3663=CARTESIAN_POINT('',(-113.,249.999999999999,42.6249999999999));
#3664=CARTESIAN_POINT('Origin',(-116.25,249.999999999999,41.4999999999999));
#3665=CARTESIAN_POINT('Origin',(-113.,249.,42.6249999999999));
#3666=CARTESIAN_POINT('',(-112.,248.999999999999,33.9999999999999));
#3667=CARTESIAN_POINT('',(-112.,249.,42.6249999999999));
#3668=CARTESIAN_POINT('',(-113.,249.999999999999,33.9999999999999));
#3669=CARTESIAN_POINT('Origin',(-113.,248.999999999999,33.9999999999999));
#3670=CARTESIAN_POINT('',(-113.,249.999999999999,40.854868958003));
#3671=CARTESIAN_POINT('',(-113.,249.999999999999,42.6249999999999));
#3672=CARTESIAN_POINT('Ctrl Pts',(-113.,249.999999999999,42.1451310419968));
#3673=CARTESIAN_POINT('Ctrl Pts',(-112.999437335139,249.999999999999,42.1394066222478));
#3674=CARTESIAN_POINT('Ctrl Pts',(-112.998882088261,249.999999525191,42.1336814798095));
#3675=CARTESIAN_POINT('Ctrl Pts',(-112.978367675385,249.999965353581,41.919264212646));
#3676=CARTESIAN_POINT('Ctrl Pts',(-112.968294378794,249.999497250413,41.7098543274578));
#3677=CARTESIAN_POINT('Ctrl Pts',(-112.968294378794,249.999497250413,41.290145672542));
#3678=CARTESIAN_POINT('Ctrl Pts',(-112.978367675385,249.999965353581,41.0807357873538));
#3679=CARTESIAN_POINT('Ctrl Pts',(-112.998882088261,249.999999525191,40.8663185201904));
#3680=CARTESIAN_POINT('Ctrl Pts',(-112.999437335139,249.999999999999,40.8605933777518));
#3681=CARTESIAN_POINT('Ctrl Pts',(-113.,249.999999999999,40.854868958003));
#3682=CARTESIAN_POINT('Origin',(-112.,-10.,45.5));
#3683=CARTESIAN_POINT('',(-112.,0.999999999999965,34.));
#3684=CARTESIAN_POINT('',(-112.,0.999999999999965,42.625));
#3685=CARTESIAN_POINT('',(-112.,-5.,34.));
#3686=CARTESIAN_POINT('Origin',(-113.,0.999999999999965,42.625));
#3687=CARTESIAN_POINT('',(-113.,-3.5527136788005E-14,42.625));
#3688=CARTESIAN_POINT('',(-113.,-3.5527136788005E-14,34.));
#3689=CARTESIAN_POINT('',(-113.,-3.5527136788005E-14,42.625));
#3690=CARTESIAN_POINT('Origin',(-113.,0.999999999999965,34.));
#3691=CARTESIAN_POINT('Origin',(-123.,-3.5527136788005E-14,39.75));
#3692=CARTESIAN_POINT('',(-114.336588757587,-3.5527136788005E-14,41.5971111047612));
#3693=CARTESIAN_POINT('Origin',(-133.,-3.5527136788005E-14,45.5));
#3694=CARTESIAN_POINT('Ctrl Pts',(-133.,0.499999999999958,45.5));
#3695=CARTESIAN_POINT('Ctrl Pts',(-133.5,0.499999999999958,45.5));
#3696=CARTESIAN_POINT('Ctrl Pts',(-133.5,0.999999999999965,45.5));
#3697=CARTESIAN_POINT('Ctrl Pts',(-133.,-4.94049245958195E-14,45.5));
#3698=CARTESIAN_POINT('Ctrl Pts',(-134.,-4.94049245958195E-14,45.5));
#3699=CARTESIAN_POINT('Ctrl Pts',(-134.,0.999999999999965,45.5));
#3700=CARTESIAN_POINT('Ctrl Pts',(-133.,-4.94049245958195E-14,45.));
#3701=CARTESIAN_POINT('Ctrl Pts',(-134.,-4.94049245958195E-14,45.));
#3702=CARTESIAN_POINT('Ctrl Pts',(-134.,0.999999999999965,45.));
#3703=CARTESIAN_POINT('',(-133.,-3.5527136788005E-14,45.));
#3704=CARTESIAN_POINT('',(-133.,0.499999999999965,45.5));
#3705=CARTESIAN_POINT('Origin',(-133.,0.499999999999965,45.));
#3706=CARTESIAN_POINT('',(-133.5,0.999999999999965,45.5));
#3707=CARTESIAN_POINT('Origin',(-133.,0.999999999999965,45.5));
#3708=CARTESIAN_POINT('',(-134.,0.999999999999965,45.));
#3709=CARTESIAN_POINT('Origin',(-133.5,0.999999999999965,45.));
#3710=CARTESIAN_POINT('Origin',(-133.,0.999999999999965,45.));
#3711=CARTESIAN_POINT('Origin',(-133.5,-5.00000000000005,45.));
#3712=CARTESIAN_POINT('',(-133.5,248.999999999999,45.5));
#3713=CARTESIAN_POINT('',(-134.,248.999999999999,45.));
#3714=CARTESIAN_POINT('Origin',(-133.5,248.999999999999,45.));
#3715=CARTESIAN_POINT('',(-134.,-5.00000000000005,45.));
#3716=CARTESIAN_POINT('',(-133.5,-5.00000000000005,45.5));
#3717=CARTESIAN_POINT('Ctrl Pts',(-133.,249.999999999999,44.9999999999998));
#3718=CARTESIAN_POINT('Ctrl Pts',(-134.,249.999999999999,44.9999999999998));
#3719=CARTESIAN_POINT('Ctrl Pts',(-134.,248.999999999999,44.9999999999998));
#3720=CARTESIAN_POINT('Ctrl Pts',(-133.,249.999999999999,45.4999999999998));
#3721=CARTESIAN_POINT('Ctrl Pts',(-134.,249.999999999999,45.4999999999998));
#3722=CARTESIAN_POINT('Ctrl Pts',(-134.,248.999999999999,45.4999999999998));
#3723=CARTESIAN_POINT('Ctrl Pts',(-133.,249.499999999999,45.4999999999998));
#3724=CARTESIAN_POINT('Ctrl Pts',(-133.5,249.499999999999,45.4999999999998));
#3725=CARTESIAN_POINT('Ctrl Pts',(-133.5,248.999999999999,45.4999999999998));
#3726=CARTESIAN_POINT('',(-133.,249.499999999999,45.5));
#3727=CARTESIAN_POINT('',(-133.,249.999999999999,44.9999999999998));
#3728=CARTESIAN_POINT('Origin',(-133.,249.499999999999,44.9999999999998));
#3729=CARTESIAN_POINT('Origin',(-133.,248.999999999999,44.9999999999998));
#3730=CARTESIAN_POINT('Origin',(-133.,248.999999999999,45.5));
#3731=CARTESIAN_POINT('Origin',(-128.,249.499999999999,45.));
#3732=CARTESIAN_POINT('',(-131.663411242413,249.499999999999,45.5));
#3733=CARTESIAN_POINT('',(-131.663411242413,249.999999999999,45.));
#3734=CARTESIAN_POINT('Origin',(-131.663411242413,249.499999999999,45.));
#3735=CARTESIAN_POINT('',(-128.,249.999999999999,45.));
#3736=CARTESIAN_POINT('',(-128.,249.499999999999,45.5));
#3737=CARTESIAN_POINT('Ctrl Pts',(-130.664781707659,249.052335956242,44.9999999999998));
#3738=CARTESIAN_POINT('Ctrl Pts',(-130.714446675698,249.999999999999,44.9999999999998));
#3739=CARTESIAN_POINT('Ctrl Pts',(-131.663411242413,249.999999999999,44.9999999999998));
#3740=CARTESIAN_POINT('Ctrl Pts',(-130.664781707659,249.052335956242,45.4999999999998));
#3741=CARTESIAN_POINT('Ctrl Pts',(-130.714446675698,249.999999999999,45.4999999999998));
#3742=CARTESIAN_POINT('Ctrl Pts',(-131.663411242413,249.999999999999,45.4999999999998));
#3743=CARTESIAN_POINT('Ctrl Pts',(-131.164096475036,249.026167978121,45.4999999999998));
#3744=CARTESIAN_POINT('Ctrl Pts',(-131.188928959056,249.499999999999,45.4999999999998));
#3745=CARTESIAN_POINT('Ctrl Pts',(-131.663411242413,249.499999999999,45.4999999999998));
#3746=CARTESIAN_POINT('',(-131.164096475036,249.026167978121,45.5));
#3747=CARTESIAN_POINT('',(-130.664781707659,249.052335956242,44.9999999999998));
#3748=CARTESIAN_POINT('Origin',(-131.164096475036,249.026167978121,44.9999999999998));
#3749=CARTESIAN_POINT('Origin',(-131.663411242413,248.999999999999,44.9999999999998));
#3750=CARTESIAN_POINT('Origin',(-131.663411242413,248.999999999999,45.5));
#3751=CARTESIAN_POINT('Origin',(-124.68364714479,125.371828509801,45.));
#3752=CARTESIAN_POINT('',(-131.063770596829,247.111836182729,45.5));
#3753=CARTESIAN_POINT('',(-130.564455829451,247.138004160851,45.));
#3754=CARTESIAN_POINT('Origin',(-131.063770596829,247.111836182729,45.));
#3755=CARTESIAN_POINT('',(-124.184332377413,125.397996487923,45.));
#3756=CARTESIAN_POINT('',(-124.68364714479,125.371828509801,45.5));
#3757=CARTESIAN_POINT('Origin',(-250.4,240.857689411698,44.9999999999999));
#3758=CARTESIAN_POINT('',(-130.9,240.857689411698,45.5));
#3759=CARTESIAN_POINT('',(-130.4,240.857689411698,44.9999999999999));
#3760=CARTESIAN_POINT('Origin',(-130.9,240.857689411698,44.9999999999999));
#3761=CARTESIAN_POINT('Origin',(-250.4,240.857689411698,44.9999999999999));
#3762=CARTESIAN_POINT('Origin',(-250.4,240.857689411698,45.5));
#3763=CARTESIAN_POINT('Origin',(-130.9,-1.77635683940025E-14,45.));
#3764=CARTESIAN_POINT('',(-130.9,9.14231058830195,45.5));
#3765=CARTESIAN_POINT('',(-130.4,9.14231058830195,45.));
#3766=CARTESIAN_POINT('Origin',(-130.9,9.14231058830195,45.));
#3767=CARTESIAN_POINT('',(-130.4,-1.77635683940025E-14,45.));
#3768=CARTESIAN_POINT('',(-130.9,-1.77635683940025E-14,45.5));
#3769=CARTESIAN_POINT('Origin',(-250.4,9.14231058830195,45.));
#3770=CARTESIAN_POINT('',(-131.063770596829,2.88816381727017,45.5));
#3771=CARTESIAN_POINT('',(-130.564455829451,2.86199583914869,45.));
#3772=CARTESIAN_POINT('Origin',(-131.063770596829,2.88816381727017,45.));
#3773=CARTESIAN_POINT('Origin',(-250.4,9.14231058830195,45.));
#3774=CARTESIAN_POINT('Origin',(-250.4,9.14231058830195,45.5));
#3775=CARTESIAN_POINT('Origin',(-131.216676099018,-0.0294469703186714,45.));
#3776=CARTESIAN_POINT('',(-131.164096475036,0.973832021878492,45.5));
#3777=CARTESIAN_POINT('',(-130.664781707659,0.947664043757021,45.));
#3778=CARTESIAN_POINT('Origin',(-131.164096475036,0.973832021878492,45.));
#3779=CARTESIAN_POINT('',(-130.717361331641,-0.0556149484401428,45.));
#3780=CARTESIAN_POINT('',(-131.216676099018,-0.0294469703186714,45.5));
#3781=CARTESIAN_POINT('Ctrl Pts',(-131.164096475036,0.973832021878492,45.5));
#3782=CARTESIAN_POINT('Ctrl Pts',(-131.188928959056,0.499999999999957,45.5));
#3783=CARTESIAN_POINT('Ctrl Pts',(-131.663411242413,0.499999999999957,45.5));
#3784=CARTESIAN_POINT('Ctrl Pts',(-130.664781707659,0.94766404375702,45.5));
#3785=CARTESIAN_POINT('Ctrl Pts',(-130.714446675698,-4.9960036108132E-14,
45.5));
#3786=CARTESIAN_POINT('Ctrl Pts',(-131.663411242413,-4.96824803519758E-14,
45.5));
#3787=CARTESIAN_POINT('Ctrl Pts',(-130.664781707659,0.94766404375702,45.));
#3788=CARTESIAN_POINT('Ctrl Pts',(-130.714446675698,-4.9960036108132E-14,
45.));
#3789=CARTESIAN_POINT('Ctrl Pts',(-131.663411242413,-4.96824803519758E-14,
45.));
#3790=CARTESIAN_POINT('',(-131.663411242413,0.499999999999964,45.5));
#3791=CARTESIAN_POINT('',(-131.663411242413,-3.5527136788005E-14,45.));
#3792=CARTESIAN_POINT('Origin',(-131.663411242413,0.499999999999964,45.));
#3793=CARTESIAN_POINT('Origin',(-131.663411242413,0.999999999999964,45.));
#3794=CARTESIAN_POINT('Origin',(-131.663411242413,0.999999999999964,45.5));
#3795=CARTESIAN_POINT('Origin',(-128.,0.499999999999964,45.));
#3796=CARTESIAN_POINT('',(-128.,0.499999999999964,45.5));
#3797=CARTESIAN_POINT('',(-128.,-3.5527136788005E-14,45.));
#3798=CARTESIAN_POINT('Origin',(-130.4,-3.18705502761741E-30,39.5557777904776));
#3799=CARTESIAN_POINT('',(-130.4,9.14231058830203,44.0651510676762));
#3800=CARTESIAN_POINT('',(-130.4,9.14231058830195,39.5557777904776));
#3801=CARTESIAN_POINT('',(-130.4,240.857689411697,44.0651510676761));
#3802=CARTESIAN_POINT('',(-130.4,259.999999999999,44.0651510676761));
#3803=CARTESIAN_POINT('',(-130.4,240.857689411698,39.5557777904775));
#3804=CARTESIAN_POINT('Origin',(-250.4,9.14231058830195,39.5557777904776));
#3805=CARTESIAN_POINT('',(-130.564455829451,2.86199583914877,44.0651510676762));
#3806=CARTESIAN_POINT('',(-130.564455829451,2.86199583914869,39.5557777904776));
#3807=CARTESIAN_POINT('Origin',(-250.4,9.142310588302,44.0651510676761));
#3808=CARTESIAN_POINT('Origin',(-130.714015737458,0.00822279147252081,39.5557777904776));
#3809=CARTESIAN_POINT('',(-130.664781707659,0.947664043757019,44.0651510676762));
#3810=CARTESIAN_POINT('',(-130.664781707659,0.947664043757021,39.6528888952388));
#3811=CARTESIAN_POINT('',(-130.4,5.99999999999941,44.0651510676762));
#3812=CARTESIAN_POINT('Origin',(-131.663411242413,0.999999999999964,39.6528888952388));
#3813=CARTESIAN_POINT('',(-131.663411242413,-3.5527136788005E-14,39.6528888952388));
#3814=CARTESIAN_POINT('Ctrl Pts',(-131.663411242413,-3.5527136788005E-14,
44.2050973141012));
#3815=CARTESIAN_POINT('Ctrl Pts',(-131.619072542424,-3.5527136788005E-14,
44.2010108509252));
#3816=CARTESIAN_POINT('Ctrl Pts',(-131.574734073579,0.00295322073421925,
44.1969243877492));
#3817=CARTESIAN_POINT('Ctrl Pts',(-131.530787044163,0.0088336052717688,
44.1928379245732));
#3818=CARTESIAN_POINT('Ctrl Pts',(-131.486841672819,0.0147137679491168,
44.1887516155748));
#3819=CARTESIAN_POINT('Ctrl Pts',(-131.443288169469,0.0235208119303346,
44.1846653065764));
#3820=CARTESIAN_POINT('Ctrl Pts',(-131.400510787551,0.0351770365328783,
44.180578997578));
#3821=CARTESIAN_POINT('Ctrl Pts',(-131.357734871607,0.0468328616788042,
44.1764928286167));
#3822=CARTESIAN_POINT('Ctrl Pts',(-131.315735469712,0.0613375503829624,
44.1724066596553));
#3823=CARTESIAN_POINT('Ctrl Pts',(-131.274883098821,0.0785631428923708,
44.168320490694));
#3824=CARTESIAN_POINT('Ctrl Pts',(-131.2319056427,0.0966847874892798,44.1640217647349));
#3825=CARTESIAN_POINT('Ctrl Pts',(-131.190198364123,0.117818030360183,44.1597230387758));
#3826=CARTESIAN_POINT('Ctrl Pts',(-131.150168363034,0.14175659235468,44.1554243128167));
#3827=CARTESIAN_POINT('Ctrl Pts',(-131.112109271081,0.164516520093708,44.1513372380701));
#3828=CARTESIAN_POINT('Ctrl Pts',(-131.075566551545,0.189811671147059,44.1472501633235));
#3829=CARTESIAN_POINT('Ctrl Pts',(-131.040862725321,0.217418794075278,44.1431630885769));
#3830=CARTESIAN_POINT('Ctrl Pts',(-131.006162193145,0.24502329656631,44.1390764017708));
#3831=CARTESIAN_POINT('Ctrl Pts',(-130.973300566622,0.274939043493178,44.1349897149647));
#3832=CARTESIAN_POINT('Ctrl Pts',(-130.942567822928,0.306902052676442,44.1309030281586));
#3833=CARTESIAN_POINT('Ctrl Pts',(-130.91183757082,0.338862470531925,44.1268166726713));
#3834=CARTESIAN_POINT('Ctrl Pts',(-130.883236176266,0.372869484982277,44.122730317184));
#3835=CARTESIAN_POINT('Ctrl Pts',(-130.857015982541,0.408623060260215,44.1186439616967));
#3836=CARTESIAN_POINT('Ctrl Pts',(-130.83079755173,0.444374231647531,44.1145578809554));
#3837=CARTESIAN_POINT('Ctrl Pts',(-130.806960274375,0.481871356015887,44.1104718002141));
#3838=CARTESIAN_POINT('Ctrl Pts',(-130.785714432877,0.520783649558892,44.1063857194728));
#3839=CARTESIAN_POINT('Ctrl Pts',(-130.764464740879,0.559702995389268,44.1022988981888));
#3840=CARTESIAN_POINT('Ctrl Pts',(-130.745807647094,0.60003761833488,44.0982120769048));
#3841=CARTESIAN_POINT('Ctrl Pts',(-130.729907796035,0.64143157473157,44.0941252556208));
#3842=CARTESIAN_POINT('Ctrl Pts',(-130.714010463024,0.682818975595747,44.0900390815638));
#3843=CARTESIAN_POINT('Ctrl Pts',(-130.700869663944,0.725264942416406,44.0859529075069));
#3844=CARTESIAN_POINT('Ctrl Pts',(-130.69060132666,0.768395017730129,44.08186673345));
#3845=CARTESIAN_POINT('Ctrl Pts',(-130.680332463878,0.811527300291577,44.0777803502768));
#3846=CARTESIAN_POINT('Ctrl Pts',(-130.672936464385,0.855343311831331,44.0736939671037));
#3847=CARTESIAN_POINT('Ctrl Pts',(-130.668478582201,0.899456468918834,44.0696075839305));
#3848=CARTESIAN_POINT('Ctrl Pts',(-130.666858027334,0.915492736465378,44.0681220785124));
#3849=CARTESIAN_POINT('Ctrl Pts',(-130.665625255599,0.931568190198665,44.0666365730943));
#3850=CARTESIAN_POINT('Ctrl Pts',(-130.664781707659,0.947664043757019,44.0651510676762));
#3851=CARTESIAN_POINT('Origin',(-123.,-3.5527136788005E-14,39.75));
#3852=CARTESIAN_POINT('',(-133.,-3.5527136788005E-14,36.875));
#3853=CARTESIAN_POINT('Origin',(-133.,0.999999999999965,36.875));
#3854=CARTESIAN_POINT('',(-134.,0.999999999999965,34.));
#3855=CARTESIAN_POINT('',(-134.,0.999999999999965,36.875));
#3856=CARTESIAN_POINT('',(-133.,-3.5527136788005E-14,34.));
#3857=CARTESIAN_POINT('Origin',(-133.,0.999999999999965,34.));
#3858=CARTESIAN_POINT('',(-133.,-3.5527136788005E-14,36.875));
#3859=CARTESIAN_POINT('Origin',(-133.,-3.5527136788005E-14,45.5));
#3860=CARTESIAN_POINT('Origin',(4.39999999999973,240.857689411698,43.4442222095223));
#3861=CARTESIAN_POINT('',(-115.435544170549,247.138004160851,44.0651510676759));
#3862=CARTESIAN_POINT('',(-115.435544170549,247.138004160851,43.4442222095222));
#3863=CARTESIAN_POINT('',(-115.6,240.857689411698,44.0651510676759));
#3864=CARTESIAN_POINT('Origin',(4.39999999999973,240.857689411698,44.0651510676759));
#3865=CARTESIAN_POINT('',(-115.6,240.857689411698,43.4442222095223));
#3866=CARTESIAN_POINT('Ctrl Pts',(-115.6,240.857689411697,44.0651510676759));
#3867=CARTESIAN_POINT('Ctrl Pts',(-115.6,240.857689411697,43.5193742447662));
#3868=CARTESIAN_POINT('Ctrl Pts',(-115.140983606558,240.857689411697,43.224117930733));
#3869=CARTESIAN_POINT('Ctrl Pts',(-115.6,244.,44.0651510676759));
#3870=CARTESIAN_POINT('Ctrl Pts',(-115.6,244.,43.5193742447662));
#3871=CARTESIAN_POINT('Ctrl Pts',(-115.140983606558,244.,43.224117930733));
#3872=CARTESIAN_POINT('Ctrl Pts',(-115.435544170549,247.138004160851,44.0651510676759));
#3873=CARTESIAN_POINT('Ctrl Pts',(-115.435544170549,247.138004160851,43.609130424873));
#3874=CARTESIAN_POINT('Ctrl Pts',(-115.052015698822,247.138004160851,43.3624307328648));
#3875=CARTESIAN_POINT('Origin',(-114.6,247.138004160851,44.0651510676759));
#3876=CARTESIAN_POINT('Origin',(-114.6,240.857689411697,44.0651510676759));
#3877=CARTESIAN_POINT('Origin',(-130.4,240.857689411697,-82.9000000000001));
#3878=CARTESIAN_POINT('',(-126.290040861914,240.857689411697,37.0999999999999));
#3879=CARTESIAN_POINT('',(-119.709959138087,240.857689411697,37.0999999999999));
#3880=CARTESIAN_POINT('Ctrl Pts',(-126.290040861914,240.857689411697,37.0999999999999));
#3881=CARTESIAN_POINT('Ctrl Pts',(-126.251314043598,241.0062429708,37.0999999999999));
#3882=CARTESIAN_POINT('Ctrl Pts',(-126.201955551922,241.153008446192,37.0997212904077));
#3883=CARTESIAN_POINT('Ctrl Pts',(-125.969243227458,241.712139618365,37.0976810201167));
#3884=CARTESIAN_POINT('Ctrl Pts',(-125.706497526097,242.09170903312,37.0940272179123));
#3885=CARTESIAN_POINT('Ctrl Pts',(-125.100924536182,242.689786781629,37.0863864133768));
#3886=CARTESIAN_POINT('Ctrl Pts',(-124.717928233003,242.947995350467,37.0819147040468));
#3887=CARTESIAN_POINT('Ctrl Pts',(-123.88032947533,243.28989818883,37.0754708056398));
#3888=CARTESIAN_POINT('Ctrl Pts',(-123.425738310817,243.373622438454,37.0736224384546));
#3889=CARTESIAN_POINT('Ctrl Pts',(-122.574261689183,243.373622438454,37.0736224384546));
#3890=CARTESIAN_POINT('Ctrl Pts',(-122.119670524671,243.28989818883,37.0754708056398));
#3891=CARTESIAN_POINT('Ctrl Pts',(-121.282071766997,242.947995350467,37.0819147040468));
#3892=CARTESIAN_POINT('Ctrl Pts',(-120.899075463819,242.689786781629,37.0863864133768));
#3893=CARTESIAN_POINT('Ctrl Pts',(-120.293502473903,242.09170903312,37.0940272179123));
#3894=CARTESIAN_POINT('Ctrl Pts',(-120.030756772543,241.712139618365,37.0976810201167));
#3895=CARTESIAN_POINT('Ctrl Pts',(-119.798044448078,241.153008446192,37.0997212904078));
#3896=CARTESIAN_POINT('Ctrl Pts',(-119.748685956403,241.0062429708,37.0999999999999));
#3897=CARTESIAN_POINT('Ctrl Pts',(-119.709959138087,240.857689411697,37.0999999999999));
#3898=CARTESIAN_POINT('',(-130.4,240.857689411697,37.0999999999999));
#3899=CARTESIAN_POINT('',(-130.4,247.138004160851,36.9355441705488));
#3900=CARTESIAN_POINT('',(-128.4,240.857689411697,37.0999999999999));
#3901=CARTESIAN_POINT('Origin',(-128.4,240.857689411697,-82.9000000000001));
#3902=CARTESIAN_POINT('',(-130.4,240.857689411697,37.0999999999999));
#3903=CARTESIAN_POINT('Origin',(-128.4,240.857689411697,39.0999999999999));
#3904=CARTESIAN_POINT('Origin',(-128.4,240.857689411697,39.0999999999999));
#3905=CARTESIAN_POINT('Ctrl Pts',(-130.859016393443,240.857689411697,43.2241179307331));
#3906=CARTESIAN_POINT('Ctrl Pts',(-130.4,240.857689411697,43.5193742447663));
#3907=CARTESIAN_POINT('Ctrl Pts',(-130.4,240.857689411697,44.0651510676761));
#3908=CARTESIAN_POINT('Ctrl Pts',(-130.859016393443,244.,43.2241179307331));
#3909=CARTESIAN_POINT('Ctrl Pts',(-130.4,244.,43.5193742447663));
#3910=CARTESIAN_POINT('Ctrl Pts',(-130.4,244.,44.0651510676761));
#3911=CARTESIAN_POINT('Ctrl Pts',(-130.947984301179,247.138004160851,43.362430732865));
#3912=CARTESIAN_POINT('Ctrl Pts',(-130.564455829451,247.138004160851,43.6091304248731));
#3913=CARTESIAN_POINT('Ctrl Pts',(-130.564455829451,247.138004160851,44.0651510676761));
#3914=CARTESIAN_POINT('',(-130.564455829451,247.138004160851,44.0651510676761));
#3915=CARTESIAN_POINT('Origin',(-131.4,247.138004160851,44.0651510676761));
#3916=CARTESIAN_POINT('Origin',(-250.4,240.857689411697,44.0651510676759));
#3917=CARTESIAN_POINT('Origin',(-131.4,240.857689411697,44.0651510676761));
#3918=CARTESIAN_POINT('Origin',(-250.4,240.857689411698,39.5557777904775));
#3919=CARTESIAN_POINT('',(-130.564455829451,247.138004160851,39.5557777904775));
#3920=CARTESIAN_POINT('Origin',(-115.285984262543,249.991777208527,43.4442222095222));
#3921=CARTESIAN_POINT('',(-115.6,244.,44.0651510676759));
#3922=CARTESIAN_POINT('Origin',(-114.6,244.,44.0651510676759));
#3923=CARTESIAN_POINT('Ctrl Pts',(-115.335218292342,249.052335956242,44.0651510676759));
#3924=CARTESIAN_POINT('Ctrl Pts',(-115.335218292342,249.052335956242,43.8202767794313));
#3925=CARTESIAN_POINT('Ctrl Pts',(-115.203688434197,249.052335956242,43.5792810965379));
#3926=CARTESIAN_POINT('Ctrl Pts',(-114.997741043398,249.052335956242,43.4468081209301));
#3927=CARTESIAN_POINT('Origin',(-130.4,249.991777208527,36.7859842625423));
#3928=CARTESIAN_POINT('',(-126.7,249.052335956242,36.8352182923414));
#3929=CARTESIAN_POINT('Origin',(-131.4,244.,44.0651510676761));
#3930=CARTESIAN_POINT('',(-130.664781707659,249.052335956242,44.0651510676761));
#3931=CARTESIAN_POINT('Ctrl Pts',(-131.002258956602,249.052335956242,43.4468081209303));
#3932=CARTESIAN_POINT('Ctrl Pts',(-130.796311565803,249.052335956242,43.579281096538));
#3933=CARTESIAN_POINT('Ctrl Pts',(-130.664781707659,249.052335956242,43.8202767794315));
#3934=CARTESIAN_POINT('Ctrl Pts',(-130.664781707659,249.052335956242,44.0651510676761));
#3935=CARTESIAN_POINT('',(-130.4,244.,44.0651510676761));
#3936=CARTESIAN_POINT('Origin',(-130.714015737458,249.991777208527,39.5557777904775));
#3937=CARTESIAN_POINT('',(-130.664781707659,249.052335956242,39.6528888952387));
#3938=CARTESIAN_POINT('Origin',(-133.,248.999999999999,36.8749999999999));
#3939=CARTESIAN_POINT('',(-133.,249.999999999999,36.8749999999999));
#3940=CARTESIAN_POINT('',(-133.,249.999999999999,33.9999999999999));
#3941=CARTESIAN_POINT('',(-133.,249.999999999999,36.8749999999999));
#3942=CARTESIAN_POINT('',(-134.,248.999999999999,33.9999999999999));
#3943=CARTESIAN_POINT('Origin',(-133.,248.999999999999,33.9999999999999));
#3944=CARTESIAN_POINT('',(-134.,248.999999999999,36.8749999999999));
#3945=CARTESIAN_POINT('Origin',(-123.,249.999999999999,39.7499999999999));
#3946=CARTESIAN_POINT('',(-131.663411242413,249.999999999999,39.6528888952387));
#3947=CARTESIAN_POINT('Origin',(-123.,249.999999999999,39.7499999999999));
#3948=CARTESIAN_POINT('',(-126.7,249.999999999999,35.8365887575868));
#3949=CARTESIAN_POINT('Origin',(-116.25,249.999999999999,41.4999999999999));
#3950=CARTESIAN_POINT('',(-118.,249.999999999999,33.9999999999999));
#3951=CARTESIAN_POINT('Origin',(-131.663411242413,248.999999999999,39.6528888952387));
#3952=CARTESIAN_POINT('Ctrl Pts',(-131.663411242413,249.999999999999,44.205097314101));
#3953=CARTESIAN_POINT('Ctrl Pts',(-131.619072542424,249.999999999999,44.2010108509251));
#3954=CARTESIAN_POINT('Ctrl Pts',(-131.574734073579,249.997046779265,44.1969243877491));
#3955=CARTESIAN_POINT('Ctrl Pts',(-131.530787044163,249.991166394728,44.1928379245731));
#3956=CARTESIAN_POINT('Ctrl Pts',(-131.486841672819,249.98528623205,44.1887516155747));
#3957=CARTESIAN_POINT('Ctrl Pts',(-131.443288169469,249.976479188069,44.1846653065763));
#3958=CARTESIAN_POINT('Ctrl Pts',(-131.400510787551,249.964822963467,44.1805789975779));
#3959=CARTESIAN_POINT('Ctrl Pts',(-131.357734871607,249.953167138321,44.1764928286166));
#3960=CARTESIAN_POINT('Ctrl Pts',(-131.315735469712,249.938662449617,44.1724066596552));
#3961=CARTESIAN_POINT('Ctrl Pts',(-131.274883098821,249.921436857107,44.1683204906938));
#3962=CARTESIAN_POINT('Ctrl Pts',(-131.2319056427,249.90331521251,44.1640217647348));
#3963=CARTESIAN_POINT('Ctrl Pts',(-131.190198364123,249.882181969639,44.1597230387757));
#3964=CARTESIAN_POINT('Ctrl Pts',(-131.150168363034,249.858243407645,44.1554243128166));
#3965=CARTESIAN_POINT('Ctrl Pts',(-131.112109271081,249.835483479906,44.15133723807));
#3966=CARTESIAN_POINT('Ctrl Pts',(-131.075566551546,249.810188328852,44.1472501633234));
#3967=CARTESIAN_POINT('Ctrl Pts',(-131.040862725321,249.782581205924,44.1431630885767));
#3968=CARTESIAN_POINT('Ctrl Pts',(-131.006162193145,249.754976703433,44.1390764017707));
#3969=CARTESIAN_POINT('Ctrl Pts',(-130.973300566622,249.725060956506,44.1349897149646));
#3970=CARTESIAN_POINT('Ctrl Pts',(-130.942567822928,249.693097947323,44.1309030281585));
#3971=CARTESIAN_POINT('Ctrl Pts',(-130.91183757082,249.661137529468,44.1268166726712));
#3972=CARTESIAN_POINT('Ctrl Pts',(-130.883236176266,249.627130515017,44.1227303171839));
#3973=CARTESIAN_POINT('Ctrl Pts',(-130.857015982541,249.591376939739,44.1186439616966));
#3974=CARTESIAN_POINT('Ctrl Pts',(-130.83079755173,249.555625768352,44.1145578809553));
#3975=CARTESIAN_POINT('Ctrl Pts',(-130.806960274376,249.518128643984,44.110471800214));
#3976=CARTESIAN_POINT('Ctrl Pts',(-130.785714432877,249.479216350441,44.1063857194727));
#3977=CARTESIAN_POINT('Ctrl Pts',(-130.764464740879,249.44029700461,44.1022988981887));
#3978=CARTESIAN_POINT('Ctrl Pts',(-130.745807647094,249.399962381665,44.0982120769047));
#3979=CARTESIAN_POINT('Ctrl Pts',(-130.729907796035,249.358568425268,44.0941252556207));
#3980=CARTESIAN_POINT('Ctrl Pts',(-130.714010463024,249.317181024404,44.0900390815637));
#3981=CARTESIAN_POINT('Ctrl Pts',(-130.700869663944,249.274735057583,44.0859529075068));
#3982=CARTESIAN_POINT('Ctrl Pts',(-130.69060132666,249.231604982269,44.0818667334499));
#3983=CARTESIAN_POINT('Ctrl Pts',(-130.680332463878,249.188472699708,44.0777803502767));
#3984=CARTESIAN_POINT('Ctrl Pts',(-130.672936464385,249.144656688168,44.0736939671035));
#3985=CARTESIAN_POINT('Ctrl Pts',(-130.668478582201,249.100543531081,44.0696075839304));
#3986=CARTESIAN_POINT('Ctrl Pts',(-130.666858027334,249.084507263534,44.0681220785123));
#3987=CARTESIAN_POINT('Ctrl Pts',(-130.665625255599,249.068431809801,44.0666365730942));
#3988=CARTESIAN_POINT('Ctrl Pts',(-130.664781707659,249.052335956242,44.0651510676761));
#3989=CARTESIAN_POINT('Origin',(-126.7,248.999999999999,35.8365887575868));
#3990=CARTESIAN_POINT('Origin',(-116.25,249.,41.4999999999999));
#3991=CARTESIAN_POINT('Ctrl Pts',(-114.336588757587,250.,44.2050973141008));
#3992=CARTESIAN_POINT('Ctrl Pts',(-114.365622364938,250.,44.1714148570519));
#3993=CARTESIAN_POINT('Ctrl Pts',(-114.394521016175,249.997056627033,44.1376271961934));
#3994=CARTESIAN_POINT('Ctrl Pts',(-114.423061786042,249.991195764897,44.1040546386046));
#3995=CARTESIAN_POINT('Ctrl Pts',(-114.451601929692,249.985335031354,44.0704828176363));
#3996=CARTESIAN_POINT('Ctrl Pts',(-114.479783951765,249.976556997551,44.037126470643));
#3997=CARTESIAN_POINT('Ctrl Pts',(-114.507393770169,249.964938853466,44.0043036632615));
#3998=CARTESIAN_POINT('Ctrl Pts',(-114.535003397986,249.95332078958,43.9714810824508));
#3999=CARTESIAN_POINT('Ctrl Pts',(-114.562040589621,249.938862774996,43.9391924099716));
#4000=CARTESIAN_POINT('Ctrl Pts',(-114.588303822454,249.921691945075,43.9077478063233));
#4001=CARTESIAN_POINT('Ctrl Pts',(-114.614567224523,249.904521004507,43.8763030000511));
#4002=CARTESIAN_POINT('Ctrl Pts',(-114.640056437044,249.884637391411,43.8457026388133));
#4003=CARTESIAN_POINT('Ctrl Pts',(-114.664585951501,249.862215952949,43.8162434233502));
#4004=CARTESIAN_POINT('Ctrl Pts',(-114.689123547465,249.839787127508,43.7867745022376));
#4005=CARTESIAN_POINT('Ctrl Pts',(-114.712700614313,249.814819034218,43.7584478283148));
#4006=CARTESIAN_POINT('Ctrl Pts',(-114.735150639422,249.787531375086,43.7315415520644));
#4007=CARTESIAN_POINT('Ctrl Pts',(-114.757599573657,249.760245041897,43.704636583224));
#4008=CARTESIAN_POINT('Ctrl Pts',(-114.778921405072,249.730639651529,43.6791521985354));
#4009=CARTESIAN_POINT('Ctrl Pts',(-114.798971589996,249.69897568576,43.6553426104369));
#4010=CARTESIAN_POINT('Ctrl Pts',(-114.819021085746,249.667312808361,43.6315338407334));
#4011=CARTESIAN_POINT('Ctrl Pts',(-114.837798881416,249.633591825525,43.6094000473029));
#4012=CARTESIAN_POINT('Ctrl Pts',(-114.855184731414,249.598109409552,43.5891668696356));
#4013=CARTESIAN_POINT('Ctrl Pts',(-114.872570186115,249.562627800332,43.5689341520035));
#4014=CARTESIAN_POINT('Ctrl Pts',(-114.888563649247,249.525385205982,43.5506022234344));
#4015=CARTESIAN_POINT('Ctrl Pts',(-114.903071044248,249.486709266568,43.5343639981544));
#4016=CARTESIAN_POINT('Ctrl Pts',(-114.917582061553,249.448023670283,43.518121718404));
#4017=CARTESIAN_POINT('Ctrl Pts',(-114.930606191502,249.407904413263,43.5039744092427));
#4018=CARTESIAN_POINT('Ctrl Pts',(-114.942076861305,249.366704618695,43.4920787853222));
#4019=CARTESIAN_POINT('Ctrl Pts',(-114.953545963596,249.325510454242,43.4801847869859));
#4020=CARTESIAN_POINT('Ctrl Pts',(-114.963461989571,249.283236475244,43.4705420336432));
#4021=CARTESIAN_POINT('Ctrl Pts',(-114.971786838072,249.240254668983,43.4632678703769));
#4022=CARTESIAN_POINT('Ctrl Pts',(-114.980112433663,249.197269005448,43.4559930543126));
#4023=CARTESIAN_POINT('Ctrl Pts',(-114.986846559272,249.153575833276,43.4510873826595));
#4024=CARTESIAN_POINT('Ctrl Pts',(-114.991979913703,249.109559696681,43.4486266296063));
#4025=CARTESIAN_POINT('Ctrl Pts',(-114.994198674351,249.090534851803,43.4475630322817));
#4026=CARTESIAN_POINT('Ctrl Pts',(-114.996118747528,249.071449789349,43.446955651474));
#4027=CARTESIAN_POINT('Ctrl Pts',(-114.997741043398,249.052335956242,43.4468081209301));
#4028=CARTESIAN_POINT('Ctrl Pts',(-115.335218292342,249.052335956242,44.0651510676759));
#4029=CARTESIAN_POINT('Ctrl Pts',(-115.335218292342,249.052335956242,43.8202767794313));
#4030=CARTESIAN_POINT('Ctrl Pts',(-115.203688434197,249.052335956242,43.5792810965379));
#4031=CARTESIAN_POINT('Ctrl Pts',(-114.997741043398,249.052335956242,43.4468081209301));
#4032=CARTESIAN_POINT('Ctrl Pts',(-115.320081373567,249.341165572405,44.0918074955664));
#4033=CARTESIAN_POINT('Ctrl Pts',(-115.323219494595,249.338076769141,43.8461736958891));
#4034=CARTESIAN_POINT('Ctrl Pts',(-115.179291854002,249.338094167918,43.5805152384176));
#4035=CARTESIAN_POINT('Ctrl Pts',(-114.973226489422,249.341165572405,43.4490374587154));
#4036=CARTESIAN_POINT('Ctrl Pts',(-115.060256619429,249.829450117153,44.1384562443747));
#4037=CARTESIAN_POINT('Ctrl Pts',(-115.049933041731,249.849157174268,43.9716612358716));
#4038=CARTESIAN_POINT('Ctrl Pts',(-114.933457558837,249.848959536281,43.7499338327095));
#4039=CARTESIAN_POINT('Ctrl Pts',(-114.803062436365,249.829450117153,43.6480840748886));
#4040=CARTESIAN_POINT('Ctrl Pts',(-114.553508250335,249.999999999999,44.185104993183));
#4041=CARTESIAN_POINT('Ctrl Pts',(-114.526688148168,250.0033694238,44.1391455546366));
#4042=CARTESIAN_POINT('Ctrl Pts',(-114.500814372791,250.003451191455,44.0885920914822));
#4043=CARTESIAN_POINT('Ctrl Pts',(-114.478867778906,249.999999999999,44.0400366322945));
#4044=CARTESIAN_POINT('Ctrl Pts',(-114.336588757587,249.999999999999,44.2050973141009));
#4045=CARTESIAN_POINT('Ctrl Pts',(-114.336588757587,249.999999999999,44.2050973141009));
#4046=CARTESIAN_POINT('Ctrl Pts',(-114.336588757587,249.999999999999,44.2050973141009));
#4047=CARTESIAN_POINT('Ctrl Pts',(-114.336588757587,249.999999999999,44.2050973141009));
#4048=CARTESIAN_POINT('Ctrl Pts',(-131.002258956602,249.052335956242,43.4468081209303));
#4049=CARTESIAN_POINT('Ctrl Pts',(-130.796311565803,249.052335956242,43.579281096538));
#4050=CARTESIAN_POINT('Ctrl Pts',(-130.664781707659,249.052335956242,43.8202767794315));
#4051=CARTESIAN_POINT('Ctrl Pts',(-130.664781707659,249.052335956242,44.0651510676761));
#4052=CARTESIAN_POINT('Ctrl Pts',(-131.026773510579,249.341165572405,43.4490374587156));
#4053=CARTESIAN_POINT('Ctrl Pts',(-130.820708145999,249.338094167918,43.5805152384177));
#4054=CARTESIAN_POINT('Ctrl Pts',(-130.676780505406,249.338076769141,43.8461736958893));
#4055=CARTESIAN_POINT('Ctrl Pts',(-130.679918626433,249.341165572405,44.0918074955666));
#4056=CARTESIAN_POINT('Ctrl Pts',(-131.196938127666,249.829449073021,43.6480847002191));
#4057=CARTESIAN_POINT('Ctrl Pts',(-131.066543005194,249.848958492149,43.74993445804));
#4058=CARTESIAN_POINT('Ctrl Pts',(-130.950067788867,249.849156130136,43.9716612358718));
#4059=CARTESIAN_POINT('Ctrl Pts',(-130.939744211168,249.829449073021,44.1384562443749));
#4060=CARTESIAN_POINT('Ctrl Pts',(-131.521132221094,249.999999999999,44.0400366322946));
#4061=CARTESIAN_POINT('Ctrl Pts',(-131.499185627209,250.003451191455,44.0885920914824));
#4062=CARTESIAN_POINT('Ctrl Pts',(-131.473311851832,250.0033694238,44.1391455546368));
#4063=CARTESIAN_POINT('Ctrl Pts',(-131.446491749665,249.999999999999,44.1851049931832));
#4064=CARTESIAN_POINT('Ctrl Pts',(-131.663411242413,249.999999999999,44.2050973141011));
#4065=CARTESIAN_POINT('Ctrl Pts',(-131.663411242413,249.999999999999,44.2050973141011));
#4066=CARTESIAN_POINT('Ctrl Pts',(-131.663411242413,249.999999999999,44.2050973141011));
#4067=CARTESIAN_POINT('Ctrl Pts',(-131.663411242413,249.999999999999,44.2050973141011));
#4068=CARTESIAN_POINT('Origin',(-123.,239.999999999999,36.2249999999999));
#4069=CARTESIAN_POINT('',(-121.35,239.999999999999,35.3499999999999));
#4070=CARTESIAN_POINT('Origin',(-123.,239.999999999999,35.3499999999999));
#4071=CARTESIAN_POINT('',(-119.6,239.999999999999,37.0999999999999));
#4072=CARTESIAN_POINT('',(-120.475,239.999999999999,36.2249999999999));
#4073=CARTESIAN_POINT('Origin',(-123.,239.999999999999,37.0999999999999));
#4074=CARTESIAN_POINT('Origin',(-123.,239.999999999999,37.0999999999999));
#4075=CARTESIAN_POINT('Origin',(-123.,239.999999999999,37.0999999999999));
#4076=CARTESIAN_POINT('',(-121.35,239.999999999999,33.9999999999999));
#4077=CARTESIAN_POINT('',(-121.35,239.999999999999,37.0999999999999));
#4078=CARTESIAN_POINT('Origin',(-123.,239.999999999999,33.9999999999999));
#4079=CARTESIAN_POINT('Origin',(-123.,147.999999999999,36.225));
#4080=CARTESIAN_POINT('',(-121.35,147.999999999999,35.35));
#4081=CARTESIAN_POINT('Origin',(-123.,147.999999999999,35.35));
#4082=CARTESIAN_POINT('',(-119.6,147.999999999999,37.1));
#4083=CARTESIAN_POINT('',(-120.475,147.999999999999,36.225));
#4084=CARTESIAN_POINT('Origin',(-123.,147.999999999999,37.1));
#4085=CARTESIAN_POINT('Origin',(-123.,147.999999999999,37.1));
#4086=CARTESIAN_POINT('',(-121.35,147.999999999999,34.));
#4087=CARTESIAN_POINT('',(-121.35,147.999999999999,37.1));
#4088=CARTESIAN_POINT('Origin',(-123.,147.999999999999,34.));
#4089=CARTESIAN_POINT('Origin',(-123.,193.999999999999,36.2249999999999));
#4090=CARTESIAN_POINT('',(-121.35,193.999999999999,35.3499999999999));
#4091=CARTESIAN_POINT('Origin',(-123.,193.999999999999,35.3499999999999));
#4092=CARTESIAN_POINT('',(-119.6,193.999999999999,37.0999999999999));
#4093=CARTESIAN_POINT('',(-120.475,193.999999999999,36.2249999999999));
#4094=CARTESIAN_POINT('Origin',(-123.,193.999999999999,37.0999999999999));
#4095=CARTESIAN_POINT('Origin',(-123.,193.999999999999,37.0999999999999));
#4096=CARTESIAN_POINT('',(-121.35,193.999999999999,33.9999999999999));
#4097=CARTESIAN_POINT('',(-121.35,193.999999999999,37.0999999999999));
#4098=CARTESIAN_POINT('Origin',(-123.,193.999999999999,33.9999999999999));
#4099=CARTESIAN_POINT('Origin',(4.39999999999973,9.1423105883017,43.4442222095224));
#4100=CARTESIAN_POINT('',(-115.6,9.1423105883017,44.0651510676761));
#4101=CARTESIAN_POINT('',(-115.6,9.1423105883017,43.4442222095224));
#4102=CARTESIAN_POINT('',(-115.435544170549,2.86199583914844,44.0651510676761));
#4103=CARTESIAN_POINT('Origin',(4.39999999999973,9.1423105883017,44.0651510676761));
#4104=CARTESIAN_POINT('',(-115.435544170549,2.86199583914844,43.4442222095224));
#4105=CARTESIAN_POINT('Ctrl Pts',(-115.6,9.14231058830203,44.0651510676761));
#4106=CARTESIAN_POINT('Ctrl Pts',(-115.6,9.14231058830203,43.5193742447663));
#4107=CARTESIAN_POINT('Ctrl Pts',(-115.140983606558,9.14231058830203,43.2241179307331));
#4108=CARTESIAN_POINT('Ctrl Pts',(-115.6,5.99999999999937,44.0651510676761));
#4109=CARTESIAN_POINT('Ctrl Pts',(-115.6,5.99999999999937,43.5193742447663));
#4110=CARTESIAN_POINT('Ctrl Pts',(-115.140983606558,5.99999999999937,43.2241179307331));
#4111=CARTESIAN_POINT('Ctrl Pts',(-115.435544170549,2.86199583914844,44.0651510676761));
#4112=CARTESIAN_POINT('Ctrl Pts',(-115.435544170549,2.86199583914844,43.6091304248731));
#4113=CARTESIAN_POINT('Ctrl Pts',(-115.052015698822,2.86199583914844,43.3624307328649));
#4114=CARTESIAN_POINT('Origin',(-114.6,9.14231058830203,44.0651510676761));
#4115=CARTESIAN_POINT('Origin',(-114.6,2.86199583914877,44.0651510676761));
#4116=CARTESIAN_POINT('Origin',(-130.4,9.14231058830195,-82.9));
#4117=CARTESIAN_POINT('',(-126.290040861914,9.14231058830195,37.1));
#4118=CARTESIAN_POINT('',(-119.709959138087,9.14231058830195,37.1));
#4119=CARTESIAN_POINT('Ctrl Pts',(-126.290040861914,9.14231058830195,37.1));
#4120=CARTESIAN_POINT('Ctrl Pts',(-126.251314043598,8.99375702919943,37.1));
#4121=CARTESIAN_POINT('Ctrl Pts',(-126.201955551922,8.84699155380747,37.0997212904079));
#4122=CARTESIAN_POINT('Ctrl Pts',(-125.969243227458,8.28786038163403,37.0976810201168));
#4123=CARTESIAN_POINT('Ctrl Pts',(-125.706497526097,7.90829096687974,37.0940272179124));
#4124=CARTESIAN_POINT('Ctrl Pts',(-125.100924536182,7.31021321837007,37.0863864133769));
#4125=CARTESIAN_POINT('Ctrl Pts',(-124.717928233003,7.05200464953201,37.0819147040469));
#4126=CARTESIAN_POINT('Ctrl Pts',(-123.88032947533,6.71010181116975,37.0754708056399));
#4127=CARTESIAN_POINT('Ctrl Pts',(-123.425738310817,6.6263775615453,37.0736224384547));
#4128=CARTESIAN_POINT('Ctrl Pts',(-122.574261689183,6.6263775615453,37.0736224384547));
#4129=CARTESIAN_POINT('Ctrl Pts',(-122.119670524671,6.71010181116975,37.0754708056399));
#4130=CARTESIAN_POINT('Ctrl Pts',(-121.282071766997,7.052004649532,37.0819147040469));
#4131=CARTESIAN_POINT('Ctrl Pts',(-120.899075463819,7.31021321837004,37.0863864133769));
#4132=CARTESIAN_POINT('Ctrl Pts',(-120.293502473903,7.90829096687973,37.0940272179124));
#4133=CARTESIAN_POINT('Ctrl Pts',(-120.030756772543,8.28786038163403,37.0976810201168));
#4134=CARTESIAN_POINT('Ctrl Pts',(-119.798044448078,8.84699155380747,37.0997212904079));
#4135=CARTESIAN_POINT('Ctrl Pts',(-119.748685956403,8.99375702919943,37.1));
#4136=CARTESIAN_POINT('Ctrl Pts',(-119.709959138087,9.14231058830195,37.1));
#4137=CARTESIAN_POINT('',(-130.4,9.14231058830195,37.1));
#4138=CARTESIAN_POINT('',(-130.4,2.86199583914869,36.9355441705489));
#4139=CARTESIAN_POINT('',(-130.4,9.14231058830195,37.1));
#4140=CARTESIAN_POINT('Ctrl Pts',(-130.859016393443,9.14231058830203,43.2241179307332));
#4141=CARTESIAN_POINT('Ctrl Pts',(-130.4,9.14231058830203,43.5193742447664));
#4142=CARTESIAN_POINT('Ctrl Pts',(-130.4,9.14231058830203,44.0651510676762));
#4143=CARTESIAN_POINT('Ctrl Pts',(-130.859016393443,5.99999999999945,43.2241179307332));
#4144=CARTESIAN_POINT('Ctrl Pts',(-130.4,5.99999999999945,43.5193742447664));
#4145=CARTESIAN_POINT('Ctrl Pts',(-130.4,5.99999999999945,44.0651510676762));
#4146=CARTESIAN_POINT('Ctrl Pts',(-130.947984301179,2.86199583914877,43.3624307328651));
#4147=CARTESIAN_POINT('Ctrl Pts',(-130.564455829451,2.86199583914877,43.6091304248732));
#4148=CARTESIAN_POINT('Ctrl Pts',(-130.564455829451,2.86199583914877,44.0651510676762));
#4149=CARTESIAN_POINT('Origin',(-131.4,9.14231058830203,44.0651510676762));
#4150=CARTESIAN_POINT('Origin',(-131.4,2.86199583914877,44.0651510676762));
#4151=CARTESIAN_POINT('Origin',(-115.285984262543,0.00822279147252081,43.4442222095224));
#4152=CARTESIAN_POINT('',(-115.335218292342,0.947664043757019,44.0651510676761));
#4153=CARTESIAN_POINT('',(-115.6,5.99999999999941,44.0651510676761));
#4154=CARTESIAN_POINT('',(-115.335218292342,0.947664043757021,41.5971111047612));
#4155=CARTESIAN_POINT('Origin',(-114.6,5.99999999999941,44.0651510676761));
#4156=CARTESIAN_POINT('Ctrl Pts',(-115.335218292342,0.94766404375702,44.0651510676761));
#4157=CARTESIAN_POINT('Ctrl Pts',(-115.335218292342,0.94766404375702,43.8202767794314));
#4158=CARTESIAN_POINT('Ctrl Pts',(-115.203688434197,0.947664043757021,43.579281096538));
#4159=CARTESIAN_POINT('Ctrl Pts',(-114.997741043398,0.947664043757021,43.4468081209303));
#4160=CARTESIAN_POINT('Origin',(-130.4,0.00822279147252192,36.7859842625424));
#4161=CARTESIAN_POINT('',(-126.7,0.947664043757021,36.8352182923415));
#4162=CARTESIAN_POINT('Origin',(-131.4,5.99999999999941,44.0651510676762));
#4163=CARTESIAN_POINT('Ctrl Pts',(-131.002258956602,0.947664043757021,43.4468081209304));
#4164=CARTESIAN_POINT('Ctrl Pts',(-130.796311565803,0.94766404375702,43.5792810965382));
#4165=CARTESIAN_POINT('Ctrl Pts',(-130.664781707659,0.94766404375702,43.8202767794316));
#4166=CARTESIAN_POINT('Ctrl Pts',(-130.664781707659,0.94766404375702,44.0651510676762));
#4167=CARTESIAN_POINT('Origin',(-115.6,-2.83978684106453E-30,43.4442222095224));
#4168=CARTESIAN_POINT('',(-115.6,259.999999999999,44.0651510676759));
#4169=CARTESIAN_POINT('Origin',(-123.,-3.5527136788005E-14,39.75));
#4170=CARTESIAN_POINT('',(-118.,-3.5527136788005E-14,34.));
#4171=CARTESIAN_POINT('',(-126.7,-3.5527136788005E-14,35.8365887575869));
#4172=CARTESIAN_POINT('Origin',(-113.,-3.5527136788005E-14,34.));
#4173=CARTESIAN_POINT('',(-134.,255.,33.9999999999999));
#4174=CARTESIAN_POINT('',(-121.35,10.,34.));
#4175=CARTESIAN_POINT('Origin',(-123.,10.,34.));
#4176=CARTESIAN_POINT('',(-121.35,102.,34.));
#4177=CARTESIAN_POINT('Origin',(-123.,102.,34.));
#4178=CARTESIAN_POINT('',(-121.35,56.,34.));
#4179=CARTESIAN_POINT('Origin',(-123.,56.,34.));
#4180=CARTESIAN_POINT('Origin',(-134.,-10.0000000000001,34.));
#4181=CARTESIAN_POINT('Origin',(-126.7,0.999999999999964,35.8365887575869));
#4182=CARTESIAN_POINT('Origin',(-114.336588757587,0.999999999999964,41.5971111047612));
#4183=CARTESIAN_POINT('Ctrl Pts',(-115.335218292342,0.947664043757019,44.0651510676761));
#4184=CARTESIAN_POINT('Ctrl Pts',(-115.332897784079,0.903386108414992,44.069237530852));
#4185=CARTESIAN_POINT('Ctrl Pts',(-115.327628114466,0.859262963531311,44.073323994028));
#4186=CARTESIAN_POINT('Ctrl Pts',(-115.319455778983,0.815683917540195,44.077410457204));
#4187=CARTESIAN_POINT('Ctrl Pts',(-115.311283751832,0.772106515736777,44.0814967662024));
#4188=CARTESIAN_POINT('Ctrl Pts',(-115.300209363353,0.729073626017626,44.0855830752008));
#4189=CARTESIAN_POINT('Ctrl Pts',(-115.286330318013,0.686964908676271,44.0896693841992));
#4190=CARTESIAN_POINT('Ctrl Pts',(-115.272451748305,0.644857634392715,44.0937555531605));
#4191=CARTESIAN_POINT('Ctrl Pts',(-115.255768858913,0.603674907971371,44.0978417221219));
#4192=CARTESIAN_POINT('Ctrl Pts',(-115.236428825584,0.563780041690599,44.1019278910833));
#4193=CARTESIAN_POINT('Ctrl Pts',(-115.216082749808,0.521809898278319,44.1062266170423));
#4194=CARTESIAN_POINT('Ctrl Pts',(-115.192795679006,0.481265806551456,44.1105253430014));
#4195=CARTESIAN_POINT('Ctrl Pts',(-115.166794915593,0.442543512721144,44.1148240689605));
#4196=CARTESIAN_POINT('Ctrl Pts',(-115.142074320573,0.4057277420132,44.1189111437071));
#4197=CARTESIAN_POINT('Ctrl Pts',(-115.114901337474,0.370558948923283,44.1229982184537));
#4198=CARTESIAN_POINT('Ctrl Pts',(-115.085515791218,0.337347528264402,44.1270852932004));
#4199=CARTESIAN_POINT('Ctrl Pts',(-115.056133034204,0.304139259996369,44.1311719800064));
#4200=CARTESIAN_POINT('Ctrl Pts',(-115.024538441121,0.272888338412566,44.1352586668125));
#4201=CARTESIAN_POINT('Ctrl Pts',(-114.991010808602,0.243870527524816,44.1393453536186));
#4202=CARTESIAN_POINT('Ctrl Pts',(-114.957485894259,0.214855069189641,44.1434317091059));
#4203=CARTESIAN_POINT('Ctrl Pts',(-114.922028603906,0.188072661473709,44.1475180645932));
#4204=CARTESIAN_POINT('Ctrl Pts',(-114.884951768749,0.163759599164393,44.1516044200805));
#4205=CARTESIAN_POINT('Ctrl Pts',(-114.847877426452,0.139448171543124,44.1556905008218));
#4206=CARTESIAN_POINT('Ctrl Pts',(-114.809184143885,0.117606010208458,44.1597765815631));
#4207=CARTESIAN_POINT('Ctrl Pts',(-114.769213256856,0.0984257974897137,
44.1638626623044));
#4208=CARTESIAN_POINT('Ctrl Pts',(-114.729235125686,0.0792421086363217,
44.1679494835884));
#4209=CARTESIAN_POINT('Ctrl Pts',(-114.687979343096,0.0627215348116014,
44.1720363048724));
#4210=CARTESIAN_POINT('Ctrl Pts',(-114.645809981768,0.0490098662362546,
44.1761231261564));
#4211=CARTESIAN_POINT('Ctrl Pts',(-114.603647298774,0.0353003691684691,
44.1802093002134));
#4212=CARTESIAN_POINT('Ctrl Pts',(-114.56057176639,0.0243990293593795,44.1842954742703));
#4213=CARTESIAN_POINT('Ctrl Pts',(-114.516963396095,0.0164020182089687,
44.1883816483272));
#4214=CARTESIAN_POINT('Ctrl Pts',(-114.473352794074,0.00840459779925017,
44.1924680315004));
#4215=CARTESIAN_POINT('Ctrl Pts',(-114.42920975415,0.00331188712934703,
44.1965544146736));
#4216=CARTESIAN_POINT('Ctrl Pts',(-114.384923745084,0.00116881857654361,
44.2006407978467));
#4217=CARTESIAN_POINT('Ctrl Pts',(-114.368824641396,0.000389758020638119,
44.2021263032648));
#4218=CARTESIAN_POINT('Ctrl Pts',(-114.352706700226,-3.55280315135564E-14,
44.2036118086829));
#4219=CARTESIAN_POINT('Ctrl Pts',(-114.336588757587,-3.5527136788005E-14,
44.205097314101));
#4220=CARTESIAN_POINT('Ctrl Pts',(-115.335218292342,0.94766404375702,44.0651510676761));
#4221=CARTESIAN_POINT('Ctrl Pts',(-115.335218292342,0.94766404375702,43.8202767794314));
#4222=CARTESIAN_POINT('Ctrl Pts',(-115.203688434197,0.947664043757021,43.579281096538));
#4223=CARTESIAN_POINT('Ctrl Pts',(-114.997741043398,0.947664043757021,43.4468081209303));
#4224=CARTESIAN_POINT('Ctrl Pts',(-115.320081373567,0.658834427594353,44.0918074955665));
#4225=CARTESIAN_POINT('Ctrl Pts',(-115.323219494595,0.661923230858321,43.8461736958892));
#4226=CARTESIAN_POINT('Ctrl Pts',(-115.179291854002,0.661905832081419,43.5805152384177));
#4227=CARTESIAN_POINT('Ctrl Pts',(-114.973226489422,0.658834427594354,43.4490374587156));
#4228=CARTESIAN_POINT('Ctrl Pts',(-115.060287600841,0.170510936546355,44.1384562443748));
#4229=CARTESIAN_POINT('Ctrl Pts',(-115.049964023142,0.150803879431194,43.9716612358718));
#4230=CARTESIAN_POINT('Ctrl Pts',(-114.93347859726,0.151001517418748,43.749910507773));
#4231=CARTESIAN_POINT('Ctrl Pts',(-114.803083474788,0.170510936546355,43.6480607499521));
#4232=CARTESIAN_POINT('Ctrl Pts',(-114.553508250335,-3.5527136788005E-14,
44.1851049931831));
#4233=CARTESIAN_POINT('Ctrl Pts',(-114.526688148168,-0.00336942380034112,
44.1391455546367));
#4234=CARTESIAN_POINT('Ctrl Pts',(-114.500814372791,-0.00345119145563182,
44.0885920914823));
#4235=CARTESIAN_POINT('Ctrl Pts',(-114.478867778906,-3.56734776230814E-14,
44.0400366322946));
#4236=CARTESIAN_POINT('Ctrl Pts',(-114.336588757587,-3.5527136788005E-14,
44.205097314101));
#4237=CARTESIAN_POINT('Ctrl Pts',(-114.336588757587,-3.5527136788005E-14,
44.205097314101));
#4238=CARTESIAN_POINT('Ctrl Pts',(-114.336588757587,-3.58046925441613E-14,
44.205097314101));
#4239=CARTESIAN_POINT('Ctrl Pts',(-114.336588757587,-3.58046925441613E-14,
44.205097314101));
#4240=CARTESIAN_POINT('Ctrl Pts',(-131.002258956602,0.947664043757021,43.4468081209304));
#4241=CARTESIAN_POINT('Ctrl Pts',(-130.796311565803,0.94766404375702,43.5792810965382));
#4242=CARTESIAN_POINT('Ctrl Pts',(-130.664781707659,0.94766404375702,43.8202767794316));
#4243=CARTESIAN_POINT('Ctrl Pts',(-130.664781707659,0.94766404375702,44.0651510676762));
#4244=CARTESIAN_POINT('Ctrl Pts',(-131.026773510579,0.658834427594353,43.4490374587157));
#4245=CARTESIAN_POINT('Ctrl Pts',(-130.820708145999,0.661905832081421,43.5805152384178));
#4246=CARTESIAN_POINT('Ctrl Pts',(-130.676780505406,0.661923230858321,43.8461736958894));
#4247=CARTESIAN_POINT('Ctrl Pts',(-130.679918626433,0.658834427594353,44.0918074955667));
#4248=CARTESIAN_POINT('Ctrl Pts',(-131.196919476469,0.17051639990874,43.6480640219596));
#4249=CARTESIAN_POINT('Ctrl Pts',(-131.066524353997,0.151006980781128,43.7499137797805));
#4250=CARTESIAN_POINT('Ctrl Pts',(-130.950040322911,0.150809342793576,43.9716612358719));
#4251=CARTESIAN_POINT('Ctrl Pts',(-130.939716745212,0.170516399908741,44.138456244375));
#4252=CARTESIAN_POINT('Ctrl Pts',(-131.521132221094,-3.63477988660297E-14,
44.0400366322948));
#4253=CARTESIAN_POINT('Ctrl Pts',(-131.499185627209,-0.00345119145563269,
44.0885920914825));
#4254=CARTESIAN_POINT('Ctrl Pts',(-131.473311851832,-0.00336942380034165,
44.1391455546369));
#4255=CARTESIAN_POINT('Ctrl Pts',(-131.446491749665,-3.54669295341703E-14,
44.1851049931833));
#4256=CARTESIAN_POINT('Ctrl Pts',(-131.663411242413,-3.58046925441613E-14,
44.2050973141012));
#4257=CARTESIAN_POINT('Ctrl Pts',(-131.663411242413,-3.58046925441613E-14,
44.2050973141012));
#4258=CARTESIAN_POINT('Ctrl Pts',(-131.663411242413,-3.5527136788005E-14,
44.2050973141012));
#4259=CARTESIAN_POINT('Ctrl Pts',(-131.663411242413,-3.5527136788005E-14,
44.2050973141012));
#4260=CARTESIAN_POINT('Origin',(-114.6,-10.,44.0651510676761));
#4261=CARTESIAN_POINT('',(-115.140983606558,-10.,43.2241179307331));
#4262=CARTESIAN_POINT('Origin',(-116.25,-10.,41.5));
#4263=CARTESIAN_POINT('Origin',(-130.4,-3.18705502761741E-30,37.1));
#4264=CARTESIAN_POINT('',(-128.4,249.999999999999,37.0999999999999));
#4265=CARTESIAN_POINT('',(-119.6,10.,37.1));
#4266=CARTESIAN_POINT('Origin',(-123.,10.,37.1));
#4267=CARTESIAN_POINT('Origin',(-123.,10.,37.1));
#4268=CARTESIAN_POINT('',(-119.6,102.,37.1));
#4269=CARTESIAN_POINT('Origin',(-123.,102.,37.1));
#4270=CARTESIAN_POINT('',(-119.6,56.,37.1));
#4271=CARTESIAN_POINT('Origin',(-123.,56.,37.1));
#4272=CARTESIAN_POINT('Origin',(-123.,10.,36.225));
#4273=CARTESIAN_POINT('',(-121.35,10.,35.35));
#4274=CARTESIAN_POINT('Origin',(-123.,10.,35.35));
#4275=CARTESIAN_POINT('',(-120.475,10.,36.225));
#4276=CARTESIAN_POINT('Origin',(-123.,10.,37.1));
#4277=CARTESIAN_POINT('',(-121.35,10.,37.1));
#4278=CARTESIAN_POINT('Origin',(-123.,102.,36.225));
#4279=CARTESIAN_POINT('',(-121.35,102.,35.35));
#4280=CARTESIAN_POINT('Origin',(-123.,102.,35.35));
#4281=CARTESIAN_POINT('',(-120.475,102.,36.225));
#4282=CARTESIAN_POINT('Origin',(-123.,102.,37.1));
#4283=CARTESIAN_POINT('',(-121.35,102.,37.1));
#4284=CARTESIAN_POINT('Origin',(-123.,56.,36.225));
#4285=CARTESIAN_POINT('',(-121.35,56.,35.35));
#4286=CARTESIAN_POINT('Origin',(-123.,56.,35.35));
#4287=CARTESIAN_POINT('',(-120.475,56.,36.225));
#4288=CARTESIAN_POINT('Origin',(-123.,56.,37.1));
#4289=CARTESIAN_POINT('',(-121.35,56.,37.1));
#4290=CARTESIAN_POINT('Origin',(-128.4,-3.14012689429945E-30,39.1));
#4291=CARTESIAN_POINT('Origin',(-131.4,-10.,44.0651510676762));
#4292=UNCERTAINTY_MEASURE_WITH_UNIT(LENGTH_MEASURE(0.01),#4296,
'DISTANCE_ACCURACY_VALUE',
'Maximum model space distance between geometric entities at asserted c
onnectivities');
#4293=UNCERTAINTY_MEASURE_WITH_UNIT(LENGTH_MEASURE(0.01),#4296,
'DISTANCE_ACCURACY_VALUE',
'Maximum model space distance between geometric entities at asserted c
onnectivities');
#4294=(
GEOMETRIC_REPRESENTATION_CONTEXT(3)
GLOBAL_UNCERTAINTY_ASSIGNED_CONTEXT((#4292))
GLOBAL_UNIT_ASSIGNED_CONTEXT((#4296,#4298,#4299))
REPRESENTATION_CONTEXT('','3D')
);
#4295=(
GEOMETRIC_REPRESENTATION_CONTEXT(3)
GLOBAL_UNCERTAINTY_ASSIGNED_CONTEXT((#4293))
GLOBAL_UNIT_ASSIGNED_CONTEXT((#4296,#4298,#4299))
REPRESENTATION_CONTEXT('','3D')
);
#4296=(
LENGTH_UNIT()
NAMED_UNIT(*)
SI_UNIT(.MILLI.,.METRE.)
);
#4297=(
LENGTH_UNIT()
NAMED_UNIT(*)
SI_UNIT($,.METRE.)
);
#4298=(
NAMED_UNIT(*)
PLANE_ANGLE_UNIT()
SI_UNIT($,.RADIAN.)
);
#4299=(
NAMED_UNIT(*)
SI_UNIT($,.STERADIAN.)
SOLID_ANGLE_UNIT()
);
#4300=SHAPE_DEFINITION_REPRESENTATION(#4301,#4302);
#4301=PRODUCT_DEFINITION_SHAPE('',$,#4304);
#4302=SHAPE_REPRESENTATION('',(#1962),#4294);
#4303=PRODUCT_DEFINITION_CONTEXT('part definition',#4308,'design');
#4304=PRODUCT_DEFINITION('Linear_rail_1','Linear_rail_1',#4305,#4303);
#4305=PRODUCT_DEFINITION_FORMATION('',$,#4310);
#4306=PRODUCT_RELATED_PRODUCT_CATEGORY('Linear_rail_1','Linear_rail_1',
(#4310));
#4307=APPLICATION_PROTOCOL_DEFINITION('international standard',
'automotive_design',2009,#4308);
#4308=APPLICATION_CONTEXT(
'Core Data for Automotive Mechanical Design Process');
#4309=PRODUCT_CONTEXT('part definition',#4308,'mechanical');
#4310=PRODUCT('Linear_rail_1','Linear_rail_1',$,(#4309));
#4311=PRESENTATION_STYLE_ASSIGNMENT((#4313));
#4312=PRESENTATION_STYLE_ASSIGNMENT((#4314));
#4313=SURFACE_STYLE_USAGE(.BOTH.,#4315);
#4314=SURFACE_STYLE_USAGE(.BOTH.,#4316);
#4315=SURFACE_SIDE_STYLE('',(#4317));
#4316=SURFACE_SIDE_STYLE('',(#4318));
#4317=SURFACE_STYLE_FILL_AREA(#4319);
#4318=SURFACE_STYLE_FILL_AREA(#4320);
#4319=FILL_AREA_STYLE('Steel - Satin',(#4321));
#4320=FILL_AREA_STYLE('ABS (White) (1)',(#4322));
#4321=FILL_AREA_STYLE_COLOUR('Steel - Satin',#4323);
#4322=FILL_AREA_STYLE_COLOUR('ABS (White) (1)',#4324);
#4323=COLOUR_RGB('Steel - Satin',0.627450980392157,0.627450980392157,0.627450980392157);
#4324=COLOUR_RGB('ABS (White) (1)',0.494117647058824,0.494117647058824,
0.494117647058824);
ENDSEC;
END-ISO-10303-21;
